id,email,name,segment,acquisition_channel,registration_date,country,city,is_active,lifetime_value
998f42ac-720e-47c9-bb12-e3652f25a80a,figueroajohn@example.org,Megan Mcclain,Standard,Referral,2024-06-08 15:49:39.010782,BT,Johnsonland,True,50.02
fcecd6a9-e560-46aa-bbac-160c5276d445,hoffmanjennifer@example.net,Connie Lawrence,Premium,Referral,2023-03-05 14:13:33.551356,AF,Lake Roberto,True,446.42
ccd590d9-07fc-43ee-9098-feb95d478307,susanrogers@example.org,Ian Cooper,Standard,Paid Search,2023-05-09 11:54:08.713293,IN,Lake Stephenville,True,1353.4
76e9b4b4-e015-4ab3-afe6-d20fe53ea7a8,smiller@example.net,Shannon Ray,Premium,Social Media,2025-06-09 06:56:22.784006,MA,North Donnaport,True,173.88
3dcc0b4a-cb2c-4e13-9193-84ee2bacd492,michellejames@example.com,Holly Wood,Standard,Referral,2025-06-22 13:17:17.287030,GE,Jacquelineland,True,59.59
6b34492f-dae7-436b-9535-33827ea23bf3,amandasanchez@example.com,William Bowman,Standard,Social Media,2024-05-06 11:07:50.005743,TH,Lake Mark,True,1010.71
eb1d2b52-3916-4b6f-9a92-058dd986b783,perezantonio@example.com,Austin Gentry,Premium,Paid Search,2024-10-27 21:11:57.199894,TN,Jasonfort,False,397.68
7a2c3d97-4bbd-4c95-8617-70035c9a13ff,ithomas@example.org,Kimberly Burgess,Basic,Direct,2023-09-15 12:41:05.364849,NP,Coxberg,True,1089.88
e9c971e1-693a-4b5a-ac5b-027f8453b506,camposmichelle@example.org,Rebecca Henderson,Standard,Email,2024-01-18 07:47:51.203820,BI,Jamesmouth,True,1178.53
38b737ba-8dc0-4848-8933-b22874cac399,frazierdanny@example.net,Patricia Peterson,Premium,Email,2024-02-08 18:54:36.106319,KE,Mooretown,True,13.0
f14351b6-4a28-4873-895d-eb42d1bab18c,teresa28@example.org,Elizabeth Fowler,Standard,Referral,2025-05-19 03:24:23.252134,UZ,East Nathaniel,True,1396.28
b40bc471-0494-4991-aa1b-8929b600218f,georgetracy@example.org,Sherry Decker,Standard,Organic Search,2023-01-02 00:56:31.816951,KP,North John,True,310.96
2f4f9eef-a1d6-4ae7-9606-1295c2e55865,millertodd@example.org,Kim Martinez,Standard,Paid Search,2024-03-21 16:35:10.869273,KM,Arroyoburgh,True,673.19
fe77394a-5c34-4dc5-9f05-54b83416525f,ibrandt@example.net,Michelle Ross,Premium,Email,2023-04-25 10:54:37.193534,SV,Samuelhaven,False,193.43
97a30dd6-8237-4cc0-aa47-b55b9d27e970,jeffreymorgan@example.net,Leah Smith,Standard,Direct,2023-11-15 17:29:57.914616,KN,East Carloston,True,1207.45
d23c2cda-8446-447d-b70a-f9848cb085ac,palmerjoshua@example.com,Carlos Walls,Premium,Direct,2025-02-04 22:42:53.146185,TO,Sanchezfort,True,1459.46
fb4ef0ed-72dd-4eaf-97c2-692679d371bb,clintonhopkins@example.com,John Daniel,Premium,Email,2024-12-09 19:36:59.737944,GQ,North Richardmouth,True,1946.23
c2f61222-e3e3-4f2d-9991-4d82826e3169,wrightjames@example.com,Clifford Ford,Standard,Social Media,2024-12-02 06:02:50.526519,BO,Mortonside,True,1104.08
12db3a08-8486-430b-9588-e931d4b1df1b,novaksara@example.org,John Lewis,Basic,Referral,2022-10-24 07:22:30.663861,MZ,East Nicholasfurt,True,1237.04
ac618f5b-f519-4b72-bb42-28479fa2672e,smitchell@example.net,Kristi Higgins MD,Standard,Paid Search,2023-04-25 14:45:39.679394,KE,North Beth,True,1154.7
2235c64b-3b66-4f16-a325-83776cd866b5,brian97@example.net,Kim Brown,Basic,Email,2024-02-23 02:54:03.490705,SE,Port Jacobland,True,91.65
b21e3959-ba6d-4788-b83e-b146520d6b2b,richarddavid@example.net,Kristopher Harvey,Standard,Paid Search,2024-07-17 20:53:43.893910,NL,Sarahborough,True,578.78
5eac7310-05c8-4fee-be17-d5eee6ef17d9,john62@example.net,Joyce Hickman,Standard,Referral,2024-07-11 20:36:48.334462,BN,South Christineshire,False,465.58
1e1eb3da-83b0-4ace-84a9-0932d4e7ff28,medinawilliam@example.org,Shirley Suarez,Standard,Email,2025-07-04 11:16:08.906503,MN,Ericside,True,555.95
ae5073b2-c618-4c7b-823d-5debda7b975f,contrerasangela@example.net,Shawn Baker,Standard,Email,2024-08-17 21:49:42.044326,CD,West Juan,True,729.66
825222ad-5db4-4f62-b37f-ec62e128a515,james48@example.com,Terry Williams,Standard,Social Media,2023-02-24 19:37:44.231541,ZW,Calderonton,True,419.01
1f8c3e85-d4a5-416c-9abd-9c17530877d0,danagreen@example.net,Michael Hoffman,Basic,Email,2022-07-12 21:53:02.123444,CG,Lake Rebeccaside,True,1873.31
df4139f3-c713-4db6-b7e9-1427d211804d,brandi26@example.org,Jacob Fitzpatrick,Premium,Email,2022-08-17 12:05:02.324072,BB,Jasonbury,True,1218.26
a8dea0a4-58f6-427f-8fe4-9cba78f732b8,kimberly69@example.net,Timothy Hancock,Standard,Direct,2024-07-08 19:10:35.707016,EE,Johnsonmouth,True,1458.25
18a294a9-3659-4ad6-8858-2df791b1c9d7,vpham@example.org,Richard Rodriguez,Standard,Email,2024-11-12 07:16:43.326688,AZ,Walkermouth,True,758.91
9553a32b-3ad6-419a-be41-6a11f6ee2717,jeffreykeller@example.com,Sean Rasmussen,Premium,Paid Search,2023-07-27 03:42:26.771247,IT,Darlenefurt,True,1280.0
b325ca84-085d-434c-9d5c-004b3f299941,sheila14@example.org,Victoria Johnson,Basic,Paid Search,2024-07-22 14:07:12.604935,UG,Reedmouth,True,1369.23
5eaa9bfd-61f2-4063-bb87-cce482a7df57,cruzbarbara@example.com,Jeffrey Meyer,Standard,Email,2023-10-30 04:36:50.755958,SO,West Ryan,True,1552.0
d7db113d-095b-44db-bb23-933e12536495,cindy14@example.net,Jason Powell,Standard,Direct,2025-05-13 17:27:35.952797,KE,East Robert,True,64.2
05fb8574-ba12-495d-8709-06aeca7f7bd3,christinaturner@example.net,Elizabeth Clark,Premium,Organic Search,2025-05-04 09:38:55.303670,TT,Stevenmouth,True,535.48
ee0e33a7-1632-4613-82ca-3b968152b003,yleon@example.net,Bradley Robertson,Basic,Referral,2024-07-18 07:48:01.696571,ZW,Clarencebury,True,1885.82
f3ad632c-f16a-4bac-9087-f9201b9d7b97,lindsayhernandez@example.org,John Atkinson,Standard,Paid Search,2024-07-15 05:20:17.073147,BN,Perryshire,True,629.36
03ea3498-b4cb-444a-9aa1-93727aac58e1,psnyder@example.org,Abigail Potter,Standard,Paid Search,2023-02-07 01:45:35.304677,CD,Robinsonhaven,True,791.26
aff2d062-5f3c-40a8-8a45-bf8ab05dd711,samanthamartinez@example.org,Mary Travis,Basic,Email,2023-11-30 01:02:25.199020,UG,Stephaniemouth,True,917.7
7fe65df6-a939-43ce-9e91-60a479d8588f,jrivas@example.com,Natasha Wells,Standard,Organic Search,2024-05-10 07:43:53.827539,IL,Port Dana,True,493.26
4ed4b4b9-a571-4ea7-b1dd-77d9785fe198,rsims@example.com,Dustin Nelson,Standard,Referral,2024-10-25 03:27:31.781659,LB,East Edwardfurt,True,525.48
eef225e1-8f35-4e1f-bf29-b3b05e19dbc0,calebrussell@example.net,Antonio Wall,Premium,Organic Search,2024-08-07 09:38:04.071912,MW,Port Nicoleshire,True,1795.65
047a5c80-1878-47f7-ace9-f176c0b4e024,benderkenneth@example.com,Tiffany Barnes,Basic,Email,2023-08-29 19:37:42.127841,AE,South Jeffrey,True,438.64
0f483c20-5461-4023-9ae5-d36bb1525b83,priceelizabeth@example.com,Sara Calhoun,Standard,Social Media,2023-10-29 13:56:33.506218,VU,South Brittanytown,True,1019.05
ccba9453-d994-4fc8-9550-2ea057eeed8b,dtaylor@example.org,James Lewis,Premium,Social Media,2022-10-09 00:13:54.703949,LR,Kathleenfurt,False,94.23
e668f982-dbcc-4563-8b9b-209743de8b2f,fking@example.com,Joshua Cooke,Basic,Social Media,2023-05-09 22:02:02.679902,MG,Lake Casey,True,1254.89
53a7ecf6-2660-409f-80f1-df911eacacaf,websterstefanie@example.org,Lisa Allen,Premium,Paid Search,2025-05-22 22:38:58.130244,PY,New Staciemouth,True,844.32
9e51e1a4-05dc-413e-bbe4-85bd5d321d2f,gary91@example.org,Ashley Johnson,Premium,Organic Search,2024-08-13 10:40:05.316587,KR,Sandersborough,False,763.24
ffb6f070-ae73-4659-97c1-af36728957ed,curtisbarton@example.net,Barbara Riggs,Standard,Paid Search,2022-09-30 07:08:33.364670,BB,Amandastad,True,1058.23
8b0f1876-f16a-4174-833b-a869c20a6a64,alexander67@example.org,Jack Snow,Premium,Direct,2022-09-22 14:00:59.589316,PK,South Gregory,True,1721.56
182848d6-ee88-4660-9ca1-ee7ec8644eb6,christina87@example.com,Nicholas Adams,Standard,Social Media,2024-01-31 17:09:44.055989,HN,West Nicolebury,False,1441.44
0f0adcff-1ef6-483d-87ca-d484c1d40c9c,frogers@example.com,Daniel Salinas,Standard,Direct,2024-10-08 08:07:36.699629,LV,Nicoleview,True,1073.94
fe75e4c0-6151-4160-afee-2e89a1fe58df,christophercortez@example.com,Cynthia Alvarez,Basic,Organic Search,2024-03-09 00:26:03.217681,LC,Westtown,True,1281.92
69443d90-f64d-4e7b-809a-b7960dd2c4fe,richardsanchez@example.net,Kara Schmidt,Standard,Direct,2022-10-18 23:41:31.052108,NO,Michaelmouth,True,869.53
fc4d1c29-f3c7-48b3-853d-c716da30b613,jerry35@example.org,Tiffany Vaughn,Basic,Referral,2023-05-01 21:00:25.492453,FI,Lake Todd,True,1907.63
50adeb1e-df90-4291-b70e-e474d480caf8,tina34@example.org,Eric Erickson,Standard,Direct,2024-09-09 23:15:23.767159,CN,Brandonton,True,526.78
2a345803-3eb8-443d-88ca-e85d1a9058ad,danamullins@example.org,Laura Harrison,Standard,Organic Search,2024-03-06 08:28:39.485489,OM,Jackton,True,357.3
b1c08ae8-30cf-4881-a8dc-efad67191a57,ewilson@example.com,Kenneth Parks Jr.,Basic,Paid Search,2023-04-11 16:08:12.743475,TM,Christopherbury,True,1741.04
b3467743-11bc-4ade-b5cd-6132dffe1459,yobrien@example.net,Joseph Hayes,Premium,Referral,2022-11-15 19:35:45.032484,PA,Michellechester,True,1277.9
5834bd4e-8fe5-4745-ae7c-df3995b8fa14,lynchjody@example.org,Deborah Miller,Standard,Organic Search,2023-06-08 15:18:42.248805,GY,New Charles,True,305.68
23a33880-4dbb-46de-9a29-1c54e436a4fb,enorris@example.com,Dwayne Campbell,Standard,Email,2022-07-11 23:00:22.215365,PH,Lake Jesusview,True,1078.76
ed8438d4-c9f6-42dd-882b-97e2f359c6d7,ronaldstephens@example.net,Derek Thomas,Basic,Referral,2024-11-18 06:22:34.150876,BH,Port Kyle,True,1060.71
1336d9df-d368-435b-8928-62024a563971,scott74@example.net,Dillon Fernandez,Standard,Referral,2024-10-06 16:11:34.331537,OM,New Billchester,False,648.31
737d3787-76f0-4e87-865e-a1f01a08cfce,anthony39@example.net,Yvonne Chambers,Standard,Social Media,2024-09-20 20:53:10.300505,IQ,Port Katelynfort,False,1858.2
53443dd5-db8a-46f6-8a0b-3e832ab28552,lmoon@example.net,Robert Costa,Standard,Email,2024-01-28 15:58:45.770775,PW,Rickymouth,True,1663.33
899d87ef-5c20-405f-a0cc-897438911313,marksteele@example.com,Jennifer Hodges,Basic,Referral,2024-07-12 07:19:49.734141,AZ,Millerview,True,115.85
40315882-b9f2-4a2d-b7ba-61a94a4dd8d9,ahancock@example.net,Julia Brown,Standard,Referral,2023-06-28 05:51:47.587696,SI,Cindyfort,True,1893.9
dbf22bec-2e03-4ac6-af46-6e8b6c6eb005,harrisandrea@example.com,Michael Martinez,Basic,Email,2024-05-24 07:11:26.703886,ZM,Lake Eric,False,971.98
8eef7ee1-59cf-4c45-a8e3-7093b0106062,hdavis@example.com,Maria Moore,Standard,Email,2024-03-03 14:12:34.367456,VC,Williamview,False,1521.2
ff162b55-46ed-408e-a57b-b6803782eb12,pbaird@example.com,Janet Weeks,Basic,Social Media,2023-10-07 06:54:28.187681,SE,Port Chad,True,256.78
22a9c965-f75e-4054-8488-64587ac6ff44,ymorgan@example.net,Aaron Barber,Standard,Email,2024-11-01 15:53:46.526960,TZ,Grimesmouth,True,1099.61
ac2ec8fd-7e82-4837-aeeb-c2c28ad6d599,martin86@example.com,Sheila Pollard,Standard,Direct,2024-02-19 03:50:46.315986,GY,Hallchester,True,1744.87
3230326b-e30a-4042-b8c8-609caa3e41bd,zthornton@example.com,Matthew Hoover,Premium,Organic Search,2022-08-25 20:26:49.884180,CZ,Hannaberg,True,423.6
20a8c740-7e33-4498-ba86-a9b2bf0da3b1,molly71@example.net,Alexis Thomas,Standard,Organic Search,2024-01-10 09:31:58.659647,TD,North Terrance,True,1459.86
673dbe01-0af2-4ab8-bb4b-b56e0ae4477d,cindy61@example.com,Shannon James,Basic,Organic Search,2025-06-05 00:03:40.300816,LB,Brennanton,True,623.43
a5f4f731-0dd9-4c59-a89c-004ce0b45c8a,crystalmccall@example.org,Jessica Garcia,Standard,Direct,2024-05-15 14:08:46.661498,ZW,South Garrettport,True,1299.76
318bae3e-145c-45c5-9eb9-dd1f16a08d0e,nguyenbrian@example.com,Charles Schmidt,Standard,Organic Search,2025-03-24 22:14:14.866524,TM,East Gregory,True,1035.15
3f729fe2-4192-4b90-a435-17d1cd812377,pharvey@example.com,Briana Murray,Standard,Organic Search,2024-05-06 20:37:05.239029,IE,Scotttown,True,449.39
9c83ddf9-388d-490a-9405-7ac660180c66,rsantana@example.net,Jeremy Reed,Premium,Email,2025-03-19 23:29:28.669044,TZ,Daniellechester,True,1176.62
a8ef2902-e582-4559-8225-ff5e0bf7a7b2,mbruce@example.com,Ashley James,Standard,Social Media,2024-08-03 10:00:34.809811,MK,Victoriaport,True,440.43
fab5b945-3d99-4e8d-810c-e84ff20b6bcc,khill@example.net,Valerie Lozano,Standard,Organic Search,2022-08-02 01:35:37.292801,CH,Wallport,False,1262.21
b82b1c26-c131-4af0-87a7-2d568cd3a3d0,catherinegomez@example.net,David Campos,Standard,Direct,2024-11-05 00:31:10.893176,KM,Lake Colton,True,1810.84
a710f0b4-0dc1-41fb-a5f6-62c60e4d9c5c,parkerscott@example.net,Carlos Browning,Basic,Email,2024-05-26 13:05:00.578296,LR,Thompsonberg,True,141.71
28e40dbe-fa60-4c22-915f-688f93e8c85e,alyssa42@example.com,Terry Coffey,Standard,Paid Search,2024-11-16 19:47:22.414923,KE,Lindamouth,True,1337.96
6c8b7c41-c2b6-4bc6-97a4-2c95c545f1f2,karenperez@example.net,Veronica Coffey,Basic,Referral,2025-05-29 02:06:59.317702,TH,Christopherfurt,True,264.62
cb6e5130-2651-4d19-ad19-ff28875d6a0f,gibsonemily@example.net,James Little,Standard,Organic Search,2022-07-24 06:39:52.973483,MR,Lake Jesustown,True,1142.09
806e2dda-0517-4494-940d-3bf1b045bf30,rose31@example.net,Susan Turner,Standard,Paid Search,2024-05-17 21:02:21.768854,NE,East Brandonton,True,1569.24
8b47680c-7fee-41bd-9170-081a43766d4d,pwilson@example.net,Jesse Santiago,Standard,Direct,2023-06-07 12:36:09.508816,CH,Matthewsberg,True,380.82
674f7e16-7c78-4a5c-8c1c-0069109bed49,basschristina@example.com,Jacob Ramos,Premium,Organic Search,2025-03-05 04:36:58.087840,GW,Corystad,False,862.1
85901ad3-63de-435b-9ed5-4fe410c1df19,bruce43@example.org,Samantha Davis,Standard,Direct,2024-02-25 14:36:47.355414,GH,North Kristinbury,True,934.05
0cc14b72-7d52-41cc-aa7a-8090f5f4b8f7,caseyhubbard@example.org,Robin Hall,Premium,Email,2025-06-26 11:56:31.650882,CY,West Micheleberg,True,1346.73
3bfc66df-1f7a-4b11-8cb9-e1a33d806eca,lauren10@example.org,Richard Young,Standard,Direct,2025-06-25 01:55:26.310025,LI,East Josephberg,True,196.84
bc84b08d-667a-4f5c-87d7-a7e3df9c0f98,reesethomas@example.com,Ashley Gordon,Standard,Email,2024-09-28 17:48:33.729205,VE,Lake Kristahaven,True,678.61
0bac6f56-a353-4054-ae00-1b16a7990601,browntimothy@example.com,Brian Joseph,Premium,Social Media,2023-06-04 12:41:56.988198,PA,North Marcberg,True,497.31
257d0797-3711-4933-b8cc-4ad9bf492cc4,claudia98@example.net,Zachary Schmidt,Standard,Direct,2022-09-18 23:54:21.690320,PH,Garciaville,True,897.23
08e6a3ef-489a-4216-accd-ee316683ce84,russellbeasley@example.com,Jesse Perry,Standard,Email,2025-01-28 10:46:16.820662,BY,Ronaldview,True,557.09
f7f16cce-bae1-4103-854f-99783d21f8ad,gloriawells@example.org,Anna Davis,Basic,Direct,2023-08-23 03:44:26.743255,SZ,Lisaside,True,1846.53
87e9eb7a-9fdb-4e52-a9f9-6a099089ebb8,elizabeth65@example.net,Jenny Moon,Standard,Organic Search,2022-09-12 17:58:42.660543,BF,Carolinestad,True,1722.7
a92146b6-76bd-47ea-b32a-ce46a8cf090c,ericolson@example.org,Justin Wilson,Premium,Social Media,2022-10-30 13:03:18.125003,IT,Port Roy,True,101.18
e1b7d08e-ccf6-4126-97a1-4812af833aa2,lynchdiane@example.net,Christopher Park,Premium,Referral,2024-03-14 16:30:50.665352,KR,Michaelburgh,True,1672.06
1ac485e7-b33f-400d-b0e4-293257498ebb,vjones@example.net,Anna Moreno,Basic,Email,2025-02-16 03:39:54.359248,MT,Chavezburgh,True,1852.73
6c05bb41-ab96-406b-bbaf-d1d207b87067,kimberly99@example.org,Brittney Webster,Standard,Social Media,2023-08-18 12:01:54.235841,BE,West Scottchester,True,332.62
78581091-68a2-4901-97df-71f83401d0b7,nperry@example.net,Jeffrey Campbell,Basic,Social Media,2023-12-23 04:13:25.619665,GD,Roseport,True,427.49
92eab5f9-1a9a-4854-a3bc-01d8cf279685,djoyce@example.org,Tony Saunders,Standard,Email,2022-08-27 18:59:42.164572,IE,Marktown,True,117.27
eeddb924-d39f-48ea-b34d-0d6b7dcb44fd,ythompson@example.net,Kathryn Whitaker,Basic,Paid Search,2024-01-05 00:31:23.515972,MH,South Michelleton,True,1970.62
992e01c0-3b1a-43cb-87ca-1b6e68ea7790,umorse@example.net,Jared Bowman,Basic,Social Media,2023-10-30 00:01:50.840827,JP,South Andrewmouth,True,1568.14
de8cf248-b146-4084-96da-95fb34f207ff,xcollier@example.org,Brian Graham,Standard,Organic Search,2023-01-13 08:26:20.754947,MZ,South Monicamouth,True,846.01
290f17c7-3efd-4eac-9773-0bb64854431e,charlesschultz@example.net,Susan Bailey,Standard,Direct,2023-03-08 19:23:03.902507,ZA,East Curtis,True,1990.85
1e315c15-1c07-4ebf-885f-c62ed22121ca,carriewolf@example.net,Trevor Burton,Standard,Email,2023-04-15 11:54:35.818294,PL,Maldonadoshire,True,1436.82
a3c06e01-a22a-4fa1-a1c8-64908aef04a1,michelle52@example.com,Jeremy Turner,Premium,Organic Search,2024-06-12 13:34:41.351978,IS,West Williamport,True,593.42
cb17205e-e9a1-41e3-b3b6-76aa2d516362,brownmarie@example.org,Vanessa Davis,Standard,Organic Search,2023-11-26 23:12:48.234323,UG,Fordside,True,1158.36
c32bc735-1de4-4333-95d0-805e90782ab9,colelisa@example.net,Larry Mason,Standard,Direct,2025-05-19 14:20:03.381494,BH,Garciamouth,True,1495.95
161d2e80-eed2-4c75-9ad5-4cd3ff36fdf3,wagnergerald@example.org,Wendy Warren,Basic,Referral,2025-06-19 10:42:38.298313,VA,West Nathan,False,1168.36
f5d43f4f-ac00-4346-9254-858efe57ee21,rschroeder@example.net,Mark Cook,Basic,Organic Search,2023-05-14 23:58:24.929291,LS,New Erikaport,True,1705.44
48092de8-17ce-404e-9885-33d9c75865c4,mathewaguilar@example.org,Emily Douglas,Standard,Social Media,2023-04-11 03:26:44.377869,HR,Andersonland,True,1921.56
54fdab30-eb43-4f4c-9ea8-113e7d558068,vschneider@example.org,Sandra Rodgers,Basic,Social Media,2023-06-13 05:48:12.674702,LA,Lake Ellenhaven,False,371.65
30e1427c-1896-414e-a189-d4d67855cc7a,kyle35@example.com,Zachary Moore,Basic,Direct,2023-08-09 11:44:12.141394,KE,New Kellihaven,True,1350.43
7064ebae-14be-470b-a60b-460fd3742b5c,nancy92@example.net,Christopher Guerra,Basic,Email,2022-08-19 09:17:53.952969,VU,Lake Samuel,True,239.77
17e6f390-fad2-4879-8c96-8c6853632e71,tarabishop@example.net,Cynthia Allen,Premium,Email,2023-10-02 05:06:21.208968,PW,West Erika,True,492.43
c2901f91-bc9a-48ca-ab2e-44ef9943a884,smurray@example.com,Jennifer Martin,Basic,Email,2024-03-25 01:07:13.616993,FR,Port John,True,1238.76
f98f354a-d4da-4a3c-988a-d41c40b4f436,angela18@example.org,Phillip Nelson,Standard,Direct,2024-06-10 13:54:23.722714,SG,Port Samuel,True,1167.34
1504f336-460f-484f-844c-1ea58fba35c9,lisawilkerson@example.org,James Brooks,Basic,Organic Search,2025-05-11 00:44:11.463282,MV,West Jeffreymouth,True,1869.41
f071a708-6ed5-4058-98cd-c934e6ae9999,lacey20@example.com,Kaitlyn Guerra,Premium,Direct,2025-04-23 22:49:53.014466,PS,Westtown,True,1432.38
443c5c2b-9f94-4112-abc1-2c3e7002a468,scottmary@example.net,Lisa Henderson,Standard,Direct,2025-03-27 14:13:47.911764,JO,West David,True,791.57
10e54d70-4e40-42ea-998e-72e268829af3,fbrown@example.net,Lynn Andrews,Standard,Referral,2023-03-27 06:57:08.387958,VC,West Ruben,True,599.99
24565d82-7f2f-4fd5-a5a5-f31352290ca2,ashleylopez@example.net,William Jones,Standard,Organic Search,2024-05-12 16:27:42.081792,SL,South Morganton,True,1503.73
6b3b0395-fe9e-4fdc-8ead-ba7501abd115,jon05@example.org,Nicholas Fuller,Premium,Direct,2024-06-04 13:03:17.047860,TT,Dennisstad,False,916.57
e31d43fe-86ab-4a0f-bb90-5ceeeed3879b,mariacohen@example.net,Clarence Taylor,Standard,Email,2024-02-27 07:19:05.829671,VC,Johnsonborough,True,1992.19
c5ea2c0c-b69b-4290-8e71-c9e3eb62f843,ninastewart@example.com,Virginia Daniels,Standard,Social Media,2022-08-26 00:37:40.228354,ID,Port Deborahport,False,426.31
ec317855-243d-4b13-a800-50e3d7a31a16,glennmartin@example.org,Jessica Ross,Standard,Organic Search,2023-08-04 04:05:30.495897,OM,Morganburgh,True,1866.52
7fe861bb-2e5b-4b37-93d0-980302ec43fd,zrichardson@example.net,Bradley Coleman,Standard,Social Media,2024-01-03 17:26:13.666531,NR,New Kelly,True,1758.54
5c26db78-c8da-4931-bfb0-07a557795819,donna47@example.net,Carol Wallace,Standard,Direct,2022-10-29 10:41:16.270097,PE,Lake Mollystad,True,315.49
97dc3850-8770-403e-9d4b-1e0fd0ec222d,yhill@example.org,Mark Cox,Standard,Direct,2024-05-12 17:33:48.708865,AE,North Douglas,True,1407.08
30bfcc9d-7d3c-46d6-830a-4fa95cf248a8,ejohnson@example.org,Holly Reyes,Basic,Social Media,2024-05-04 18:09:24.132549,TN,New Ericmouth,True,1974.47
8015c8c4-4f6f-4c25-a753-171a10c45c5f,scott19@example.org,Jennifer Banks,Basic,Social Media,2025-05-13 16:07:11.870864,HU,North Jillfort,True,15.65
b1517098-68ea-4b20-a57b-4161e764c658,greenjorge@example.com,Logan Benson,Standard,Referral,2024-01-27 07:56:03.800325,RW,North Derek,True,598.76
3d6afe96-edfc-4fc0-8946-11210ba0f8f0,rachelwallace@example.org,Tracy Downs,Standard,Email,2022-09-28 04:00:32.951668,TL,Jennaside,True,1877.86
692ae8a9-0d54-4cdc-80eb-1ce40fea031a,melissa25@example.net,William Conner,Standard,Organic Search,2024-02-23 02:16:26.538867,GW,Johnsonside,True,230.86
70907879-6460-4c6a-9372-c5538e491272,jlara@example.org,Angelica Parker,Premium,Referral,2024-03-27 01:58:52.165422,VC,Foxchester,True,1106.45
2bd8de67-bfd6-453d-80f7-a31d9875b424,martinezlogan@example.org,Michael Cooper,Standard,Email,2024-12-27 04:13:43.206054,TG,Port Tammy,True,1209.66
3e35fdc1-bcce-4db4-a0a0-c97651a7a937,guerraapril@example.com,Frank Fletcher,Premium,Organic Search,2023-10-26 01:19:34.165852,LY,Meghanview,True,407.19
326c1a67-f92c-402b-aa38-08b0f6f4a0b2,david49@example.net,Martin Vargas,Premium,Email,2023-02-09 02:50:54.548262,TT,East Donna,True,527.97
a6c7e80c-4494-4a24-9e8a-89e6d5177efe,megan90@example.org,Travis Wise,Basic,Referral,2024-09-05 15:19:25.079572,IN,Port Ashley,True,1810.67
a4eb3f3b-614f-4450-8d7c-f457fdcdc6fd,jimenezcourtney@example.com,Elizabeth Sanchez,Standard,Direct,2024-05-16 07:12:44.286736,LA,Evansland,True,184.6
640b30bc-f552-4853-a933-0463ffc8bb9e,scottwashington@example.org,Charles Hensley,Standard,Organic Search,2024-08-01 13:18:21.061904,LB,Theresaberg,True,553.36
beba9710-76f5-4336-919e-934124b8f152,floressteven@example.com,Charles Williams,Basic,Referral,2024-10-19 12:03:44.275578,MV,Wrightburgh,False,1542.24
1a6f9da3-7def-4211-8b0e-8cbe40a4aa0f,james27@example.net,Shawn Jimenez,Standard,Referral,2024-12-16 08:53:47.925815,BW,Wagnerbury,True,523.91
80fb9094-5041-4d01-ade2-a4e4c33bfc52,brandon47@example.net,Martha Ruiz,Standard,Email,2023-03-01 18:21:18.230599,SO,Port Danielberg,True,1103.36
a45ebb65-9599-4c2e-be05-171c9d35900e,kathryn50@example.com,Justin Cox,Basic,Referral,2025-03-01 22:49:38.596855,JO,South Williamside,True,19.34
c7bbe8cf-2ac0-4c57-b878-afe1ed2857de,andersoncolin@example.com,Gina Mcmillan,Standard,Organic Search,2023-05-11 12:32:05.732563,TW,East Carrie,False,1766.21
901793f8-2543-43c2-bbe2-98557f7a2a0d,williamsderrick@example.com,Kelly Hernandez,Standard,Paid Search,2023-09-21 20:01:49.756928,SG,West Sarah,True,1091.18
93d1d063-58f9-4083-9d79-c8696fa10720,vewing@example.com,Katie Hicks,Standard,Direct,2023-06-23 01:06:55.360900,RW,Thomastown,True,1165.02
90d99aed-d20a-480a-be48-235c338c0107,whitneybrandy@example.net,Lori Carlson,Standard,Direct,2023-08-16 15:27:01.478417,IN,Lake Brett,True,254.89
f71e9872-19f2-4ca5-83d0-416abefbb615,rhernandez@example.org,Travis Rodriguez,Premium,Direct,2023-12-17 11:08:17.287591,AM,Edwardsberg,True,1797.96
36881c65-a4c8-4754-ad49-2e9305485e62,roberthampton@example.com,Nancy Brown,Standard,Social Media,2023-10-04 12:22:10.489420,CU,New Mark,True,1721.41
5cd412b4-cc16-4632-a5b8-b91601105dac,ledwards@example.com,Gloria Gomez,Standard,Paid Search,2024-07-03 15:24:19.872132,WS,Chelseaborough,True,420.15
bed97595-ac48-4b50-a4f2-32225b408148,angela34@example.com,Melissa Burns,Basic,Organic Search,2025-05-23 00:00:41.423811,QA,Annview,True,205.59
4073b1ad-3ddd-4ee5-9e58-ce56a458f198,zhuang@example.com,Regina Roberts,Premium,Direct,2023-05-20 08:43:11.038581,JO,West Sandraview,True,1768.27
4b3f1091-58e1-49e0-8aca-7b99561967ea,jamesryan@example.net,Breanna Gilbert,Standard,Referral,2024-10-04 21:36:42.214711,TZ,East Brent,True,1241.32
f53d4ffe-daec-4e8e-94a5-0d4b2180091e,danawilliams@example.com,John Maldonado,Standard,Paid Search,2025-03-26 20:31:26.635699,CU,New Tiffanyburgh,True,1859.76
3a759623-a3b6-4adf-a736-89e7262c4dc1,mwoods@example.com,Matthew Velez,Basic,Organic Search,2023-09-27 21:12:04.074693,BT,New Joanne,True,1952.41
6eb856e0-4d6b-4ee1-a501-8702bf0ef62d,gentrygregory@example.org,Amanda Huff,Standard,Email,2025-01-25 18:05:22.595447,SA,Lake Suzanne,True,1762.83
00bff9df-4909-40ce-bffa-3d1fe4a3e045,smithashley@example.org,Frances Gibson,Standard,Organic Search,2025-04-18 16:58:01.816113,BA,Smallberg,False,1473.13
f68ab810-60fc-4ddd-8d04-2a5e9093c7b5,znelson@example.org,Nicholas Wong,Standard,Email,2025-01-26 13:11:53.471605,VC,North Jill,True,1861.63
076c1480-9e17-496b-9725-19f479b47a28,gregorychase@example.com,Kaylee Miller,Standard,Direct,2024-11-21 11:40:50.270813,SV,East Tinafort,True,1728.13
ad83041a-f519-4ffb-b06e-7c0883f31b3b,adamreyes@example.com,Tiffany Turner,Basic,Email,2023-06-28 14:29:08.416102,RS,West Desireebury,True,533.61
3ee385fc-43a3-40c0-8e41-4d43c60c26b4,marshallerik@example.net,Stephanie Padilla,Basic,Email,2022-09-15 02:20:34.413418,KR,Lake Sabrinaport,True,216.19
7131884b-99d8-488c-b1a2-5c1b9e7949ad,jeffreyanderson@example.org,William Brooks,Standard,Direct,2023-08-15 18:02:48.755814,ME,Toddborough,True,1717.19
fbf87239-14ac-46fd-afe0-8219db864788,foxallison@example.com,Justin Brown,Standard,Paid Search,2024-10-20 19:28:39.689466,SY,New Amanda,True,1633.17
007108f7-f65c-4215-acdc-eb6e55c6ff05,nwilson@example.net,Ann Dixon,Standard,Referral,2023-01-05 07:31:17.837418,BG,Andersonchester,True,610.38
2018dbed-e93a-45be-8588-b0dc08642f14,hansenemily@example.com,Jennifer Velasquez,Basic,Paid Search,2023-11-21 13:11:57.709726,CH,New Charles,True,455.19
38db2e66-75e7-493d-8d96-57dd0b1910b9,weaverbrian@example.org,Mrs. Donna White,Premium,Email,2023-10-16 06:43:50.546048,CR,Brooksfurt,False,386.26
111fb01d-e4e5-45d6-85cf-37591371cd40,rbennett@example.net,Brandi Dalton,Premium,Direct,2023-11-12 11:56:54.644900,CL,New Phillip,True,1728.71
3545ae57-1e84-4028-9b0d-c33da7a2b123,maryavila@example.com,Nathan Coleman,Standard,Referral,2022-11-25 13:31:26.245026,MU,East Steven,True,558.25
01a64123-691e-49ae-a402-240b0e4e5577,sharonhardy@example.org,Matthew Mendez,Standard,Referral,2022-12-25 23:54:43.666446,AM,East Carlos,True,799.36
9161ce0e-fc49-46f3-a2cc-30bcc5b88769,tharper@example.org,Andrew Gonzales,Standard,Email,2024-04-19 19:45:26.982254,SR,Port Michelle,True,1072.43
101442de-1e65-486d-a9ea-b7c0c0211b42,jim95@example.net,Megan Flores,Standard,Email,2022-09-08 20:57:59.536125,KI,Lake Adriana,True,230.68
44f145cb-17a0-4c12-a618-359e149cd581,bruce92@example.net,Kristi Williams,Basic,Email,2023-10-05 04:09:01.764842,LY,Floydmouth,True,357.14
dc3701ef-8e50-40ca-8499-368569f05d5e,yhernandez@example.org,Kara Atkinson,Standard,Social Media,2024-08-09 23:39:32.752100,KG,Port Steven,True,530.93
9a1892eb-6d81-4043-851a-027d8e31b6a8,jfaulkner@example.net,David Harris,Standard,Email,2022-09-10 03:59:40.861631,KH,South Melanieland,True,869.13
ca07c1a2-64d6-4ca6-9808-97a6c979164c,brettbennett@example.net,Shelly Lopez,Premium,Paid Search,2024-02-15 22:23:58.638182,PS,South Jason,True,627.35
6b2ad4b0-0610-4eb3-945e-ca5adf7243cf,susan03@example.org,Autumn Key,Standard,Direct,2025-03-28 21:08:17.445426,QA,Lake Cassandra,True,1022.85
df68ead5-a6e5-4000-af9f-b3fdfa737a2b,andrearowe@example.com,Matthew Parker,Premium,Social Media,2023-02-18 02:46:52.784451,ML,Owensfort,True,1153.18
1650138b-ddd3-4d07-b182-fa7f48410f42,robin55@example.com,Sean Figueroa,Standard,Paid Search,2024-10-20 13:24:43.943376,AM,Angelashire,True,1417.57
4bf49ac1-9a91-40ad-9308-6d62aaa8880a,mphillips@example.com,Kelly Sanchez,Premium,Referral,2024-04-03 14:31:32.269689,SY,Jonathanfort,False,1851.15
5c740028-83a2-48c9-9773-827a649a20b3,umurray@example.com,Nathan Freeman,Premium,Organic Search,2025-06-02 01:10:49.694310,SR,New Arthurland,True,1438.86
a21149f6-5c80-4fda-9878-f7ac517c7d2a,duranrobert@example.net,Michael Smith,Standard,Organic Search,2025-05-09 16:31:06.086516,SD,Brooksfort,True,1341.26
a7065122-3e19-4f24-87ee-83fb2bc6f23a,smithandrea@example.org,Nathan Nichols,Premium,Organic Search,2024-06-30 10:01:36.787323,JO,New Lisachester,True,139.95
2ffecb94-d37a-43c3-8ca6-eb0ae8dc3d58,danieldavis@example.org,Manuel King,Standard,Direct,2024-12-08 08:39:34.742234,MH,Lauraland,True,660.4
026cb6d4-a281-4ec3-9cb4-0741d2cfbe02,pstevens@example.net,Michael Abbott,Premium,Organic Search,2023-08-21 18:53:02.001236,TD,North Richardfurt,True,1696.03
800ce334-d04a-4dcd-8dac-08e3ab80a01c,walshjacqueline@example.org,Mr. Richard Knight PhD,Standard,Referral,2024-03-05 15:11:11.242176,BY,East Jasonshire,True,600.64
bbeeea93-1feb-4434-b97c-9702cd7d347d,glassgabrielle@example.com,Kristy Johnson,Standard,Referral,2023-12-12 01:00:22.135438,KW,East Brendafurt,True,816.79
10dae484-6b15-4064-99f8-b469e78f74d5,francisco39@example.com,Kimberly Reyes,Basic,Referral,2025-04-21 19:31:34.799770,SZ,Port Vanessa,True,591.31
692afb27-0b81-4346-a6ed-99e420ed7973,brian63@example.org,Randy Friedman,Standard,Social Media,2024-09-09 12:10:26.806851,MY,Anthonyview,True,840.89
0bc038af-606a-4e68-aa5b-7fb218014301,whenry@example.net,Jessica Frazier,Standard,Social Media,2024-11-13 13:49:36.295293,HR,Millerport,True,1354.64
c19ab276-8e49-4861-9aff-f06b14551b29,millereric@example.net,Brittany Price,Basic,Organic Search,2024-11-29 11:19:20.299382,ML,North Adamport,True,1231.03
30a445c5-0c76-4618-b72b-c4cefaed1e2d,curtis12@example.com,Justin Russell,Standard,Email,2023-11-08 07:59:07.844259,AR,West Angelamouth,True,1095.87
548287d1-b8d1-4159-8255-eef003ee67bf,carterpaul@example.org,Kristin Haney,Premium,Organic Search,2025-02-09 10:04:50.495361,HN,Lake Oscar,False,573.83
acfca165-5401-404a-9f76-570f6be0f55d,joseph21@example.org,Jason Washington,Standard,Direct,2022-12-08 03:45:28.260420,BO,Johnathanbury,True,1159.97
1e83609f-c9dd-48fc-8131-3b36097ce63d,mwheeler@example.com,Eric Rush,Basic,Email,2024-09-05 22:20:12.111057,LT,Brockmouth,True,929.98
6c9177ae-939f-45ab-beba-710e466e4da7,pochoa@example.net,Frank Valentine,Premium,Paid Search,2023-11-03 09:18:26.542998,FR,Edwardsfurt,True,427.4
2844f68a-45a5-4f55-8299-cc217854e711,jessica79@example.org,Douglas Hartman,Standard,Email,2025-06-04 11:28:49.237606,MM,New Jamesside,True,1802.36
b1f24926-54d3-479a-ab27-44082acde37b,bentonsteven@example.net,Robert Guerra,Premium,Direct,2023-01-22 04:14:17.642526,BJ,Chambersberg,True,339.38
16bdead0-746a-4bf1-acc8-ba94b21e2969,johnnymoore@example.com,Angela Ewing,Standard,Paid Search,2024-06-01 23:39:25.607908,QA,Fergusonchester,False,1030.9
071f51de-b1a6-4522-9e26-1ba38e63413c,jacqueline89@example.net,Ashley Wright,Standard,Referral,2024-02-24 17:01:55.482895,TL,Gabrielton,True,670.38
d1e18839-9f84-4cf1-9d41-cddb4a0e638a,vrasmussen@example.com,Brett Walker,Basic,Email,2024-03-17 03:48:13.213120,AE,South Neil,True,1502.28
94700f12-9b32-4c88-bbce-c3a9a43288a5,michaeljohnson@example.org,Thomas Miller,Standard,Paid Search,2023-11-28 09:56:41.270838,ZA,West Larry,True,449.28
71be2074-f2e5-4b73-b8b9-c0cefb794fb1,adrianabailey@example.org,Michael Flores,Basic,Organic Search,2023-11-19 22:39:06.286022,KG,Port Jennifertown,True,48.85
62192e87-bee6-4df2-8527-4c185ff77633,byrdfrank@example.net,Christopher Moore,Standard,Referral,2025-01-24 11:45:58.991243,TJ,Mullenbury,True,950.27
d0ef76b0-58fc-4bd9-bdf8-43163431a2f5,jacobsandoval@example.com,Lucas Gonzalez,Premium,Paid Search,2024-11-29 03:26:57.411969,UA,Priceborough,True,145.66
fb8d3dae-f11c-46aa-84dc-999df83d4f53,raylauren@example.net,Gabriel Ellis,Premium,Social Media,2023-02-19 12:12:50.464876,IN,Rosemouth,True,1259.53
077bba57-0fa1-4741-86c0-3e990ad3df94,wmatthews@example.com,Lisa Cervantes,Basic,Email,2024-04-23 03:21:03.578153,MA,Samanthashire,True,1392.71
a16d059d-8bf6-4a41-bd5d-778198634990,lawrenceallen@example.org,Michael Dixon,Standard,Email,2022-10-09 21:23:17.497952,NL,New Patrick,True,487.97
0ece31db-02b7-4397-a754-7b836e2cf518,angelaburns@example.org,Ryan Harvey,Premium,Referral,2023-01-28 13:27:32.348816,MK,South Derrickfurt,True,11.09
bd210896-9ddd-49f2-b7cb-9cae4ff06c85,fortiz@example.com,Jill Jackson,Standard,Referral,2025-05-30 02:43:31.371363,TM,Port Kathleenport,True,1540.09
421e337f-f914-4054-93ee-d30770137882,amandajackson@example.com,Patricia Simpson,Standard,Organic Search,2022-08-13 20:26:01.673432,SE,New Dannyside,True,850.29
78052576-baf3-43dc-9a80-441f014dac46,amber07@example.net,Jeffery Fitzgerald,Basic,Paid Search,2024-12-27 02:44:25.675954,TD,West Nancy,True,1915.93
415a0230-9414-46bb-820e-6b7aac67cc68,michael17@example.org,Cynthia Cochran,Standard,Referral,2022-08-13 08:12:49.241097,TZ,Michellechester,True,100.44
f9db097b-a948-4caa-84e0-39d0dcbf48b7,kristenli@example.org,Kim Carlson,Premium,Direct,2023-01-06 21:30:25.270913,DO,Tiffanyport,True,1696.67
5da5010d-b5bf-4ee4-9000-4f71a8bdb685,stephanie81@example.org,Rachel Sellers,Premium,Social Media,2023-05-22 01:19:09.340141,IS,Lake Michelle,True,1602.83
96c5ebde-a33b-4975-b356-813df381af42,maria67@example.org,Debra Perry,Standard,Organic Search,2023-04-08 14:28:27.427150,PG,Lake Lauraland,True,1975.78
629d7395-9199-467a-9bdc-b269df899b47,heather57@example.com,Aaron Schroeder,Standard,Referral,2023-09-23 10:31:17.501444,ES,Lake Teresastad,True,1900.08
ef60d6e6-5c9d-4958-b1ed-c3654b930ce4,brobinson@example.org,Frank Campbell MD,Basic,Paid Search,2025-01-25 12:07:25.543083,CO,Kramerton,True,1225.3
425eb527-0cee-44d6-8d1c-d0df604b09c9,ksmith@example.com,William Patterson,Standard,Social Media,2022-08-28 08:48:57.328231,FM,Lake Kevin,True,1009.56
20c77fab-8e00-456f-97fc-0d5f6dfd80fa,clarence54@example.org,Steven Martin,Standard,Email,2025-02-21 03:35:53.248288,MY,Jessicabury,True,1095.74
4c9eb880-5001-45b8-98d8-8804b181d035,padillaaaron@example.com,Kevin Stone,Standard,Paid Search,2023-10-22 08:14:53.441344,PA,North Heatherville,True,1487.31
36db67c6-a1b4-4afd-a44e-804029e634a5,ebenson@example.org,Brandon Shaffer,Standard,Referral,2025-06-25 18:25:41.815204,CA,Michaelport,True,518.38
74cdaf59-6065-4240-b4a7-dfc1bf63fe49,darlenebyrd@example.org,Alejandra Santos,Premium,Organic Search,2022-12-06 06:46:09.856265,OM,Jenniferberg,True,1275.32
b4125c9b-2479-4a3c-b233-39abdd978324,fheath@example.org,Bryce Blair,Basic,Organic Search,2025-04-11 23:21:19.119044,MG,Edwardsberg,True,1042.6
b678f01e-5a6e-4792-b28f-f0038cdc953c,wrightcarolyn@example.net,Peggy Vaughn,Standard,Referral,2023-04-06 12:44:58.657368,KM,Jamiehaven,True,549.19
ccfea761-06cc-483c-a103-61cdaee85e93,dphillips@example.org,Brian Porter MD,Basic,Social Media,2023-01-31 17:31:56.596056,SM,West Sarahberg,False,571.46
ec69a33f-9fb0-47c7-9b93-040865e8d7ab,rdiaz@example.org,Tiffany Townsend,Basic,Email,2023-09-05 21:26:08.478635,AM,North Joseton,True,639.42
ffee3fcc-cb24-4a91-8fce-c7202c0c3f9f,ohunter@example.net,Jennifer Miles,Standard,Direct,2025-04-14 21:58:04.179798,BS,West Christopher,True,276.75
9823e0fa-0cd3-4143-8d40-7dc8dbf2ef39,terrimoore@example.com,Mark Davenport,Standard,Email,2022-10-03 14:41:38.708664,KZ,West Hollybury,True,1387.9
245dcf02-5858-42e1-a707-5b211d84d70b,middletondarren@example.net,Ellen Harmon,Standard,Referral,2022-09-10 11:24:38.765106,SZ,North Alexander,True,128.46
68a1765c-495a-4284-b1a6-8d825870eb45,martinstephanie@example.net,Samantha Green,Basic,Social Media,2022-12-06 08:56:20.399683,MR,Lake Kimberly,True,1085.22
d2aa2786-80fa-461a-90a5-8287c2fde439,wiseanthony@example.com,Austin Joseph,Premium,Organic Search,2023-04-29 12:25:00.831377,TR,South Spencerstad,True,413.67
597a7e16-fe75-4563-b2ba-0d2abaf170e2,michaelscott@example.org,Megan Wilson,Standard,Email,2022-09-07 18:32:23.154787,SZ,North Micheletown,True,1809.68
d11ab47b-0880-4884-ad40-c5cf7b4c493f,jcox@example.org,Shannon Tran,Basic,Direct,2023-04-02 23:40:47.671971,LC,Walkerbury,True,1391.05
f3aba713-0042-43ef-b3a4-537b62805179,joseph19@example.com,Michael Williams,Standard,Social Media,2023-10-08 03:03:29.761492,GR,South Caseymouth,True,1531.19
93dd2a79-2305-4044-b521-f75885e603cf,mark87@example.org,Eddie Mueller,Standard,Email,2025-02-11 22:56:02.346641,SZ,South Micheal,True,11.79
ae39f438-4c26-4751-8b2b-241c38bab3fe,jessicapayne@example.org,Timothy Johnson,Basic,Social Media,2025-06-07 21:51:25.879849,SR,Cynthiatown,True,1506.95
c75f27a4-5ef4-4781-99cd-366f3b01af92,blakenicholas@example.net,Ashley Moreno,Premium,Email,2025-05-16 01:05:56.923094,GW,Vasquezton,True,1906.86
64d6fb05-0bc7-4da7-8589-976023c3b51c,jenniferdavis@example.org,Kelly Haynes,Basic,Email,2025-06-08 16:18:16.161354,MR,Villegasland,True,1495.03
11315bb9-b181-4a02-875c-959d20a6a43b,danafoster@example.net,Jessica Brandt,Standard,Referral,2024-04-05 09:19:47.094002,GW,Josemouth,True,1206.51
8c2289bc-ad8e-40af-92ca-8d89c42639aa,vhaynes@example.com,Dillon Jones,Premium,Email,2025-04-18 17:01:35.191894,FR,Port Kayla,True,438.84
38255a84-c330-48b2-88b1-c3e55d96c15e,martinsteven@example.com,Hunter Townsend,Standard,Social Media,2022-11-05 10:19:51.834474,PG,Stevenville,True,58.05
04b713a5-0330-4d66-853f-abe156920a61,margaret90@example.org,Erin Davis,Standard,Referral,2022-10-16 02:27:55.279099,HU,Randyton,True,1358.28
a51a8835-648d-4400-b138-17c4923f9f38,lori20@example.com,Kristi Pierce,Basic,Organic Search,2024-07-20 00:43:22.153698,BY,Garciaberg,True,330.09
c7c24c17-21f9-4f58-acfc-5ba3562a68d5,greertoni@example.org,James Parks,Premium,Referral,2022-11-19 02:31:55.960845,KH,New Brendaland,True,255.26
11a5bd15-2d18-46f5-9f2c-44714bf1c769,gonzalezdebbie@example.org,Ryan Lamb,Standard,Direct,2022-08-01 21:55:38.834302,CM,South Brentshire,True,53.93
c3b7bbea-8e02-4ead-8a4a-d089bbd21da9,ycrawford@example.net,Hector Odonnell,Standard,Referral,2023-10-26 15:28:35.329711,IS,Seanberg,True,1128.78
edb71a49-eeb9-40d1-8a9b-3f6ae997c513,deborahporter@example.net,Brandon Reyes,Basic,Referral,2022-08-15 23:49:41.045146,NL,Lake Nicole,False,1285.5
82a484c5-be0d-4b06-90bd-bb9c87427bce,mayokimberly@example.com,Richard Cooper,Standard,Paid Search,2024-02-05 04:07:17.264115,TM,Paulburgh,True,923.4
598adbd1-6c76-4f75-8100-85bf5c68b080,anthonycochran@example.com,William Moreno,Basic,Organic Search,2022-08-06 14:01:37.579778,TV,East Craig,False,758.21
f47c3f05-dc5f-45fb-ad43-efbf3e16a403,amanda03@example.net,Rebecca Kelly,Basic,Email,2024-06-27 18:23:22.399488,EC,East Brittany,True,653.69
5d894799-9ace-4803-8768-a2395c504c0d,robin05@example.net,Kristine Lopez,Basic,Direct,2024-12-08 09:46:40.726500,SA,Gregoryton,True,758.25
d1089160-bec6-4690-a744-5d4e3e253382,carolynsmith@example.com,Thomas Harris,Premium,Referral,2022-10-15 22:09:55.640009,CO,Jennifermouth,True,1663.85
4988c57d-1ca4-4db5-a370-e70ac1359e36,brendastark@example.org,Shannon Yu,Standard,Organic Search,2022-09-12 06:48:06.390180,MR,Willismouth,True,163.81
4e1f27d9-af21-42b5-9b10-7142a432b307,theresaoconnor@example.com,Toni Banks,Basic,Paid Search,2023-06-04 16:14:40.870342,EC,Jeffreyshire,False,1078.84
da98e69b-2504-4105-959f-90228d521134,sparker@example.com,Nicholas Rush,Premium,Referral,2024-12-17 10:34:22.970538,TO,Rosalesshire,True,699.92
5a6d3be9-b295-4984-a0ae-a6e3b38b7f36,samantha93@example.net,Taylor Taylor,Premium,Social Media,2022-08-13 12:13:12.008518,CH,East Michaelmouth,True,1562.47
7df528a0-fbc3-40c8-ae76-55719a088375,underwoodelizabeth@example.net,Jillian Baker,Standard,Referral,2023-01-08 23:37:27.664455,HU,West Jonathanville,True,1508.47
f526e4bd-a394-4914-be13-4371fcd362c2,cruzjessica@example.org,Katherine Gray,Standard,Email,2024-09-05 09:33:35.221699,ST,Garciafort,True,398.72
5071a246-5999-4caa-a48a-149f0e68b345,franciscojones@example.org,Fernando Lynn,Standard,Organic Search,2024-11-19 06:05:43.632903,BN,Georgefurt,False,304.76
df4cce30-5f42-4956-a506-b90195ff6b9d,paynerachael@example.org,William Barry,Standard,Email,2023-01-01 07:59:33.001390,MA,South Sherriburgh,True,1338.92
d1e33128-770e-4a04-aa41-d100bec5537e,gmoore@example.com,Colton Terry,Standard,Social Media,2024-05-04 11:26:36.942814,WS,Donnaport,True,435.93
a9f3048b-88e8-47e3-a996-755a30e0b76d,longandrea@example.com,Isaac Patterson,Basic,Direct,2023-03-26 07:30:56.545999,KE,Gonzaleztown,True,1533.8
bf124da0-3b1b-4e65-9f2a-abd01dfba46f,tiffany71@example.com,Kaitlin Jacobson,Basic,Paid Search,2023-02-20 18:56:32.939600,IN,Lake Amyburgh,True,1214.49
896555a1-59ba-4125-9a5d-c67dc323da3e,cwood@example.org,John Perez,Basic,Direct,2023-08-19 13:28:21.258943,IQ,East Karenville,True,229.07
516958a2-405e-486c-9e08-62f10d5097e9,lindsey69@example.org,Sara Cardenas,Standard,Referral,2022-10-10 22:30:40.039006,NL,Armstrongbury,True,1929.44
0e12cbe0-e522-4947-81d5-9d2e4b880284,fostermelissa@example.org,Stephanie Mcbride,Standard,Direct,2023-12-12 21:02:40.212537,GD,North Stacy,True,51.36
d9e349cb-1f79-4073-81f6-ede8580361ff,teresastokes@example.org,Blake Vega,Premium,Email,2023-11-13 01:09:56.225188,FR,Port Brooke,True,1354.69
2eee7a52-8d1a-4447-a691-d0eceff38d61,millerangela@example.net,Donald Ellis,Basic,Organic Search,2023-06-24 09:11:01.608997,AL,Rodriguezberg,True,793.31
34ce13d0-13fe-4aed-a94c-f65abf8368aa,buckleyanna@example.org,Sharon Beard,Basic,Social Media,2022-12-18 09:53:31.333797,NG,Patrickfort,True,151.99
f4010ff1-115e-423a-94e9-011e3c3afbf0,rjohnson@example.com,Lee Steele,Standard,Direct,2024-03-26 19:17:50.092564,AZ,Prestonmouth,True,1254.48
9bdaba6e-fa16-4dea-8832-f18013b8327b,reesesamantha@example.com,Robert Turner,Standard,Email,2024-08-03 15:16:31.734227,IT,Garrisonville,True,1544.96
7819ca59-b1f9-4b9e-b7a0-4867a8041f1e,dennismccann@example.com,Erica Daniel,Standard,Organic Search,2025-06-08 14:39:30.442355,UY,East Scottchester,True,1200.82
7d5ad0cb-3ca0-4fd1-80b0-1f7891d1b1ee,lori82@example.org,Jonathon Taylor,Standard,Direct,2024-09-27 21:28:29.230275,SL,East Jamesborough,True,1967.69
18da319c-d381-41a4-95fe-3ed24b906475,antoniowilliams@example.com,Denise Colon,Basic,Referral,2025-01-11 02:51:07.160364,SD,Reidville,True,694.41
77c57f05-1df4-4083-92fd-63eb6cbf45ad,nathanwheeler@example.org,Karen Arnold,Basic,Referral,2024-07-24 09:40:29.387442,LY,Port Patricia,True,741.14
df0756fb-b6eb-4cc0-9c56-276af907acc9,mitchellpaul@example.org,Penny Lewis,Standard,Direct,2024-10-06 16:16:57.385605,GN,Lake Jamie,True,682.46
7831aaba-5619-43a4-adf7-302b7ef95d4d,hancocktammy@example.net,Thomas Holland,Basic,Email,2024-06-21 23:36:59.331639,US,East Johnnyport,True,1644.66
64a9b08a-9ef2-43e5-a866-40015db76115,rodney65@example.com,John Byrd,Premium,Social Media,2024-08-27 23:46:41.258894,VU,Silvatown,True,1921.58
6e247c35-a902-4007-9ba7-001c0a6eaa9b,anna99@example.com,Brian Brown,Standard,Organic Search,2024-01-20 12:03:41.027577,IS,Michelleview,True,1657.41
a85804f2-8116-41b7-9917-2c4ac27c572e,jacob83@example.org,Rebekah Greene,Standard,Organic Search,2024-06-26 22:48:10.500613,HR,Erintown,True,870.97
969a922f-fc5e-49f9-a0b0-c1d6143084be,jordan66@example.com,Lauren Cooley,Standard,Organic Search,2024-06-26 03:53:39.328998,ET,Jessicabury,True,1930.95
033ed587-c149-4756-901f-a433f9588cfe,qknox@example.com,Sarah Pittman,Standard,Direct,2024-07-30 00:56:29.316163,TH,West Connor,True,1616.4
f9312346-58b6-41ea-bf04-570767394b6e,jessica82@example.net,Martha Walker,Standard,Organic Search,2022-11-26 05:13:29.317406,GR,Robertmouth,True,967.0
d8a40e6b-cc4b-4d75-9ead-f8f910bc0d6b,steven17@example.org,Lauren Blackburn,Basic,Paid Search,2023-08-20 06:52:43.935785,BN,Prestonhaven,True,1462.05
ef66f5c3-9e90-4241-a78c-27af8ec86044,amoreno@example.org,Brittany Gay,Basic,Direct,2022-11-17 07:28:30.695256,LV,Benitezmouth,True,1703.43
a8a5a390-f0c8-4661-8bc6-b40ddef0a5ca,kimberlyfreeman@example.net,Mrs. Amy Hayes,Standard,Email,2022-12-12 23:02:51.288831,GE,New Kathy,True,173.33
e8e81c4f-8a67-46c4-b930-6738053c1e5d,andersonryan@example.com,Vincent Reyes,Standard,Paid Search,2023-12-27 11:11:16.001978,AZ,Lake Nathan,True,487.73
360d9404-1a0a-43f3-8804-930a5023d321,katherine83@example.org,Lori Wright,Premium,Paid Search,2022-07-24 10:49:54.757702,MD,Larryville,True,1220.66
131acf3a-983f-4ccb-992c-e6aea148b86f,gary04@example.com,Joseph Warren,Standard,Email,2023-09-02 06:58:34.370548,NZ,West Wendy,True,57.4
da0a254f-2cc3-4969-bf58-086a1c4a4ae8,frederickmeadows@example.com,Danny Mercer,Standard,Email,2023-12-28 03:00:29.026986,GH,New Williamville,True,363.68
acb3035c-475e-445e-9ee2-6aab4462dfc6,brooksdanielle@example.net,Linda Williams,Standard,Email,2023-08-14 16:59:59.955045,CD,North Hannahchester,True,1595.66
0da449eb-cc62-41da-b793-73a43e8c8628,kelleythomas@example.org,Michael Smith,Basic,Direct,2023-11-07 20:53:57.151880,NL,Lake Abigailberg,True,1760.64
9fbddb70-169d-4b43-b9be-0573a5910bc7,huntchristine@example.com,Brian Gonzalez,Premium,Organic Search,2023-10-10 22:37:12.035957,FR,Marieborough,True,552.54
a688183c-5416-47b6-8327-caacf511dac4,cphillips@example.net,Daniel Fitzpatrick MD,Standard,Email,2023-08-05 05:00:45.714007,AD,Lake Christopherville,False,1896.13
4757c28f-79eb-4676-9b74-2e2bb3e9c94d,fhernandez@example.net,Nathaniel Conway,Standard,Referral,2025-01-09 04:58:33.813761,BA,South Vanessa,False,1440.15
1eaa3f98-a389-4bc8-b585-838d069ef32e,lwilliams@example.org,Heather Rhodes,Premium,Social Media,2023-05-29 09:13:12.231130,NP,North Melissaton,True,1516.33
460691b0-d230-481a-a4fc-207d2b87d158,elizabethjackson@example.com,Tina Adams,Basic,Paid Search,2022-07-19 14:59:52.277766,ES,West Lisaburgh,True,1291.81
79f62d8b-c10c-4e09-921c-f5a82abd5ecc,rrivers@example.com,Karen Fisher,Standard,Referral,2022-11-10 18:06:50.107944,DM,East Heatherton,True,1585.87
b69eecc6-4df6-4a5c-8eb7-732d09c22f15,dalepruitt@example.com,Meghan White,Standard,Paid Search,2025-06-18 13:14:28.539818,MU,Cherylberg,False,443.19
0e7b88b8-ca7a-4a64-8159-19894d914c9f,arodriguez@example.com,Dennis Edwards,Premium,Direct,2023-12-20 08:19:22.548690,MA,Lake Morgan,True,612.41
319d0819-f9a1-4c7c-882e-fb57538ce456,reynoldsjessica@example.com,Michael Cruz,Basic,Referral,2024-01-28 19:33:05.585211,TH,North Dawnburgh,True,946.52
4559f83c-cb36-4e81-8052-1f148abec2f1,kchristian@example.org,Erica Rivera,Premium,Organic Search,2024-01-13 23:41:38.188383,IT,New Jeffreyfurt,True,851.01
c5c7a1e5-f1f6-441c-8f2b-8ca2b02a561e,christianwallace@example.net,Scott West,Basic,Paid Search,2023-09-23 21:43:47.852636,CL,Mcgeetown,True,661.58
5859861d-147f-4c67-ac61-be45b711c9d8,jjohnson@example.org,Rebecca Richmond,Basic,Organic Search,2022-10-29 11:52:55.594337,DZ,Pamelaside,True,541.83
f1995c06-5d06-40eb-b0d8-e1461f7d6764,xclements@example.org,Sarah Rivera,Standard,Paid Search,2023-02-20 16:16:01.753680,VN,Moranstad,True,241.31
31ac4be7-82ac-4dcf-9187-be4bd8d5a756,davisdonna@example.org,Ronald Brandt,Standard,Direct,2024-08-31 11:13:10.981814,JP,Jacquelineton,True,239.11
29ff89c3-ca25-46e6-a0f5-6588c319e36e,ttaylor@example.net,Ashley Carr,Basic,Organic Search,2025-03-17 18:04:14.375692,ET,Port Philipmouth,True,1524.38
ecd2ccf1-4b23-442a-a585-4c45f810c774,jenniferrodriguez@example.com,Mark Powers,Basic,Paid Search,2024-12-28 12:10:23.292061,CM,Ellisshire,True,432.77
e793c5ee-2926-448c-97da-d1f21eb23fc6,tamarasmith@example.net,Timothy Roberson,Premium,Organic Search,2025-05-21 17:50:47.635897,RO,Lake Beth,True,1449.17
966dc932-3d16-4569-9a4f-972a8222ee13,dalesandoval@example.net,Kathy Cruz,Premium,Direct,2024-09-16 10:39:52.570078,UZ,West Raymond,True,1049.27
b75815b7-83ab-4625-8f7f-998e5d4e0cf5,shawn22@example.com,Stacey Hunt,Standard,Referral,2023-07-19 16:53:45.481740,ME,Jenniferside,True,201.05
2a4fb349-20c9-408c-ae64-ad5650c68b7b,jasonklein@example.net,Michael Zavala,Basic,Direct,2024-06-01 03:51:42.121626,CF,New Amy,True,454.97
5b3aec18-47f6-43c0-992c-c44806dc7bb7,hodgesanna@example.net,Mary Butler,Basic,Referral,2024-06-05 20:47:10.229411,AE,Nataliechester,True,28.3
b344b0e0-5de3-4caa-a7b4-0e0967120f96,johnsondustin@example.net,Derek Floyd,Basic,Paid Search,2024-12-10 16:51:32.586252,JO,Dwayneton,True,548.62
fedac970-8604-478b-95e0-0eafc9619ebf,james80@example.com,Ashley Parrish,Basic,Organic Search,2024-08-03 17:24:29.127690,SZ,Lake Deborah,True,1106.72
2aebe226-b9f2-4ae9-ad22-6315a30795c1,heather06@example.com,Richard Jennings,Standard,Organic Search,2023-09-08 03:18:12.190159,TG,North Juliaborough,True,252.56
2a8b5f16-b85d-420c-a6f3-4ff2c08fc0f9,ogreer@example.net,Holly Chapman,Premium,Social Media,2024-05-18 23:43:35.800406,SZ,Port Jenny,True,981.76
2e933faf-03de-484c-a59f-598f820de491,rthompson@example.org,Christopher Palmer,Standard,Email,2023-02-06 01:06:19.654089,MT,South Joshuaview,True,1148.13
aa2febc7-d469-44dd-b5a2-47127237df41,adam72@example.org,Frank Williams,Standard,Organic Search,2022-11-28 13:02:16.459861,YE,Tracyshire,True,880.94
a28df6e1-6d78-4095-9879-d70f11066f1b,bowerslouis@example.org,Kelly Hartman,Basic,Paid Search,2024-03-02 20:21:29.647407,DJ,Danielsfurt,True,102.75
044a29dc-e564-40cf-b9af-6345f77c3535,nicolealvarado@example.com,Daniel Goodwin,Standard,Paid Search,2022-10-17 18:33:35.716087,SM,Barajastown,True,955.46
3a38de82-dbc6-44c2-82c6-0315a5607da2,sean99@example.org,Melanie Flores,Standard,Direct,2022-11-11 17:31:02.001418,CI,Scottport,True,801.41
146ff528-1adc-418b-9d23-bcd567040033,willie87@example.com,Steven Lee,Basic,Social Media,2022-08-05 02:20:07.571198,SG,North Garyside,False,1258.89
9346a7cf-08fc-42fb-8505-1b7e7d7921b0,clarkcrystal@example.org,Jessica Garcia,Standard,Organic Search,2024-02-13 06:30:17.091152,SO,Lucasland,False,298.4
ca7703b3-0f94-42ab-8226-984e936f1c87,andrewlove@example.org,Anthony Bauer,Standard,Referral,2024-10-04 09:50:20.819874,TH,New Lorraineview,True,607.67
f02d5904-6e75-4638-9a32-b029b3b248bf,bmccoy@example.com,Michael Nichols,Premium,Social Media,2023-09-28 16:16:30.927815,BA,Port Julieton,True,236.9
7010fb56-6e32-4546-a0ca-555cac44ed08,howardwesley@example.com,Elizabeth Miller,Standard,Referral,2024-08-14 23:55:58.694491,OM,Fostertown,True,1212.64
d930c08c-1cfb-4230-b9a3-28a0cdd0df61,derekmyers@example.net,Mark Evans,Standard,Paid Search,2023-12-10 09:13:43.005861,ZA,Susantown,True,451.37
f73fb590-fd61-4775-b803-48bfd076a7ab,davidsmith@example.net,Joshua Miller,Basic,Direct,2024-03-06 12:49:20.988675,GE,Jasonhaven,True,901.03
975d582d-9425-4419-bbff-003e225a7306,jeffreydavenport@example.org,Michael Bradley,Standard,Paid Search,2022-12-12 02:49:26.567804,BF,Newmanland,True,1720.33
f759869f-46d5-42aa-bf69-a57624e0c1fb,kingjames@example.net,Mr. Carl Rios,Standard,Paid Search,2023-05-23 12:00:59.489881,BZ,Christineborough,True,610.76
387bb7a4-d038-4b21-ac5c-1d7bef7bfa11,qmurphy@example.com,Brittany Knight,Standard,Social Media,2023-06-22 05:32:51.777392,KW,Jacksonmouth,True,1219.26
b68bbf70-2fe7-4a78-9c2a-92c95c31abca,jenniferdavidson@example.com,Brandy Quinn,Premium,Paid Search,2023-04-04 18:22:42.570530,QA,Griffinport,True,1895.18
f6d099f1-0379-4271-8108-23748aae3ac1,thompsoncatherine@example.com,Brenda Ryan,Standard,Direct,2023-12-24 14:39:53.065329,IN,Lake Charlestown,True,422.05
cdac4206-36eb-4834-b1e7-d5c17d153e6c,hessbeth@example.net,Andrew Green,Standard,Email,2025-01-24 22:28:34.840177,SR,Valdezberg,True,314.11
b504f63e-82b5-49af-ad5a-9d7c6b799e29,patricialawrence@example.com,Jonathan Davis,Standard,Paid Search,2023-08-13 20:40:36.802127,MM,Lake Johnburgh,True,150.13
130f2598-6111-4c9c-916f-bcb8f2e0fabc,seanwhite@example.net,Tracy Fitzgerald,Basic,Referral,2024-10-15 17:06:07.266326,RO,Billyfort,False,901.01
fcd079b4-62f9-4b02-be7e-76a7b43e19d2,mike03@example.net,Heather Harrison,Basic,Paid Search,2023-03-19 23:02:02.956881,PH,North Tinamouth,True,582.52
1d994c73-b86a-4d91-ac52-0476b28b2372,mary49@example.net,Jamie Gray,Basic,Paid Search,2022-10-30 03:10:44.441712,TZ,New Johnbury,True,1413.91
fb00f64d-311d-4104-9a44-34350cc5fe66,lisa57@example.com,Adriana Macias,Basic,Email,2024-01-25 19:48:55.023134,OM,East Chris,True,908.06
cf1b0131-af82-4caf-aea1-9b3a7d93fa90,edwardmoore@example.net,Bailey Hall,Standard,Paid Search,2024-06-13 02:20:12.659318,LS,South Emmafort,True,1847.82
f9bd1d81-3274-4147-9f6e-7d272d5fb49c,deborahjenkins@example.org,Kenneth Martin,Standard,Paid Search,2023-02-24 21:34:57.872492,ZM,New Dylanburgh,True,1250.12
8650c7e0-bcf5-470a-a839-d04901d3bcee,zacharysullivan@example.net,Sherry Luna,Standard,Social Media,2023-04-18 00:10:05.406408,JM,East Shanefort,True,1867.34
5fdf676f-46f8-426d-91ea-8ef7aedc31c7,jeffreyjenkins@example.org,Samantha White,Standard,Social Media,2025-02-13 08:20:09.511481,KM,Garymouth,True,1089.12
04798742-6f1f-4165-a57f-1faa61252f8a,hallpaul@example.org,Joseph Blankenship,Premium,Organic Search,2025-04-14 15:59:21.467676,LA,Serranoville,True,1816.82
8e577daa-0658-488e-80f5-0e9c7f431117,richamanda@example.org,Matthew Winters,Standard,Social Media,2023-01-19 10:21:46.093136,SR,Port Erikachester,True,142.82
272765c8-2131-4abd-9dd2-20a82adac3d9,nancy86@example.org,Karen Mack,Premium,Email,2024-02-01 00:59:06.807259,MG,South Dennisfort,True,615.22
d2b45727-8731-4519-84a3-f4401b49702a,campbellnancy@example.com,Aaron Manning,Premium,Organic Search,2024-10-25 04:38:51.448884,AF,New Adrianborough,True,1138.41
9a053163-862c-4a2f-a6f0-5bdf6da0322c,robert12@example.com,Dawn Wyatt,Basic,Social Media,2024-07-31 15:02:11.026233,NO,Cherylfurt,True,248.71
28464312-feb2-42a7-bb02-f830913747d6,jarnold@example.com,Justin Webb,Standard,Paid Search,2024-10-13 06:20:57.864888,KP,Kimfurt,True,1399.47
b3f12678-29f5-473d-8ae2-2cf1b44cfc97,adkinssean@example.net,Ariel Romero,Standard,Social Media,2024-09-22 05:43:06.748084,LU,East Paultown,True,1000.94
f11fbf80-176e-49e4-8dbd-c5212db5ddf0,thomasburke@example.org,Daniel Miller,Premium,Referral,2024-12-06 09:22:05.704016,AZ,Ariasfurt,True,160.88
75f55bb7-4907-430c-8131-983ef93f8ac4,jennifer90@example.org,Jessica Harris,Standard,Paid Search,2024-05-11 18:16:01.177994,KM,Jameshaven,False,864.06
4f344cf0-4145-44d1-9a01-f2a93a7a6df8,christinacraig@example.com,Aaron Moore,Premium,Referral,2024-01-25 05:08:14.788342,IS,Gomezfurt,True,500.74
a71d014a-3c5d-40b4-b122-2dab0fb24be0,aprilmclaughlin@example.org,Krista Barber,Standard,Referral,2023-09-26 06:53:58.365540,TJ,Michaelview,False,1923.82
c37cf095-3f5f-4d96-86ea-b63e005c3d5d,shawnpowell@example.org,Jason Rodriguez,Standard,Paid Search,2023-03-13 23:35:54.281586,BN,Matthewville,True,1150.4
3484ff57-0165-4ee5-9f60-55404aaf4eef,nancy94@example.net,James Webb,Basic,Organic Search,2024-12-04 19:50:20.116312,HN,Susanmouth,True,1999.14
cc4fb6f6-8b83-4fe1-9e71-baf35fb51bf5,olsonjonathan@example.com,Wendy Rhodes,Standard,Referral,2024-07-24 20:43:40.488413,GT,Robertstad,True,539.02
efed9e31-b24a-43ee-9834-7234861ae768,haynesjose@example.com,Michael Nicholson,Standard,Paid Search,2024-01-25 23:17:52.675659,BO,South Lee,False,1512.54
4ad285ed-a995-4e72-a5aa-cc02efa37598,ian37@example.net,Nicolas Salas,Basic,Organic Search,2023-03-05 12:20:12.347146,GA,East Mary,True,1303.02
248d170c-9716-45ee-bc0e-d67c5aefc50d,eric11@example.org,Mary Austin,Standard,Direct,2025-01-10 09:58:11.949693,SR,Port Timothymouth,True,362.98
9663dc63-5b98-4f7f-a405-3b4ad0bec90f,travis84@example.com,Kenneth Brown,Premium,Referral,2023-12-30 11:51:16.964056,NO,Ayerston,True,1269.57
515523b1-f3b8-4528-bf9e-d164884b4c2b,xdalton@example.org,Bryan Holmes,Premium,Email,2024-01-10 14:22:23.846403,KW,North Emilyfurt,True,182.48
c64926b3-bad1-458c-84d1-2e33784e5767,michael42@example.net,Derrick Mullen,Basic,Organic Search,2024-04-05 15:34:39.940494,LV,Ivanchester,True,666.62
71206b5c-1173-4710-b5db-bceb8ede7592,michael64@example.com,Carlos Johnston,Standard,Email,2023-02-24 17:04:24.872172,GT,Lake Josephbury,True,1715.47
6fc3056b-e8ac-431a-bd13-75711353d98f,zgonzalez@example.net,Robert Thompson,Standard,Direct,2024-03-08 12:34:28.800048,SB,Port Crystal,True,1387.35
6c26aec6-fee3-42b8-b780-131917508d85,kristen44@example.net,Amber Garcia,Standard,Email,2024-02-14 02:55:53.651513,DK,East Lisafort,True,1890.39
3b8c3f37-49f6-4b1f-875e-cfc6008fd8b3,colematthew@example.com,Justin Patrick,Standard,Paid Search,2025-01-13 07:18:57.191224,LY,South Davidborough,True,1100.19
14cdb57a-59a9-4004-8b25-6424327689a0,tiffanymitchell@example.com,Katherine Doyle,Basic,Direct,2024-04-01 02:19:36.106523,BR,Austinmouth,True,629.03
bd536f19-433e-4553-b126-8a02043dfbbe,mirandadavidson@example.com,Logan Sullivan,Premium,Social Media,2024-05-31 04:57:15.469206,BN,East Matthewmouth,True,1940.37
19bb7f09-cbd2-41fb-a9ca-257b6e1ba205,jennifer96@example.com,Priscilla Mcmillan,Basic,Direct,2023-06-21 05:40:40.051993,AE,Gutierrezburgh,True,1029.19
2baee4e2-2094-4d82-af8f-8232032d33bd,jessicastanley@example.net,Angela Jackson,Basic,Email,2025-01-30 00:05:24.011540,CA,North Sharonfort,True,1315.32
74f04cb8-dada-485b-a5ae-ae437d9b987c,wisealexandria@example.org,Luke Miller,Premium,Paid Search,2024-02-29 22:57:27.601497,MW,Jeromeport,True,826.5
45c80640-d2bd-4d75-85c8-ea680f877301,davidroberson@example.org,Howard Herman,Standard,Social Media,2023-11-06 14:33:20.783847,PY,Proctorside,True,723.56
7876475d-93b9-4159-9930-8d335db7c391,staylor@example.net,Kyle Welch,Standard,Organic Search,2025-04-28 08:51:11.759859,ZW,Millsside,True,1250.82
2246c06b-51a3-42d1-9c12-be6300d048bf,timothy31@example.com,Jason Moore,Basic,Email,2023-06-13 07:53:33.342108,AG,New Lisaberg,True,407.12
8db2c08e-b6dc-4df5-8c1d-fe81d245aeb0,snichols@example.com,Karen Smith,Premium,Organic Search,2023-07-20 19:52:47.644120,NR,Carlatown,True,1855.35
926edc63-f5bb-4a95-a623-b3e7501b887b,robertcastro@example.com,Miguel Brewer,Basic,Direct,2024-02-29 17:07:53.598511,MT,West Christian,True,1396.5
55621e86-52f7-4344-a544-eaf0c0323f24,justin84@example.com,Barry Taylor,Standard,Email,2024-05-24 04:56:10.826809,CG,Williamsonview,True,1946.29
1ab42d90-572d-461d-90b9-76d8c0fd1edb,blopez@example.org,Joseph Lopez,Standard,Referral,2024-08-14 13:09:57.545978,CA,Josephmouth,True,478.59
01d3a714-d68b-420c-9ec4-133017c762cb,christophersmith@example.org,Eric Lloyd,Standard,Email,2024-09-12 17:34:48.597539,MR,Terryton,True,1101.68
6341e7c8-6b0f-468b-b2fb-3cb1f8e16a89,brianrowe@example.org,Catherine Huang,Standard,Organic Search,2023-07-05 21:16:59.106601,ID,Claytonville,True,186.42
73a66d4c-1467-4fd8-a06c-a071ac283d2f,paulproctor@example.org,Amanda Murray,Standard,Email,2025-06-10 21:55:53.983708,BY,South Paul,True,1825.86
c0ee7cc2-73d9-4805-84eb-0ac6a462059e,eric08@example.net,John Evans,Standard,Paid Search,2025-05-27 05:57:10.515452,ML,Port Elizabethville,True,234.93
94135b61-2ff2-48cf-918c-ac1e1d9fc647,knguyen@example.com,Jennifer Sanchez,Standard,Organic Search,2023-03-24 13:54:05.943852,BB,Barkerberg,True,996.75
829f199e-56bd-4933-8c01-94a6d4b439d3,wrightvincent@example.net,Tara Shea,Standard,Paid Search,2023-08-19 23:24:59.705839,YE,North Michaelberg,True,1017.74
ea95d576-0ab3-4516-a866-c70bcb3a2484,martinezjesse@example.net,Nicole Trujillo,Standard,Direct,2024-08-15 11:39:51.892231,OM,North Hannah,True,1669.45
e62dc7db-d508-4275-a77c-f5a4e4884b01,johnwilliams@example.net,Edward Terry,Basic,Paid Search,2023-08-05 11:28:22.463538,ET,New Michael,True,487.46
c94ff60b-9717-479a-88a8-a9e30375efd4,mikayla98@example.org,Christopher Phillips,Standard,Social Media,2024-09-18 12:49:59.506019,IN,Shawnhaven,True,767.17
af4a7aa0-bc09-497a-831f-1f607485bee2,nicoleharvey@example.com,Cynthia Le,Basic,Referral,2023-08-28 08:27:24.581397,KM,Leefort,True,1016.48
3c50386c-87c0-4ef9-bd87-283d4897c20d,chloemorris@example.net,Brent Hopkins,Basic,Referral,2024-10-25 01:21:57.094610,BD,East Morgan,True,1728.05
7cec93fd-300e-4fc4-b22c-0b71755162c2,clee@example.net,Jasmine Burns,Premium,Direct,2023-02-15 10:46:14.678405,VU,Brandonbury,True,1580.01
42728e2b-b19d-4362-a096-13344d8088b9,smithsamantha@example.net,Steve Miller PhD,Standard,Email,2024-05-02 23:34:26.644440,BH,Angelachester,True,1868.5
7260484a-3316-433b-8c79-7b814e783acc,colonjoseph@example.org,Sandra Miller,Basic,Direct,2024-12-25 17:42:12.276482,GM,North Jessicaside,True,1641.1
81631d09-97ca-4bc3-a3d0-71479cac3a9d,aliciawright@example.net,Kristin Grant,Standard,Organic Search,2023-09-04 05:48:05.271221,AE,Port Daniellestad,True,597.11
c74dfc91-5a6d-4e0e-b83a-44a611de5a37,kandrade@example.org,Kathy Sandoval,Premium,Social Media,2024-07-17 01:57:42.304172,SN,Mahoneymouth,True,1997.8
c57a01a6-a3d2-4c1b-926c-766a7310b156,megan66@example.net,David Gardner,Premium,Referral,2024-03-02 18:17:06.101465,MT,Michaelmouth,True,297.19
d35791ef-9006-459c-aebc-9ad65b9f5858,csmith@example.com,Kelly Holder,Basic,Direct,2023-11-11 08:40:09.104420,KI,West Traceyborough,True,690.25
628e4617-6719-4a8f-8612-159da1fc15fb,ingramsherry@example.com,Kayla Duncan,Standard,Email,2025-01-31 15:45:41.672710,TO,North Benjamin,True,1086.86
fd7f710a-7856-4f56-9b3f-9463c72be7f4,josephpreston@example.org,Robert Davis,Basic,Direct,2023-08-02 17:25:15.139934,MZ,Lake Chris,True,643.55
c22bddcd-cc19-4639-993b-59bf9d223177,sthompson@example.net,Susan Larson,Basic,Direct,2023-06-29 19:09:35.291916,KG,Lake Lindseyfurt,True,1395.0
5df054e4-c4ef-4019-9994-cb37185fd9e1,weeksmatthew@example.com,Sean Kane,Premium,Social Media,2022-10-03 00:23:02.395315,GT,Lake Kimberlyfurt,True,467.12
5a3b6cc1-88d9-4028-937f-1f2319b21b54,floresannette@example.com,Connie Williams,Basic,Paid Search,2022-09-06 08:03:35.168369,ES,Maddoxshire,True,87.29
d35835a2-fbaa-4f20-9260-62dbc77faf63,ryanhartman@example.org,Bradley Duncan,Standard,Paid Search,2024-01-13 01:39:03.180130,BE,Bakerfurt,True,1410.46
3154a243-5152-4942-888a-7db27a816329,kathleencastillo@example.org,Matthew Gonzalez DDS,Standard,Email,2024-01-09 21:13:29.733609,LK,East Charles,True,772.16
0da467bb-869b-4220-be97-60a6b605e188,gail91@example.org,Jessica Bailey,Standard,Paid Search,2024-11-06 03:37:48.227164,LI,Brittneytown,True,1641.5
16b39052-1f37-4045-ab66-c362936cdc75,vanessajensen@example.com,Jessica Glass,Standard,Social Media,2024-10-29 09:09:59.013326,HT,Lake Nathaniel,True,990.66
931fe5f4-18cb-4436-8f5e-50bd1b78cfa3,rodriguezbrian@example.net,Sheila Wilkins,Premium,Email,2024-10-16 06:58:45.806712,AL,Heatherville,False,1004.58
cef46429-b3fc-46a4-81a9-d257da4f741b,njohnson@example.net,Christina Mills,Standard,Organic Search,2023-06-08 08:25:00.263183,IL,Deanberg,True,1739.4
5bcf8c63-b84b-4e5f-83d3-c622520e6281,bennettrebecca@example.net,Christopher Campbell,Standard,Direct,2024-08-08 15:07:20.743925,MC,Briantown,True,880.61
94551263-3a62-4b82-8b67-2a7223221e86,elizabeth51@example.org,Stephen Hughes,Standard,Social Media,2022-09-19 23:58:57.860895,MU,West Toddside,True,913.86
b97b5692-914f-49dd-8055-98de3e5e8630,vincentellis@example.net,David Moreno,Basic,Referral,2022-10-13 11:20:46.025740,LT,Longburgh,True,819.96
fd2e9d82-4afb-4023-b505-de39a0a3560f,michael43@example.net,Antonio Scott,Standard,Organic Search,2022-07-29 03:46:53.396717,MW,New Stacybury,True,308.72
36819aea-b907-4a05-a088-b0d2178bbab0,fsandoval@example.net,Tyler Salazar,Standard,Paid Search,2022-12-22 06:09:16.028673,YE,South John,True,1938.41
3ca627cb-02b0-45f3-b5f9-c0a16391f4f8,renee57@example.net,Matthew Carpenter,Standard,Paid Search,2022-12-23 09:31:45.196989,LA,Port Devin,True,1385.41
24e44781-0643-46c7-b21e-cd06b2a8655a,russellstout@example.org,Krystal Moore,Basic,Referral,2024-08-01 11:09:47.125773,BJ,East Lonnieberg,True,1703.53
cf52176a-7b6f-4683-a33e-ee2a8e025aae,nicole66@example.com,Timothy Shannon,Standard,Email,2024-09-12 16:51:21.646285,SZ,Edwinborough,True,1718.68
92d2b3ed-a2f4-49f4-9bd6-6454fd6f8610,anthonyodom@example.net,Keith Hall,Standard,Referral,2022-11-03 00:26:24.755743,HT,Lake Anthony,True,633.32
ca68c67d-d49e-48db-a8c7-c2ebeefbe20c,manderson@example.com,Jacqueline Christian,Premium,Organic Search,2022-10-04 02:37:46.518415,RW,Taylorborough,True,1518.8
1ff907dc-8ebe-4c43-b8fe-c0c897afc0c1,aduran@example.com,Courtney Powers,Standard,Direct,2023-03-13 23:00:28.663053,FR,North Gregory,True,71.8
c673defd-b0d6-435e-b24c-ebe4683461bd,fcamacho@example.net,Jim Wright,Standard,Direct,2025-05-20 02:37:50.454260,NA,New Jillfurt,False,1262.32
d2acc457-9fff-4df0-9533-ab028da47dea,vcarr@example.net,Kelly Liu,Premium,Referral,2024-09-05 03:58:01.282414,AZ,South Stephenton,True,1994.85
5a8a93ee-e449-4540-8a36-40b99ea386f6,aprilfoster@example.net,James Hubbard,Basic,Email,2025-02-24 19:52:00.332313,BE,West Scott,True,867.94
e08039b8-e4ab-4bd3-be45-30fa97041262,steven64@example.net,Melissa Mckee,Standard,Referral,2025-03-04 01:53:33.478232,PL,Davishaven,False,1267.5
31c99955-f6c1-4a74-a867-e5ecb4d165c0,phillipmorris@example.org,Kevin Marquez,Basic,Organic Search,2022-11-10 00:44:48.609371,FR,Davismouth,True,887.36
7ef536f1-39b3-40b8-83d5-54f883bfccff,jennifermartinez@example.org,Madison Miller,Standard,Social Media,2024-08-04 22:55:43.817312,KN,Acostahaven,True,1806.85
34f260d5-6349-451a-886a-17fe458c2620,nicholasjames@example.org,Krystal Keller,Premium,Direct,2024-05-09 16:29:05.150765,CZ,Port Duane,False,1592.29
3f0cc43a-7ce3-4f45-b119-4f33dffd8591,barneskyle@example.com,Christopher Roach,Premium,Referral,2024-10-28 19:22:24.916364,FR,New Kathytown,True,749.68
ed9acb97-73b4-4070-970a-d696265e23e0,astephens@example.net,Cynthia Chapman,Premium,Organic Search,2023-11-23 13:41:46.814300,PY,Ortizland,True,1062.33
f87513cf-9fa2-486d-86bb-3d00c062922a,sanchezamy@example.net,Samantha Clark,Basic,Email,2024-04-27 19:00:08.409604,ER,North Denise,True,1585.04
b121fb1e-bf98-4bb8-8a2d-89f76857a34d,estradamary@example.com,Brandon Rodriguez,Premium,Referral,2022-08-18 06:18:20.614007,EE,Lake Justin,True,157.94
83a7048c-9b7c-4d63-9a1e-a05355a581b7,tammycurry@example.com,Anna Evans,Premium,Social Media,2024-07-02 05:09:41.412483,MN,Wilkinschester,True,1239.42
de5bf560-032f-4e4f-8ebb-fd6cc4b0b3c8,carterdennis@example.net,Erin Gutierrez,Standard,Paid Search,2025-01-18 01:23:29.088509,GE,New Brian,True,1825.66
b17c3fe2-f833-4a7a-aa73-55aeb1e52a0f,webbhaley@example.net,Lee Stewart,Basic,Organic Search,2024-03-26 02:02:30.883428,SL,Sarashire,True,922.3
d9eafd45-f1a7-44f9-a463-4f181412db76,lvasquez@example.net,Dylan Lee,Basic,Organic Search,2024-01-03 22:31:51.182645,CL,South Colleenville,True,510.65
f86fa3f9-7872-46ae-b035-292d8333b137,laurenduarte@example.com,Gregory Shaffer,Standard,Direct,2024-09-24 02:03:15.513722,GH,Lake Jamesport,False,1609.27
79d8ace2-d455-49c5-b1da-c8be101737b8,parkerwilliam@example.com,Ashley Cook,Basic,Referral,2023-04-13 19:07:50.743489,MY,Port Gregorymouth,True,1355.22
2b7a41a0-445e-4527-8f82-605d9a584913,zhendricks@example.org,Karen Burton,Standard,Organic Search,2025-01-07 15:58:45.602898,SO,Stevenchester,True,883.46
0793e37f-ca26-4dca-90e1-232b04e9e961,conleykevin@example.net,Kristen Smith,Standard,Organic Search,2025-04-20 14:59:41.080667,TR,Laurenstad,True,1175.14
a6a7a563-5d04-476c-9907-f0a776b2ad84,juanjohnson@example.com,Sarah Duncan,Standard,Paid Search,2022-09-19 13:51:53.393846,MW,New Darryl,True,848.62
71067572-fb15-4b2c-85c9-43138e75b9ad,janet50@example.com,Jonathan Young,Standard,Social Media,2024-11-12 06:09:34.252375,PG,Javierport,True,1690.61
368fadc5-eee9-49f8-9d97-95ddcd86e7e2,kristen31@example.com,Rebecca Stein,Standard,Direct,2023-01-16 19:00:04.047476,DE,West Sandra,True,769.39
b27a50b6-2b38-492c-9cc1-13477a835911,kimberly21@example.net,Brandi Hardy,Basic,Social Media,2024-09-18 13:50:59.137527,PK,Reeveshaven,True,474.41
6cb01050-bda3-4c83-8766-6510d17f0adc,sarah91@example.com,Angel Meyer,Standard,Email,2022-11-12 22:48:47.989053,KM,Andrewport,True,1149.62
73810815-b340-400f-b538-cc54920ad899,manuellee@example.com,Patricia Lambert,Basic,Referral,2024-06-08 00:40:54.043930,IR,East Joshua,True,590.46
495a3d54-be03-46a0-a9c5-28928c6fdd21,clarkmichael@example.com,Tony Brock,Standard,Direct,2022-07-25 17:51:07.618212,TO,East Charles,True,1316.46
b394c620-d1b4-4992-a7fc-463e04e7c310,amber02@example.org,Michael Rodriguez,Basic,Email,2024-05-10 23:47:15.741137,BF,South Philipshire,True,1131.86
a6979721-3d32-4648-a3b0-2a0ba89c4f10,tjensen@example.com,Michelle Lambert,Basic,Organic Search,2024-05-28 18:00:32.139354,SN,Port Kathyshire,True,1489.34
c2dfea9f-0d9b-474c-9ea8-bfa4f26a5edc,tdavis@example.net,Pamela Ruiz,Standard,Referral,2022-11-30 10:29:57.606421,GR,Port Paula,False,1212.81
266d804d-e89b-4744-9c72-a4e3b38381cc,philip55@example.com,Mr. Brian Mendoza,Basic,Organic Search,2023-04-17 18:43:40.001319,DO,Katrinashire,True,1808.31
23d2ab25-7ca3-482a-9c02-320e28a972d1,sullivanjennifer@example.org,Matthew Sparks,Premium,Direct,2022-11-25 14:45:27.666363,SN,Moraleschester,True,1597.72
c860ab6c-91af-4f0a-8481-7f2e330f870e,amydickson@example.com,Daniel Benson,Basic,Referral,2023-03-27 10:31:23.497338,NR,Bradleymouth,True,704.64
afcad5fe-b6f5-43d3-8dcc-a626430bbbb6,gilbertcaldwell@example.net,Laura Tucker,Basic,Organic Search,2024-02-25 16:13:04.009251,UA,Nguyenville,True,1241.78
4029ec00-95c5-47ab-8cd9-9035cba147fe,kylesullivan@example.net,Robert Wise,Premium,Referral,2024-12-25 17:36:44.343365,MU,Troyton,True,1441.86
a5f4522a-ef6d-4168-a5f9-b3e8f4950d84,paigeberger@example.net,Nicole Guerrero,Premium,Email,2022-10-16 05:24:49.398344,PG,Petershire,True,1676.67
132de0aa-56b8-469a-85e7-237bf51bbd44,erinstewart@example.net,Meghan Sellers,Standard,Email,2023-11-10 23:43:39.303418,NZ,Veronicashire,True,1806.81
067ac88d-e439-43fe-b9d7-25ee4926ba71,sabbott@example.org,Joshua Brown,Standard,Referral,2022-07-17 22:09:22.314432,MA,Danielport,True,617.87
4c3f146a-d7af-498f-96b2-0efbb5ec1808,ryanlawrence@example.net,James James,Standard,Referral,2025-02-11 13:39:42.280058,ST,Lake Glenn,True,1159.15
98bceeed-d09f-4dd7-8f12-afff5f3aa404,xbridges@example.com,Zachary Santiago,Standard,Email,2022-12-08 09:46:29.441040,CR,North Deborahberg,True,180.27
b7c2733d-a834-4cbb-adff-6f2fe58d7c0b,ibarrett@example.org,Robert Dalton,Basic,Social Media,2024-09-06 09:54:06.166269,MC,Hansonmouth,True,1494.96
833e0852-5ac5-4a9e-a258-bc43ea793d53,ocruz@example.org,Adam Jimenez,Standard,Social Media,2024-01-18 04:52:06.907401,ES,Lake Walter,True,264.32
664768b0-166a-426e-b1b3-62f7e540e6d9,arthur09@example.com,Ashley Olson,Standard,Paid Search,2023-10-02 04:33:32.273903,FM,East Jessicahaven,True,1942.98
98312776-4713-411b-872f-e6ba4816f6b5,steven18@example.net,John Harmon,Standard,Referral,2025-06-20 18:05:48.804457,SV,Lake Cynthiashire,True,1826.97
e54f08b5-1a87-4d93-8a76-3afe0c81067c,bergeramanda@example.org,Jose Harrison,Basic,Direct,2023-06-16 10:32:04.629181,ES,Robertport,True,513.94
cb403431-fa96-4b0c-bf27-a756872697d9,nealcarla@example.com,Kristy Brown,Basic,Direct,2023-05-21 22:02:14.475066,PY,New Brett,True,963.7
03ce49f0-01b6-4b33-8611-75c6b367a9a7,mitchellchristopher@example.net,Richard King,Standard,Paid Search,2025-06-28 04:32:35.394179,VE,Joshuaview,True,1493.12
23d6d22b-444c-4de8-8692-ef1cfb8d3b16,munozrenee@example.net,Jeremy Morton,Basic,Email,2022-07-24 14:08:32.916899,IL,South Henry,True,230.34
312b7007-6781-4766-969f-b5c2205e3618,cooperchristopher@example.org,Samantha Monroe,Basic,Direct,2024-02-06 21:32:03.579554,GB,Townsendbury,True,281.51
90274c59-1bbd-46a7-a736-138775b4f850,jasonnavarro@example.com,Dennis Weiss,Premium,Organic Search,2024-07-01 22:23:40.630821,BF,South Raymond,True,1720.28
7e0a4b82-9ddc-42e8-90b9-81999de201f6,noahthornton@example.com,Joseph Graham,Premium,Email,2023-06-04 05:46:39.877080,JO,Reyesmouth,True,1959.88
da1c8868-a3ca-45cb-9e81-d6264d4f8721,davisamanda@example.com,Jessica Hull,Standard,Email,2025-05-27 20:23:08.014788,IR,Josephville,True,1609.18
ffb8a173-a343-427d-8b67-23a2188ce747,rmurray@example.net,Michael Townsend,Standard,Email,2023-04-14 19:29:32.914482,SK,Ericaburgh,True,1581.36
492ace84-df0c-4cc9-a705-dd928bcfeaf5,chambersmarie@example.org,Joseph Jennings,Basic,Referral,2023-06-17 06:47:10.764542,MG,Lake Justin,False,1073.14
c56a51fb-4648-47c0-b58b-32dbf387fa8e,harveybrian@example.net,Sara Sampson,Basic,Paid Search,2023-02-05 14:06:30.402574,DZ,Lake Susanland,True,1345.66
061d0d12-9fd8-43c5-9ff9-a039b804b7d2,nicholasgallagher@example.net,Tracy Kemp,Basic,Paid Search,2025-02-01 10:42:21.976661,MC,West Kenneth,True,1169.12
b994eeb5-3f21-4b98-bf52-acb243539d61,fowlersandra@example.com,Melissa Contreras,Premium,Social Media,2024-07-01 17:24:46.096698,LI,Fernandoland,True,1880.58
148e91e6-6f21-453a-ac4e-ca8951fad85a,reyesmarvin@example.org,Robert Thompson,Basic,Organic Search,2023-05-08 20:32:54.554574,BJ,Krauseborough,True,467.64
4fafa07f-75fa-406c-b9f6-ea2ef2d7fae5,debbierodriguez@example.net,Colleen Schneider,Basic,Organic Search,2024-05-07 17:55:17.391381,PA,Dakotaland,False,1768.47
42bdbb0f-eb72-4633-b45d-0cf7ffa9030b,kimberly07@example.org,April Johnson,Premium,Referral,2022-09-24 04:17:40.655699,MW,Edwardmouth,True,1830.51
919783b0-9d8c-4995-9197-56c95190b961,robertsonshelby@example.com,Jared Luna,Premium,Email,2025-03-26 05:37:21.999234,BJ,North Patrick,True,126.43
79d9788e-6a1c-4896-96f2-199e4653c305,imartinez@example.com,Eric Brown,Premium,Organic Search,2024-08-02 06:20:22.436968,KH,West Amandamouth,True,1818.78
ac349b46-63f6-4257-a57a-d9a3f7d305ed,shodges@example.net,Julian Ponce,Standard,Direct,2022-10-05 04:26:11.540136,HR,West Heather,True,816.59
81d8d8e8-53a6-4b9c-9def-a54ebd24725f,tom73@example.org,Alexander Davies,Standard,Referral,2025-03-17 07:07:11.729317,GY,Priceside,True,1892.52
13facc44-7e01-48e0-8d0e-019902519349,zferguson@example.com,Alexis Morgan,Standard,Referral,2024-06-13 00:30:45.888289,LU,South Davidhaven,True,985.25
50d0fbe0-9b1b-4e10-8bd3-7ebb8bef76f9,joycehall@example.org,Charles Valdez,Standard,Email,2023-11-23 06:32:08.772492,PW,East Jacquelineberg,False,1774.52
03363027-12af-4c3a-80c5-6bbecfe59bbd,conwaylori@example.org,Christopher Garza,Basic,Paid Search,2022-07-24 18:24:27.941712,CD,South Brookebury,True,907.29
f0ba3a7a-33df-45ad-84cc-98eb92a7bc0d,ronaldcain@example.net,Erika Daugherty,Standard,Email,2022-09-16 04:15:58.400310,TR,West Mary,True,1486.28
adfa4cb2-ddee-4278-9229-e93227e77237,watkinsmatthew@example.org,Peter Jackson,Standard,Social Media,2024-11-24 01:03:31.058987,MN,South John,True,838.25
f5e7a9ef-704f-416c-b410-fe01685e2b96,craigboone@example.net,Christopher Hobbs,Basic,Paid Search,2024-04-06 17:17:07.905816,BR,North Harryland,True,309.05
fe40b18f-0641-4084-b070-7834878743f5,robert72@example.org,Devin Cole,Standard,Social Media,2024-08-21 10:00:51.993585,GY,New Heather,True,198.04
cabf8748-95b2-43e0-a7f0-219514886981,fsalazar@example.net,Elizabeth Barnes,Standard,Social Media,2024-04-22 08:58:22.492547,TH,East David,True,816.23
ca3eec09-8b39-4667-b6cf-977cb8a2626f,montgomerymichelle@example.net,Julie Sims,Premium,Social Media,2024-02-09 23:26:02.592658,GE,Brianville,True,65.43
e88f4647-e833-4910-ae39-b8e6726198a8,kjimenez@example.net,Amy Diaz,Premium,Organic Search,2024-11-27 21:23:46.720917,GE,Kingmouth,True,886.77
4cf23c36-17a7-4eda-b739-1b34455029e4,buckleygregory@example.org,Mr. Steven Griffith,Standard,Direct,2022-08-25 11:46:26.092835,UA,Robertmouth,True,1710.9
e54d1d50-98b4-4914-a23d-80e623d8da73,nguyencorey@example.net,Curtis Vance,Premium,Organic Search,2023-03-18 02:40:45.367697,BN,Richardston,False,1371.36
417d3e71-4532-4780-875a-53e3793f3880,javierlynch@example.org,Chad Cortez,Standard,Social Media,2025-03-10 18:04:35.072465,ZM,Theresaborough,True,1955.69
a0b118ae-29cd-4a32-b8df-5752f0b933b5,schwartzbrian@example.org,John Barnes,Standard,Email,2023-07-12 01:40:13.753429,PS,Jeffreyport,True,796.28
5fbdbfff-feb9-4143-b045-ee9779cea565,belindatran@example.org,Scott Burns,Standard,Organic Search,2024-04-30 10:37:35.052422,GM,Hoodview,True,244.32
e9fe9b28-198d-4d61-8418-4ea3f4ee525e,pfitzgerald@example.org,Kevin Snow,Premium,Email,2022-07-24 22:03:14.156341,UA,New Rachel,True,909.43
c773addb-828c-4315-ad65-2a22214344db,williamsthomas@example.net,Joseph Mendoza,Standard,Email,2023-10-09 18:54:19.254035,MC,South Tylerland,True,1283.41
1779f740-eeb2-4b5f-aea1-9dbcaff3f8c4,steelerichard@example.org,Edward Holland,Standard,Email,2024-03-11 23:19:48.278086,BW,South Elizabethburgh,True,42.71
befb69e3-6fb7-4d56-a453-f0099d7e9c7c,braysteven@example.org,Jennifer Clarke,Standard,Organic Search,2024-08-17 15:38:13.157632,MN,Padillatown,True,487.14
63576868-5599-496c-9905-6f37db6c5782,cruzhannah@example.net,Jeffery Nelson,Standard,Referral,2025-02-05 18:21:55.529386,VA,Port Gail,True,1129.16
0eb2a6f2-d9cd-4525-b032-80ad87cf6c0e,jill08@example.net,Anthony Reyes,Standard,Social Media,2024-05-18 20:55:34.975041,PT,West Michaelside,False,1530.31
dbc95873-0f9c-4a36-a5cf-afa16cf5e0d5,devonrogers@example.net,John Crosby,Standard,Social Media,2024-08-19 08:54:06.931691,TT,Port Julie,True,431.9
f44b440d-7307-4b3a-9d84-20a34f84f6c2,rachael86@example.com,Jake Chavez,Standard,Direct,2023-03-13 01:01:40.104662,SC,South Jenniferside,True,657.12
705b89ff-cf94-44fc-82e7-cde4ae08e2bc,zoliver@example.net,Rhonda Everett,Premium,Referral,2025-03-20 13:45:43.035654,BI,South Christopher,True,1801.06
a0b37f18-c05a-4cba-919c-0b4feafebfcb,keithfrye@example.org,Brian Hernandez,Standard,Social Media,2023-09-10 02:31:44.803995,CZ,New Stephanie,False,1716.81
faa1147b-807b-4de1-9598-1f0eba30edb8,imontes@example.org,Jason Rojas,Premium,Direct,2022-08-02 21:20:03.443683,AO,Jaimetown,True,259.98
4762783c-b6d8-43a8-bf52-7330349a0a06,marystone@example.com,Grant Lucas,Basic,Paid Search,2025-02-18 06:26:41.984935,LR,Watkinshaven,True,348.99
a542c1f9-7241-4612-8d57-639c74f3faa5,kellis@example.org,Elizabeth Mccormick,Standard,Email,2025-01-16 12:31:44.206238,GT,Watsonport,True,51.56
a9cfaba6-81bb-41a8-bbc0-9362016aa3e6,hernandezjustin@example.org,Caitlyn Nichols,Standard,Direct,2024-10-29 10:57:58.721568,EG,Port Jean,False,1579.97
b24ef9e6-dd07-4aa6-82be-6887f4e762e0,evanwilson@example.com,Jessica Wood,Standard,Email,2025-03-26 08:05:03.480334,GA,Lake Loganstad,True,647.54
33b2f561-abc6-4db9-bb5d-b43eea6b3811,kfernandez@example.net,Thomas Sullivan,Premium,Referral,2022-12-18 03:10:20.581669,SB,South Sarah,True,104.8
a8752161-789b-40f1-a931-f35ced283fa0,deborah47@example.com,Nicole Mcknight,Premium,Social Media,2022-12-27 00:25:06.288697,TL,Port Annette,True,1052.17
398ddf23-3ab0-4005-9c78-92cfc95b95ac,hmorgan@example.net,Andrew Gregory,Standard,Paid Search,2025-03-28 17:08:23.824169,CI,Angelbury,True,952.49
9a77164f-25f1-42da-88c4-9655f1d666b0,nguyencathy@example.org,Courtney Walls,Basic,Paid Search,2023-11-09 16:30:38.434333,IT,North Christopher,True,1026.48
34519364-adc8-491a-a67d-b6d3855b4274,daughertypreston@example.com,Larry Harding,Standard,Email,2025-01-24 18:54:10.659549,TL,Raymondchester,True,1007.68
cddcccd9-9a5f-45b0-ae98-3bba7c78669a,alexander55@example.com,Shelly Miller,Basic,Referral,2023-08-18 00:54:16.869262,ZA,Figueroachester,True,86.73
e895d315-f826-415f-955c-9581e05ece8e,frank66@example.org,Linda Thomas,Standard,Organic Search,2024-12-05 15:23:04.878997,KI,Mcneilhaven,True,1733.96
eee17b0d-e716-47fa-85f6-719d14678609,fitzpatrickbrittany@example.com,Jason Rocha,Standard,Social Media,2025-06-24 02:32:48.561879,NI,New Steven,True,916.09
d88864fe-fd84-4fd7-b575-cc8889d2ac9f,jamescollier@example.com,Amanda Mckenzie,Standard,Direct,2024-03-22 07:17:47.557660,TV,Troymouth,True,121.65
59deb5cc-56c4-4668-a192-f8254c9a8bbb,moorekevin@example.net,Kaitlyn Valdez,Standard,Referral,2023-03-12 00:54:47.074586,JO,Whitebury,True,803.23
5f0b3a2b-cc5b-468e-a5de-44e529f106c0,trevor19@example.net,John Graham,Premium,Organic Search,2022-08-09 04:36:16.425458,IL,Mccannville,True,980.54
d5a941e9-0813-4094-a6b2-1edbb4fc750b,brucefrancisco@example.org,Joel Steele,Standard,Paid Search,2023-08-21 22:50:42.412270,MK,North Joseph,True,146.98
d2f9fe91-60e5-443f-bc42-636fdf00be47,brandon48@example.net,Kayla Miranda,Basic,Direct,2023-10-11 16:43:09.127052,EG,New Karenside,False,1216.59
a8fc6fd5-c0db-49da-8e09-5033dca3d5ec,margaret44@example.net,Heidi Ferguson,Standard,Direct,2023-06-27 12:19:29.599107,MH,North Derrick,False,550.03
b7531ab8-9c62-41cc-9ba2-e2eab42fd318,kjenkins@example.org,Jonathan Decker,Basic,Email,2023-05-13 09:09:48.879007,TJ,South Stevenland,True,1096.71
af3a890a-2078-433b-90b4-33e883ecc0a0,sandramendoza@example.com,Brenda Ramos,Basic,Direct,2022-11-13 18:00:05.410861,UG,Geraldport,True,1989.26
7d5e96cd-9349-484c-9393-181cdc078a43,walkermelissa@example.org,Elizabeth Clark,Standard,Paid Search,2022-08-09 12:56:22.370926,BR,Vazquezville,True,907.43
32c55cdc-490d-4004-98a3-e75cdbaae554,ctodd@example.org,Ricky Palmer,Premium,Organic Search,2022-10-02 04:52:07.785349,BH,Wilsonview,True,198.36
0d64e7ee-8bdb-445a-8dbd-a2052cd3c019,elizabeth11@example.net,Steven Lopez,Standard,Social Media,2022-08-25 10:49:39.234998,MG,North Dustinview,True,1705.59
777d0208-1378-483c-98e4-f0ad5e618805,michael89@example.org,Andrea Weiss,Premium,Social Media,2025-05-13 15:16:49.601888,AL,Lake James,True,1537.93
181111b3-fa0b-4cbc-9fad-5f9bbb93f7b5,beltrancorey@example.org,Sarah Wells,Standard,Email,2023-05-13 20:42:32.074184,MC,South Emily,True,430.05
18221135-a09c-41b1-bb73-faea74805b0f,tina63@example.net,Brian Rollins,Basic,Organic Search,2022-11-03 14:59:04.184355,CM,Rodriguezberg,True,456.99
a37c10cd-80b0-4251-95a4-1aaf628b1d17,janet80@example.org,Brian Campbell,Basic,Email,2024-01-03 07:15:16.779719,US,Gloriamouth,True,907.0
ca5649e6-e4e0-4aa9-9210-b90b6e8bd6a9,broberts@example.org,Stephanie Lang,Standard,Paid Search,2023-03-13 12:29:55.574204,GD,Harryfort,True,190.17
1053ceab-b6d5-480f-88dd-0724790498da,qkim@example.net,Charles Morales,Standard,Email,2024-07-14 10:55:29.732638,UA,Lake Saraburgh,True,1330.22
647383a9-415d-40b2-9118-05d86f086b12,matthewlarson@example.com,Ryan Hardy,Basic,Referral,2022-09-17 22:20:59.084190,IT,Katelynfurt,True,305.28
52e352dd-6efb-4bd8-b2da-ac1d89b4d3ec,garcher@example.com,Jesse Martinez,Standard,Direct,2023-08-03 05:01:57.110198,RW,Hallberg,True,134.27
a31b208c-724d-4fa4-b803-dc5ee9720f00,greertyrone@example.org,Janet Shelton,Standard,Referral,2022-08-10 14:17:22.663628,DE,Christyville,True,186.46
25b38949-a42a-4aea-8b4a-5cf0f106d8e6,msparks@example.com,Katherine Green,Standard,Email,2024-10-18 23:04:59.699643,LV,Port Anthonychester,False,1477.59
22f16f02-2a9d-45e2-ab26-2ae85c1adec2,reyesleonard@example.com,Andrew Thompson,Basic,Email,2025-02-27 09:33:11.338894,KM,Nicoleburgh,True,1112.74
7529a130-5f09-43c8-8188-ce613e6b032f,larryprice@example.org,Katherine Spencer,Premium,Paid Search,2023-12-29 13:13:07.778195,SR,Alvarezburgh,True,1123.17
deb4ec46-a013-4c43-817b-fbb06ade591d,lbaker@example.com,Heather Levine,Standard,Social Media,2024-01-15 05:04:49.956318,LI,North Brittanyberg,True,244.46
d1a2e0e1-fa7a-4822-a45a-25c3be83425a,lisa90@example.net,Brent Reed,Basic,Organic Search,2025-01-11 01:44:01.251695,MK,Bellbury,True,1330.68
e8f338e6-2470-46b7-a5dd-80dee29fe3ac,brittany14@example.org,Alejandro Nguyen,Standard,Organic Search,2023-04-06 08:12:53.347696,PK,Bradleychester,True,1736.18
932c1620-01d1-4263-a7a6-33cba8e73daa,uchapman@example.com,Erica Davis,Standard,Paid Search,2023-04-27 03:59:36.323525,RW,Lake Emilymouth,True,1936.8
dbe4e1ce-ffd8-402b-b542-c92546cd6a56,garrett45@example.com,Mark Dickson,Standard,Organic Search,2024-01-04 07:19:35.653780,BO,West Joseph,True,703.29
2bfc33ff-09aa-4dd8-885f-6d36a0b9aa4b,nballard@example.net,Michelle Lane,Premium,Social Media,2023-05-30 19:21:22.710750,UA,Joshuashire,True,425.48
52da700a-f8f1-4de1-8e5c-05ae26661de3,wsimmons@example.org,Elizabeth Brock,Standard,Paid Search,2024-12-02 21:38:45.164830,NR,Jamesfurt,True,448.49
21ece6ea-2450-4a8d-a949-29c3868e21ae,jpowers@example.org,Lori Black,Standard,Referral,2023-04-10 08:13:21.203771,ER,Lewismouth,True,1690.75
a7a8d371-f39c-423d-b5d4-26c8e85649df,umichael@example.net,Curtis Ford,Standard,Referral,2023-04-28 14:37:43.454786,GY,Lake Gina,True,1525.21
39b251df-9444-4cc4-83db-686adf9629cb,ejenkins@example.net,Jason Colon,Premium,Paid Search,2023-06-03 01:04:31.589809,KH,West Gloria,True,1614.44
af54844f-7a8e-4495-8186-85ac37ed2133,daniellee@example.org,Emily Washington,Standard,Paid Search,2023-03-24 18:12:51.198862,NZ,Lucaston,True,1949.09
2cb3449e-0361-4553-b77f-0a094fbef4f1,derek44@example.net,Maria Williams,Standard,Direct,2023-02-15 08:26:34.475533,WS,Caseyton,True,1227.15
82eae038-d767-4d79-9434-eba8c17706d4,edwardskenneth@example.org,Jennifer Cox,Premium,Referral,2025-02-04 21:21:47.349512,KM,South Sherryberg,True,52.51
da07773d-998d-4df2-98ba-ff84c54c5bb6,boydmaria@example.net,Stephen Young,Standard,Paid Search,2023-03-24 15:52:55.939464,CM,Markshire,True,1658.92
650456f7-bdb3-4374-a953-c7a1358a29bd,selenarobinson@example.org,Wayne Gonzales,Basic,Referral,2024-09-23 19:57:09.948059,IE,South Amandaville,True,360.83
a4e6e6b5-8e0a-4a84-8abd-830e11645c74,pwells@example.com,Taylor Cox,Premium,Referral,2023-06-20 19:28:00.059191,VC,Loritown,True,617.97
b9da4aa8-b2a7-4f20-a551-384a53c8b468,skinnereileen@example.org,Rachel Allen,Standard,Direct,2024-06-15 04:50:34.933055,TG,Parkerstad,True,12.21
7a862bcc-9712-4918-9d33-833e69baffc5,nicholsjoel@example.com,Theodore Long,Basic,Paid Search,2025-03-24 15:13:01.388958,IE,Christopherbury,True,1132.64
4dde7944-2533-4580-9f30-36212751b23c,ruthwelch@example.net,Andrew Delacruz,Standard,Organic Search,2023-05-30 22:03:19.030710,RW,Mclaughlinmouth,True,283.75
6045edc4-6aa2-409d-945a-6723a92024c7,hollowayholly@example.net,Jason Daniel,Standard,Paid Search,2024-09-02 01:56:34.531492,SY,Shawntown,True,61.31
38d7ded4-16f9-4c90-a467-a976a35d0c83,crystalgibbs@example.org,Curtis Torres,Basic,Paid Search,2024-10-20 22:31:24.891903,TR,North Erichaven,True,430.27
ad641c89-300d-4cd0-95af-f28b26c79d4e,melaniejennings@example.com,Shane Anderson,Standard,Direct,2024-08-28 21:25:57.734051,EC,Laurenborough,True,681.79
24f78a18-a8e1-4f6d-864d-d8887bffafab,hunter69@example.org,Alexander Hansen,Standard,Paid Search,2022-10-09 12:06:17.221953,VA,North Terri,True,1443.19
8f924242-5c52-4c4e-bbee-b81c8c8e80f1,brandonwilliamson@example.net,Brandon Richardson,Premium,Social Media,2023-02-11 06:30:13.646300,TN,North Jenniferchester,True,1135.19
42feda36-0a75-47ed-a368-5b2e0b5c309d,fwilcox@example.org,Dale Shah,Premium,Referral,2024-11-02 09:53:18.726845,IQ,Juliefurt,False,105.22
ddb2f2f5-23fb-45e1-832e-0922e5c7a4a1,carolcarney@example.com,Chelsey White,Standard,Paid Search,2022-11-28 16:31:48.773589,CY,West Theresabury,True,1235.68
f6333754-8268-43f5-bac3-ca77f9d73c3c,mikesutton@example.com,John Savage,Premium,Social Media,2024-05-15 19:57:07.803708,MD,Mcdanielfurt,True,544.21
ae8898f7-d4fa-4f7b-9188-61aae563cf7a,charles80@example.org,David Odonnell,Standard,Email,2024-08-23 07:01:59.645806,UZ,North Jonfurt,True,971.32
ce421f68-1cd2-4172-9400-7f0d12b89eb4,ilambert@example.net,Christopher Jackson,Basic,Social Media,2023-06-05 11:45:45.280135,SA,Natalieberg,True,546.33
8d2ac6be-56e0-4288-b056-dead34f121e3,hthomas@example.com,Carl Savage,Basic,Direct,2022-10-15 06:08:23.999382,IT,Saraport,True,227.64
71a423ea-b802-4e9c-a1d3-bb8667de7538,chloe48@example.com,Christopher Doyle,Premium,Organic Search,2025-03-24 05:38:01.452483,RW,New Melissa,True,566.49
0f59c423-3627-45ca-b80b-c672c8769b74,jbrown@example.org,Andrew Green,Standard,Email,2024-06-28 08:59:09.694861,MA,Grahamfort,True,973.27
6fcf836f-f92a-43e3-99ae-e1c91a92cacb,vanessa87@example.com,Ryan Camacho Jr.,Premium,Email,2022-08-22 17:21:10.532187,BW,Port Justin,True,90.83
58529bb6-df0e-48f1-a871-450eb35c1cbe,anna93@example.net,Mrs. Pamela White DVM,Premium,Direct,2025-01-08 21:39:07.618696,HU,Rhodesmouth,True,1198.65
9cdae15f-2a69-418a-82f9-132c1e1df0ee,longbrittany@example.org,Brittany Miller,Basic,Social Media,2022-08-06 11:22:34.902083,KN,Gibsonview,False,602.84
ed4d7042-2364-456a-bf5c-ba4e6a5d374a,riverabradley@example.net,Erika Dennis,Standard,Paid Search,2024-04-20 02:35:51.827240,ES,East Michelle,True,274.47
3f5f3872-4a77-4523-97d1-adb07efef2af,marcus01@example.net,Jane Ross,Standard,Organic Search,2024-12-03 07:26:10.073843,EE,Port Michelle,True,656.24
978c50ba-a812-48b5-967a-04e9e0e6bcc2,frankchan@example.com,Tiffany Moore,Premium,Organic Search,2022-10-14 18:03:06.638907,KG,Owenport,False,1494.03
247351e3-c284-4f2d-a215-1e607a43e621,michaeldavis@example.com,Katherine Mcclure,Standard,Referral,2025-03-25 06:23:42.493841,PY,Annachester,True,760.41
acc210c3-8f38-4620-ada5-4ea342b18483,nshepherd@example.org,Jeffery Williams,Standard,Paid Search,2022-10-15 21:14:39.587615,LV,Rhodesberg,True,1000.52
b81f7560-67a1-4084-8bad-3858b10bbdcb,robertssamuel@example.com,William Sutton,Standard,Social Media,2025-04-23 18:40:07.470030,KG,New Ronald,True,1612.4
0e6d018a-75a7-472a-ad1d-046804a808fa,lowerywilliam@example.net,Brandon Guerrero,Basic,Referral,2024-03-22 23:35:02.639088,TN,Michaelshire,False,1723.53
eb1c3dfb-00a4-401c-9b1e-29785b9700e8,wilsondorothy@example.org,Sarah Williams,Premium,Social Media,2022-10-06 14:57:32.398490,NI,Leemouth,False,37.48
70632e09-1f93-454c-a391-33dd8d00d88f,qhanson@example.com,Shelby Lopez,Standard,Paid Search,2024-10-15 20:59:56.748462,ER,Lake Tinaview,True,1724.22
ac07a470-9066-40a5-919c-f1de9162d188,hamiltonandrew@example.com,Christopher Woods,Premium,Referral,2025-02-18 01:45:59.594343,MD,Meltonfort,True,1146.8
1ec43b2e-076a-46a7-ad3e-ba8eab8c9d78,hannah64@example.org,Adrian Rodriguez,Premium,Social Media,2023-06-05 19:27:28.275528,AM,Port Anthony,True,835.39
84136cb9-c9e1-448d-aee0-ef978b614063,debragraham@example.net,Kimberly Miller,Basic,Organic Search,2023-12-18 04:42:55.805932,PL,South Robert,True,41.71
82f3fa34-b007-4e1b-89fc-89f8d7575aca,joannewallace@example.com,Scott Richards,Basic,Organic Search,2022-11-13 15:11:31.670616,FR,Ashleyfurt,True,1602.64
da536816-0a30-47a6-90b0-2f4b9fc91153,garciamelanie@example.com,Sarah Mclaughlin,Premium,Direct,2022-09-02 19:45:24.393181,UG,Benjaminfurt,True,1664.05
f79e4ac5-0668-4904-a0ff-9d0e4e44e0e8,dhall@example.net,Kenneth Tran,Basic,Social Media,2023-12-23 15:46:30.051122,IQ,Smallville,True,176.26
c5ce4035-d0e8-4d57-a515-f29504904eed,shane60@example.org,Corey Cooper,Basic,Referral,2024-01-02 04:14:29.645116,HT,New Regina,True,486.63
2ce4f60d-948d-4d44-92df-00177de8fe42,sanderson@example.net,Toni Whitaker,Basic,Referral,2023-07-15 15:26:35.924993,GQ,Lauraburgh,True,1047.93
ee448e2b-20fc-4cf2-b6fb-2eb6a113a674,hannah17@example.org,Christopher Vasquez,Standard,Direct,2024-05-20 09:24:18.309336,NI,Torresborough,True,620.55
8dab80c4-69ae-4c79-93f5-ec9a30f72492,howardjose@example.net,Ronald Kline,Basic,Paid Search,2024-03-10 03:46:11.282692,AU,West Ryanbury,True,666.14
d9f30461-030e-45dc-a155-e918b41982b2,tomchaney@example.com,Patricia Hawkins,Standard,Social Media,2022-11-18 06:24:32.170245,CZ,Lake Brentmouth,True,1020.97
1ecb3d12-0c37-4430-a148-57bda1495cf2,villegaskimberly@example.net,Theresa Colon,Basic,Referral,2024-11-30 11:49:25.627940,BB,East Crystalborough,True,1019.9
043aec79-992d-4444-8af0-7264fe9e6ab8,jessicaerickson@example.net,Dr. Christian Cox PhD,Standard,Paid Search,2025-04-02 05:05:23.381660,CM,South Tara,True,698.75
4a1d9a39-0074-4d7d-b9ed-51411d0a3e87,sanchezlisa@example.com,Christopher Adams,Standard,Organic Search,2024-10-28 21:01:02.121055,VC,Wardbury,True,1637.9
85f5d4fc-9dc1-43b2-91a9-6f3b69e655f5,icobb@example.com,Jason Ellis,Premium,Referral,2022-12-22 03:36:16.214454,SI,Sherrymouth,True,472.54
4ac86c57-3c61-4821-9a1c-228864a35e60,robbinszachary@example.org,Ernest Holden,Standard,Direct,2022-12-15 13:06:47.520945,DM,Brownton,True,394.54
619fb6df-f6de-4c73-85fd-b3e298f7dcbc,rachelbrown@example.net,Rebecca Liu,Premium,Organic Search,2024-07-01 09:28:46.545940,KE,Moralesside,True,1520.43
37ebc056-7655-4018-a043-8074e6d5aaae,regina04@example.net,Bridget Powell,Premium,Paid Search,2025-02-20 04:32:06.995568,BA,New Claudia,True,354.29
d23f6ed0-faeb-419e-88c1-09c63a6dd7eb,zterry@example.net,Craig Turner,Standard,Referral,2024-05-16 09:17:26.627680,AZ,Peterberg,True,988.23
b8918532-6872-405f-9674-c1b9eefc5c7b,jason88@example.com,Nicole Moore,Standard,Direct,2024-01-30 07:34:46.014208,AT,Johnport,True,1519.75
a8c1c0d6-fb44-41d4-98be-243fcb1ce321,dennismckenzie@example.com,Heather Williams,Premium,Social Media,2024-09-12 01:51:32.470573,CF,South Kennethtown,True,1848.31
612870fc-ebdb-4be5-a3d4-963372d5f123,lindazhang@example.net,Teresa Wade,Standard,Paid Search,2023-11-17 13:10:46.944095,UG,West Kevin,True,1270.6
967b5620-3722-4b6e-8e96-e173b1bb9d09,jenniferstone@example.org,Jose Lee,Standard,Direct,2024-07-08 18:53:10.862303,ML,Garciachester,True,1728.49
98673c84-244c-42b7-addd-5fbae95c3591,davisroger@example.org,Jeremy Wood,Standard,Social Media,2025-01-01 18:17:53.693343,SL,Chapmanhaven,True,301.91
43dcb85e-10bf-486d-a4a0-d51efb116bfb,breanna67@example.net,Katherine Mcpherson,Standard,Referral,2024-11-08 09:36:49.214063,DK,New David,False,884.42
23733566-33f7-401e-88c4-e1736cfef61f,tammypalmer@example.net,Daniel Kennedy,Premium,Referral,2024-08-26 05:58:03.160027,AE,New Mike,True,549.35
9a9a5308-c175-456c-bcae-b59ea40d1802,xrodriguez@example.net,Joseph Wilson,Standard,Paid Search,2025-05-16 22:57:54.314365,KP,Kevinfort,False,1014.67
8974514c-e54b-4ba4-84ef-4c1a3a5b889e,douglaslawrence@example.org,Elizabeth Campbell,Basic,Email,2022-08-08 16:22:53.763440,EG,Smithside,True,903.83
0436b44d-cd27-4e47-b2e8-ba8766c57a72,butlerashley@example.net,George Bennett,Standard,Organic Search,2023-07-26 01:09:39.001109,WS,Port Dillon,False,1663.39
a4327e1a-41f0-454f-b222-5fb1d9d4fa84,jcontreras@example.net,Robert Beck,Standard,Direct,2024-06-05 09:48:56.481094,NE,Hallfurt,False,1728.5
3cb83c43-0db6-443b-807b-84444bb9fb1d,rubiopamela@example.net,Brandon Martin,Standard,Paid Search,2023-07-15 11:21:51.016118,AR,Annville,True,1230.02
be763c83-3bd0-474e-8142-74dc4ea9e678,leechristine@example.net,Tina Boyd,Standard,Referral,2024-06-13 13:50:01.266602,GB,Shawtown,True,925.42
1d07a6fb-c432-4cc1-b93e-f77240ba6f8c,suzannehill@example.org,Michael Clay,Standard,Direct,2022-11-17 19:45:44.332373,PA,Port Amandamouth,True,1583.64
5779dffb-f05b-4dca-a6fd-3bb6159365e3,henrysarah@example.com,Jason Heath,Standard,Social Media,2023-09-22 06:49:58.477024,LB,Scottville,True,899.47
0ea78f2c-50e3-47e1-8a5a-e900af6f2fcb,justinwhite@example.org,Tristan Gregory,Basic,Direct,2025-06-16 14:21:06.174250,BH,Howardton,True,1303.67
2759513f-7532-4d8b-aa73-832833f0b793,floresrobert@example.com,Todd Lam,Premium,Referral,2023-05-31 13:52:16.965159,BF,East Karen,True,951.26
b779cc0f-4331-4ad1-bfaa-e180cd14d5b2,gromero@example.com,Debra Flores,Standard,Social Media,2024-04-11 03:36:45.599259,TG,Jonestown,True,123.75
9791e975-38cc-4c6c-9d71-206bccb23814,robinsmith@example.net,Megan Sanchez,Premium,Direct,2023-09-28 12:37:12.833767,TH,West Ashley,True,1798.25
433c827c-e449-4141-87e0-c2eae8b02956,kristathomas@example.net,Dr. Kimberly Henderson,Standard,Direct,2023-11-09 16:45:43.908282,TH,Williamsmouth,True,1428.63
dd10fbc6-2155-4328-b668-3b3f4d7a33ed,denise20@example.org,Karen Harper,Premium,Direct,2025-05-27 03:20:15.189652,KZ,Kiddborough,True,345.12
48b142d2-fa8a-4f2b-8e75-a9980627077b,brandon89@example.org,James Martinez,Standard,Organic Search,2024-04-10 04:44:11.001909,CU,Natalieborough,True,875.52
6b3797b9-05a1-40a6-baf0-a8558702da02,nicole54@example.net,David Bird,Standard,Email,2024-05-07 21:41:35.419796,LV,South Susan,True,1045.5
ca470b31-ccb6-4d00-859d-910666e7c4ec,deborahsmith@example.com,Adam Thompson,Basic,Paid Search,2023-07-03 22:10:26.595222,TH,Farmerside,True,745.7
1f0a15aa-67fb-415a-a7ae-d59ff57654d9,ryanpatricia@example.net,Caleb Stanton,Premium,Email,2022-10-05 22:38:03.520403,MT,Paultown,True,817.54
49c5ef43-0b6c-45c8-80aa-aee513de1d8e,sharon70@example.org,Olivia Becker,Basic,Direct,2022-11-22 17:35:32.026377,KN,Jamesport,True,1195.77
d6106f68-39e6-4512-bac4-485406a9f0ee,jimsnyder@example.com,Johnathan Padilla,Premium,Referral,2024-12-10 19:44:39.333069,UZ,North James,True,1294.61
823323b6-5356-4b18-a514-de3cd55e0e5e,rrodriguez@example.net,Carolyn Lee,Standard,Direct,2024-12-24 17:57:20.760342,SZ,North Brianna,False,189.01
e05759bb-a46c-45c8-838f-65e6a3e486cf,jordanhudson@example.org,Monica Hill,Basic,Paid Search,2024-10-03 09:42:51.586139,GD,Lake Ericaview,True,568.29
6371c161-0ae4-49cd-95fd-fab91d8ba43f,bsmith@example.net,Marie Nash,Standard,Organic Search,2024-07-23 20:41:01.660837,LI,Richardchester,True,1313.13
8ef11e36-4a74-459c-ab78-1939b43f517c,hsimpson@example.org,Courtney Ramirez,Standard,Referral,2023-05-05 07:01:57.897744,NL,Stewartfurt,True,1746.56
a9aec4b2-657f-4d56-b7b9-eadb86a7467e,beardlindsey@example.net,Michael Rosario,Basic,Organic Search,2023-02-07 06:18:24.045458,HU,East Mark,True,1165.48
8f629552-6134-4830-8e09-0432232a92b1,johnsonryan@example.org,Lori Cook,Premium,Organic Search,2022-09-15 21:16:17.350305,ID,North Thomas,True,699.64
df63a58c-4278-413d-8714-0ed924d0face,underwoodapril@example.org,Patricia Harvey,Standard,Email,2025-05-24 14:32:38.052302,BY,Rileyland,True,1396.96
038b3dfc-d4b0-43bd-9790-6f58ef6e0e60,bennettpamela@example.net,Cameron Ellison,Basic,Referral,2025-06-10 20:00:50.243683,PA,West Cherylchester,True,1190.08
78788665-88c1-476c-b41d-c700b6817976,hansenkenneth@example.com,Luis Jenkins,Basic,Social Media,2022-09-19 02:44:48.514002,US,South Patrickchester,True,619.16
0d7a7272-5573-4a87-91fe-bcfe7440dbf5,morgansharon@example.org,Garrett Lee,Standard,Direct,2025-02-27 04:37:20.342867,CA,New Jennifershire,True,1583.32
66788794-1b9f-4130-a967-a0bf182ba547,rebeccamartinez@example.net,Jason Hardy,Standard,Direct,2024-11-20 00:08:48.034443,PA,East Devin,True,1340.23
3e16dc68-3f31-472e-9cd0-b0b865c24218,larrygraham@example.net,Emily Mcclure,Standard,Organic Search,2022-08-26 07:35:01.683585,CY,South Kyle,True,1477.55
614543c1-0612-4974-8172-75844d808e2a,tara89@example.net,Amy Hunter,Basic,Email,2023-07-19 17:59:15.201646,TJ,South Mauriceborough,True,1052.79
d950eb38-b5ce-4e4f-b36e-99ec5bc5ab74,kristenpeterson@example.net,Michael Mcdonald,Standard,Email,2024-06-09 21:29:26.441117,MD,Melissashire,True,846.81
d63805c5-9fca-4e1d-8bc7-ea693e6178da,robert21@example.com,Susan Crawford,Basic,Direct,2025-05-29 06:37:44.371476,AD,Lake Jerry,True,725.2
2e392974-a5ee-444d-9b72-06082b0967fd,timothytate@example.com,Jamie Ross,Standard,Referral,2024-05-22 16:02:28.839543,AF,Alejandrostad,True,428.39
ccb45bb4-71bb-49ab-a827-0cf4f23bd944,thomasscott@example.net,Pamela Williams,Premium,Social Media,2022-08-10 22:01:22.365421,AT,East Justin,True,972.54
338d441b-de36-4d41-8a66-5bf020f52c59,jennifer58@example.org,Alex Cameron,Premium,Paid Search,2023-03-05 22:18:03.519487,BZ,Port Ericafurt,True,275.13
f0f4bbdd-b0e6-4715-a19b-5aa0eabc04af,morganjason@example.com,Robert Guerrero,Premium,Paid Search,2024-06-25 13:55:14.113160,SL,Johnsland,False,1688.86
f00d3534-2037-436f-88aa-b349b10fa78f,lauralee@example.com,Emily Jordan,Basic,Direct,2022-11-15 20:41:38.216347,ZW,North Kathryn,True,1541.75
f22cedf7-3938-4aeb-9331-34da41f06bc7,kristine53@example.org,Diana Martinez,Basic,Direct,2024-04-12 13:42:53.503859,SE,Clarkland,True,1767.36
2612d0ef-471e-4658-b2a0-454497ebb66e,jacksonpaul@example.net,Jacqueline Stone,Basic,Organic Search,2024-11-14 19:12:10.871067,EE,Jenniferhaven,False,673.53
60a543eb-e70a-41c3-9ed2-ed48efd95bdd,lwells@example.com,Rachel Santos,Standard,Email,2024-08-08 00:21:26.270902,GE,East Shannon,True,262.1
b2ec8f75-5e59-4ed8-8895-8f35af5dff21,kevinoneal@example.net,Ryan Scott,Basic,Referral,2023-03-22 20:19:09.062142,BS,Port Christopher,True,324.49
16587dc8-c4cf-4c82-a7ca-81f6c6ae8f46,jerry07@example.net,Jessica Mcdonald,Standard,Social Media,2023-11-08 01:55:21.667370,NE,Lindamouth,True,1542.2
f0c2d6a7-310b-45d0-8b37-64663bf0eb88,whitejesus@example.net,Steven Phillips,Basic,Direct,2023-05-04 04:18:40.603288,SC,Port Joshuabury,True,331.08
6240227f-9ed7-46bf-8c84-b72ef9e72a33,wardamy@example.com,Gary Turner,Basic,Social Media,2022-10-24 20:32:01.884501,KZ,Jamesberg,True,821.72
a91a2259-b9b2-47d0-9d69-9cfa5812d53f,alan44@example.com,Jennifer Sullivan,Basic,Direct,2025-07-06 23:58:49.280277,TT,South Destinyberg,True,475.06
e9f08b0e-f169-4993-b125-a5ea3d004c1f,jeremycurry@example.com,Kevin Tran,Standard,Referral,2025-02-11 08:02:48.675033,PT,Petersonland,True,569.86
3cf71f1c-67b7-4b07-a442-b54058cf1531,roymcmahon@example.com,Jerry Hansen,Standard,Organic Search,2023-06-17 01:39:30.606625,MR,New Morgan,True,897.86
44b0826a-0d13-451d-b3c0-6222b114768b,porterdonna@example.com,Jason Jennings,Basic,Referral,2023-06-08 20:21:09.706841,NA,Marktown,True,618.94
b9dc1d22-1ed4-4985-9c84-caad2eaabcb1,weekseric@example.com,Rebecca Mcintyre,Premium,Organic Search,2024-03-21 22:23:04.119098,TO,Bairdborough,True,938.03
596bf44d-baeb-4c22-9fcd-d430dea9e472,fergusonjacob@example.org,Victor Fowler,Standard,Social Media,2025-05-13 12:40:43.857555,KI,East Damonside,True,735.68
383bd153-a434-4c6f-b550-449fc9f06a3d,mjohnson@example.org,Jasmin Harris,Premium,Organic Search,2023-01-19 15:59:17.026949,JP,South Brianhaven,True,1968.88
69ca92b1-6a7c-433f-9305-349e9f16824e,michele66@example.org,Betty Barnes PhD,Premium,Paid Search,2022-07-21 03:09:01.203008,MW,East Monica,True,563.54
78b86938-23a1-441e-8e48-f275db2df919,kmoore@example.com,Kathryn Cohen,Basic,Organic Search,2023-06-13 10:24:47.308064,IS,North Vickie,True,1054.92
27043086-03b2-4a25-aaa1-4c21f05117f0,pjacobs@example.net,Keith Henry,Standard,Organic Search,2023-11-09 10:10:12.460259,PL,Lake Christophermouth,True,1633.78
c6768ddf-a0a7-4e6f-ad78-29eab5374d7e,peter26@example.org,Luke Reynolds,Standard,Social Media,2023-07-24 00:03:39.940250,MV,Lake Ashley,True,276.8
1791e55d-4809-4c65-9832-b7e9cbf55bc1,allenmonica@example.com,Kimberly Estrada,Standard,Email,2023-09-13 05:58:16.095137,BJ,South Robert,True,1282.36
b1f4191d-cb21-4c96-a0f2-7715cd8c2641,carneycharles@example.org,Penny Ortiz,Standard,Social Media,2024-10-20 19:30:31.349836,DM,Jaredton,True,1109.08
699b9284-1f3b-41c4-aebc-9cf248bb09b1,fowleremma@example.com,Patrick Foley,Basic,Paid Search,2023-11-27 10:23:23.101222,MY,North Johnberg,True,1691.78
93399bbd-5915-4ba3-aee5-05d2bb692b52,ewashington@example.org,Dana Dodson,Standard,Referral,2023-07-02 10:45:17.064088,CU,Hooverburgh,True,570.13
45aa44bc-002a-4282-b65b-d4e04c83ad8b,lawsongregory@example.org,Jeanne Jones,Standard,Referral,2023-01-11 22:40:16.166856,AG,Ericstad,True,545.58
75133bad-13c6-41b3-b64a-4de22d61d7fd,staffordamanda@example.com,Sara Cain,Basic,Referral,2023-01-19 23:59:09.463131,BA,South Hannahmouth,True,294.7
e291f3ac-f102-4711-a4e8-6e78b1945b80,williamsnicholas@example.org,Jade Allen,Basic,Referral,2022-09-04 11:01:14.205772,BW,South Anthonytown,True,1892.83
60ce1cbf-bed3-4d1a-8350-9f61a6efa063,erinbrown@example.org,Sandra Jackson,Standard,Referral,2023-07-13 09:53:33.660932,DM,South Williammouth,True,902.26
1c36ff9d-112f-4a21-b72e-7667a4f38f64,colleenvilla@example.com,Barbara Lewis,Basic,Social Media,2023-06-27 14:14:13.576800,MK,Glennfurt,True,53.34
ca84ca25-c02f-47a2-8635-3a342015507e,pricestephen@example.org,Diana Hanson,Standard,Paid Search,2024-06-24 14:52:21.577790,BD,East Robertfort,False,1004.01
9e22304e-c85b-4c7a-89ce-041f83966d5d,marquezkylie@example.net,Tyler Greene,Standard,Referral,2025-06-20 05:33:48.489784,ZM,Gregoryberg,True,1989.05
fb2eed36-9536-4cdb-af9b-03537090d8e8,tiffany71@example.com,Thomas Cole,Standard,Direct,2023-07-07 20:33:46.703144,SE,New Briana,True,56.38
edd9102f-6731-4268-9b73-c1530e1869d3,andrewblake@example.org,Oscar Todd,Standard,Email,2025-06-26 00:22:13.012334,VN,North Devinfort,True,1678.35
7f32dc36-dd88-4e0f-a5f4-c720b900eee0,nicholasmay@example.org,Linda Bautista,Basic,Social Media,2023-05-30 00:48:09.220287,SZ,Dennismouth,True,1582.76
b509ce76-f6ac-4dc0-82f0-ea4e5d3bc1c2,meyertiffany@example.net,Nicole Perez,Premium,Referral,2024-06-13 05:37:32.988115,ES,Matthewborough,True,573.76
f8a57df6-9d55-4af6-a3d9-292a52a17c85,lauriehorton@example.org,Jane Morris,Basic,Organic Search,2024-02-19 23:04:26.750629,PA,North Mollyland,True,1392.14
8bb90913-7ef3-4b2e-898c-99f3999f8830,waltersdonald@example.org,Christopher Dunn,Basic,Email,2025-05-18 23:20:14.210990,GA,New Christian,True,1411.07
1480e4d3-77c3-4701-86d2-17daae32092d,frank33@example.com,David Mitchell,Standard,Direct,2024-09-10 09:53:00.346374,PE,West Michelle,True,10.5
1bffe839-bfd4-40f4-b755-b72a62153ddb,raymond27@example.com,Leon Hamilton,Premium,Referral,2023-12-18 06:07:21.919657,DE,Smithfurt,False,511.85
75641969-48f3-4683-9c6f-cad625ffa79b,blakesandra@example.net,Kristen Thompson,Basic,Paid Search,2023-10-20 08:01:41.086814,MU,Torresport,True,1097.61
1a9adb05-3332-4cc6-98f4-32b2678216ea,ijones@example.net,Christopher Lopez,Standard,Paid Search,2023-08-24 01:59:04.627270,AL,Travischester,True,1055.54
a97f2109-935f-4a1f-9344-97972bbb3776,patrick49@example.org,Andrew Dorsey,Premium,Social Media,2025-05-04 07:34:46.134221,MV,East Kathryn,True,576.2
27ff9a88-b107-44f9-8c32-3240db8c23f3,william75@example.net,James Coleman,Standard,Paid Search,2025-05-22 17:41:11.385361,HU,South Austin,True,95.5
89c668bb-b94a-406b-8036-24d26e7e3d91,terrydeanna@example.com,Terry Hernandez,Basic,Direct,2024-12-15 23:39:17.389270,HU,North Darryl,True,1587.8
fe99cafa-bd8e-4278-ba5a-814db533a2e1,lsanders@example.org,Chelsea Henderson,Basic,Email,2022-10-18 04:02:00.911374,NP,Heatherhaven,True,221.72
1ebb2dab-f690-46b7-bb54-8e63d8c3e38b,uwillis@example.com,Tammy Booth,Premium,Referral,2025-06-03 08:05:02.691725,CD,Lisaview,True,1193.48
8186ed29-3b65-402a-a92f-982020f700ed,ahale@example.org,April Jones,Standard,Organic Search,2024-10-06 10:12:22.694705,MC,Warrenport,False,1030.75
93dbea0c-64ec-44e5-b13c-ea5793bfaedf,gregorylopez@example.org,Christopher Fry,Standard,Paid Search,2024-09-19 05:39:31.945728,PG,East James,True,287.15
973af5b0-1d2c-4406-8a17-d0001a3552de,jordanbarrera@example.com,Thomas Rodriguez,Standard,Referral,2024-10-07 17:23:09.642840,ZW,North Kelly,True,1229.62
4cd06305-4ead-418c-bb61-42473bd6af07,caleb09@example.org,Michael Garcia,Basic,Direct,2023-08-26 21:52:30.227239,BH,Karentown,True,833.14
f0195467-7cf9-4164-bbeb-ba31166f934d,davisalexa@example.org,Joseph Hayden,Standard,Paid Search,2024-07-07 00:48:29.474566,IQ,Kennedymouth,True,171.23
9473af7b-977c-4a12-a473-0f0a688a6796,nathan55@example.org,Mary Gray,Standard,Paid Search,2024-05-01 05:58:11.432858,BG,Morganville,True,135.36
4ef7cb8c-f9d6-4a1a-aa26-5d16e9334f32,ihardy@example.org,Sheila Ramirez,Standard,Email,2022-07-12 09:45:36.685996,ME,West Shannon,True,1014.66
62849a40-fd08-4106-bca0-f55c61ad18ab,qrobertson@example.org,Mark Mcmahon,Premium,Referral,2024-07-29 21:26:17.781291,LI,Lake Michaelton,True,1108.3
2e2a8ce5-5107-40db-9a92-ab1dbf08e971,erica39@example.com,Lonnie Miller,Premium,Email,2025-06-05 10:25:15.254429,NP,Hatfieldville,True,940.27
bd36e85c-b40d-4431-bbe8-20ace1f7cd7f,catherine28@example.net,Michelle Johnson,Premium,Email,2024-09-20 14:08:57.658473,SB,West Marisaside,True,1962.08
ffeb7347-abe4-4f13-befb-fb3137a62bd3,cjackson@example.org,Mr. David Jackson,Premium,Social Media,2025-06-24 17:49:56.667699,KM,North Ryantown,True,32.48
91f7968a-efb1-4dc6-9741-df64cdfc442d,raven43@example.net,John Merritt,Premium,Email,2022-12-31 14:23:38.076316,CM,New Cynthia,True,689.6
1a59c8ca-54b3-466d-944f-a604b05e8e6c,monica99@example.org,Jamie Love,Premium,Paid Search,2023-12-30 01:49:11.290434,LK,Valdezside,True,1256.51
caf7aac0-e2d7-48e5-915f-32388d45a943,ostokes@example.com,Brandon Davis,Standard,Direct,2025-06-01 18:20:09.865625,SZ,Lake Sheri,True,1470.37
cc0a0ae3-fe0b-4c9f-b0de-37400f2dbe5e,melissafinley@example.net,Emily Lawrence,Standard,Social Media,2024-03-27 16:44:59.181908,ET,Whitneymouth,True,88.67
8095dcb7-8068-44b8-b27e-68d59237ac17,aprilguzman@example.org,Adam Phelps,Basic,Direct,2024-10-31 03:13:54.453184,KW,Port Sherri,True,1627.02
2006ab22-b081-4b01-8eb1-5dd5c1a48afe,jfrazier@example.net,Paul Sweeney,Basic,Referral,2025-01-11 09:09:45.828330,ME,New Lukehaven,True,1558.29
3cba8223-eb8c-4d8d-87e3-98239baf9856,hillmelanie@example.net,Ronald Simpson,Standard,Social Media,2025-06-28 03:45:42.040863,MA,Brownmouth,True,1390.78
89bf99bb-1782-4258-a6ab-7173c14f0e13,melaniemichael@example.org,Amy Grimes,Premium,Referral,2022-12-23 08:17:43.198332,EE,Lunaport,True,1623.0
2c778b8c-0380-48f0-892c-8fc51341e0e1,vickiekelley@example.com,John Bailey,Standard,Referral,2025-06-21 15:24:33.708844,MX,Jonesport,False,1552.38
fae4a7d2-18d8-4b5e-8988-b083a8d69230,jacquelinekelley@example.org,Paul Carpenter,Premium,Direct,2023-05-14 10:02:57.474497,BF,Stephenburgh,True,586.89
2c2f65ff-7fd1-48a2-8b04-82879bbfaf95,sdominguez@example.org,Robert Gonzalez,Standard,Social Media,2024-04-01 10:18:42.961038,CF,West Jessicashire,False,398.94
7522763f-56a5-4c8e-975a-2e98929a775a,nicholasmcgrath@example.net,Tammy Davis,Standard,Paid Search,2022-10-28 17:35:34.372429,PY,North David,False,1866.74
3e95aea3-69b4-4f2f-9fe0-331cfdb5993c,brittney26@example.org,David Burns,Premium,Paid Search,2024-01-24 19:11:06.601823,FM,Lake Julie,True,1978.25
9dc18164-c244-42f8-bbe1-ad3da2928e84,stricklandmichelle@example.net,Mark Wallace,Basic,Organic Search,2024-11-05 03:22:53.836110,AG,North Christopherfort,True,506.63
060f1269-0ec9-4fcc-b4ee-c8af88c61a7b,andrewberry@example.net,Michael Davis,Premium,Organic Search,2024-06-10 19:57:45.457253,UA,South Todd,True,382.21
9f0c5466-4b53-4eb9-8a04-b0fd8440fa93,ievans@example.org,Miguel Atkins,Premium,Referral,2024-06-14 07:46:49.835200,SO,South Lisa,True,1561.68
e489502e-e929-4f9a-9fcd-1ea1fc4b3929,lbrown@example.net,Rachel Martinez,Standard,Email,2022-07-30 15:55:05.701692,GB,Lake Priscilla,True,663.85
fa19b032-7c79-4d20-91ed-957706de83fc,adamwest@example.com,Carl Harris,Basic,Direct,2023-01-22 23:37:05.857885,DK,New Jonathanton,True,736.04
c2d89b96-14c8-4677-9bd9-fc44c436082e,huntermichael@example.net,William Barrett,Standard,Social Media,2022-10-09 17:39:48.343961,HU,Brandonhaven,True,1486.62
e460f408-d1c9-4e9b-942a-563d4605daae,donna72@example.net,Erik Bartlett DVM,Standard,Organic Search,2025-03-26 05:40:28.487234,UZ,Lake Corey,True,773.29
99295971-1273-4440-9dff-e48627100baf,benjaminthomas@example.org,Lindsey Robinson,Basic,Email,2024-12-23 06:11:12.713337,MK,Davidchester,True,992.41
16fc8e31-6f6a-4ddf-8dbe-e46455b3062a,jorge26@example.com,David Coleman,Basic,Referral,2022-09-28 12:05:55.429491,MD,New James,True,1848.62
18eb1a16-de7e-42f9-9418-902186832fa4,wanda35@example.net,Samantha Jacobs,Standard,Direct,2024-05-28 20:34:23.661169,NL,West Victoria,True,1602.3
1f6ffd9e-421f-4cef-8daf-95e031dab673,maynardjohn@example.com,Brian Kelley,Basic,Referral,2023-10-27 03:51:21.726392,BI,Daniellestad,True,157.85
653d8d2c-770e-4c9d-abda-5529efb08429,dustin34@example.org,William Walker,Basic,Organic Search,2025-03-31 07:19:21.119040,CA,East Alishaport,True,1644.68
44d3f528-a136-4c17-8f51-254a4b102000,wdavis@example.net,Diane Nelson,Standard,Direct,2024-04-14 05:11:30.289229,BZ,East Louisfurt,True,642.42
0c7ce1b1-2806-450d-94bb-82e70ced75d3,iwoods@example.com,Jose Moore,Standard,Referral,2023-01-22 23:50:12.661724,CN,South Ashley,False,1321.84
5c313180-bfa5-4528-8ee5-774d08cfe886,jasmine39@example.com,Catherine Andersen,Standard,Organic Search,2023-04-27 23:44:35.426317,PT,Joshuachester,True,1205.24
342b5d21-ebc6-4e38-adf5-02dab858af0f,kevinhodge@example.com,Erik Davis,Standard,Email,2024-01-30 10:51:56.075671,BR,Lake Johnland,True,1379.53
7cbd383c-904a-423c-bcde-4e7ed06a61c5,millerjustin@example.com,Alexandra Vaughan,Standard,Email,2023-01-05 22:40:04.940066,GD,South Tyler,True,84.71
fc68a0c1-ccb5-415c-943b-78cb3052d065,sullivanchristina@example.net,Jeffery Ferguson,Standard,Email,2024-07-28 17:29:00.376399,LY,Lake Donna,True,705.12
67d08ab0-005d-4548-84b9-3d90e3b05030,lawsontami@example.net,Pamela Mckee,Premium,Organic Search,2025-04-12 14:12:31.842407,EC,West Maryhaven,True,549.11
0a83b443-ca67-4eb0-940c-d106aae24944,hendersonnicholas@example.com,Gail Shelton,Premium,Social Media,2023-07-31 03:14:53.964242,SR,West Kevinport,True,1895.81
23c1639b-597b-45d9-bc56-da27e9e3a0d8,rojasashley@example.org,Tanya Haley,Basic,Email,2023-04-25 02:52:03.140965,SG,South Patriciafort,False,1275.03
e791da14-6741-4e2a-a5bc-33b0512e71e9,gilbertmark@example.com,Gregory Bowen,Premium,Referral,2022-09-10 00:38:58.309220,MZ,Alanchester,True,1602.19
7a0b3509-8dc8-4710-a594-d9d88eabaf90,ricerachel@example.com,John Moore,Premium,Referral,2023-12-30 04:06:59.455408,KM,Jeremyfurt,True,1905.58
a77a6ff2-9279-47e5-abfb-3ad3fcbe086f,ross28@example.com,Jeffrey Franco,Basic,Paid Search,2023-08-23 03:57:46.146389,DK,West Julie,True,1215.15
268e96b0-7845-4ab6-849c-227180e40c8f,danielmitchell@example.org,Patrick Santana,Standard,Direct,2022-07-15 09:26:05.617185,DK,South Susan,True,69.6
2e4a210f-39ba-4e81-9802-9c606f809f41,fisherandrea@example.net,Erika Duran,Standard,Direct,2025-06-20 00:59:35.736190,MZ,Andersonville,False,1557.03
ed248e55-58ba-4e4d-b013-49373788a194,ericporter@example.net,Michael Peterson,Premium,Organic Search,2024-11-23 14:50:11.506875,UG,South Timothyport,True,765.71
639c6d17-f85d-4811-a4a8-7605b64bb424,jwright@example.net,Danielle Wang,Standard,Email,2023-12-23 11:15:33.591602,IN,Lake Lori,True,1210.19
06261539-4e66-43a5-bb2c-f2d13e3e1ebc,hayneswayne@example.org,Scott Fuller,Standard,Direct,2023-02-11 10:20:59.777442,CZ,North David,True,1897.65
5b664848-4adc-4284-8edf-25e2a9450162,sarahsimmons@example.net,Sean James,Standard,Email,2022-08-20 01:34:29.054882,SL,Isabelbury,True,1526.17
d3dec841-7a9b-4343-85db-ff7b5422829b,gmendoza@example.com,Elizabeth Adams,Premium,Direct,2023-03-09 00:43:38.745064,IT,Jenniferbury,True,1058.92
d0e8cf92-e49e-4e19-8990-8ae13b6093b0,whiteaaron@example.net,Christy Kennedy,Standard,Paid Search,2023-06-24 11:35:14.102023,UZ,South Jackfort,True,1299.12
4ae7e716-4470-4acc-b813-823b9cad6832,daniel08@example.org,Patrick Ward,Basic,Social Media,2023-08-11 09:50:22.868254,TZ,Johnview,True,226.9
270f4c89-1815-48df-ad23-baeca1430187,gmiller@example.org,Lindsay Williams,Basic,Organic Search,2023-02-24 03:56:47.377074,TD,East Janet,True,998.09
aab97f4a-e177-4ce0-9280-44c9bb87c939,mcmahonchristine@example.com,Wanda Harris,Premium,Paid Search,2025-04-18 02:47:29.047291,WS,North David,True,1123.35
79a37887-7ff5-4beb-9568-0b3e0a6cd8a4,patricia85@example.com,Mitchell Bartlett,Standard,Paid Search,2023-10-10 06:29:40.991380,BJ,Barneshaven,True,520.58
ae7d46cf-5617-4a55-8e12-b300d1accc8e,carolhorton@example.org,Tyler Brown,Standard,Direct,2024-11-21 14:46:14.827038,MD,Lake Lisa,True,1992.73
924d6ece-eda8-4b0c-88ab-4aed7dd74fc6,martinkaren@example.com,Jeanette Lawson,Standard,Referral,2024-01-02 10:28:35.978722,GA,North Ernest,True,1832.96
593f72f4-5710-4a4e-a56f-7cfe927a7b7b,suarezkrystal@example.com,Michelle Green,Basic,Email,2023-03-04 16:23:33.348862,GN,Jeanetteside,True,245.27
732efff0-89e2-4cb7-988b-34077c618de1,brandonallen@example.org,Teresa Ramirez,Basic,Social Media,2022-11-16 12:44:14.246661,CR,Morganton,True,904.09
93afc2ff-b440-4419-9eff-f488ad66226c,veronicaclark@example.org,Gregory Jacobs,Standard,Organic Search,2024-06-11 22:21:35.098773,MN,Christopherside,True,890.22
9a7ef9e2-006d-4b12-9b32-bbcbe128b206,rickycarr@example.com,Miss Alexandra Kelly,Standard,Organic Search,2023-04-24 08:07:40.489119,ES,Gregorytown,False,1363.86
ed781950-1f30-44a6-9051-806d845e0635,sharphailey@example.net,Mark Munoz,Standard,Direct,2024-02-17 20:30:10.505366,GA,Walkerview,True,639.18
902635c4-1a0d-4ca6-bb02-f9f3fde65319,omoore@example.net,Jackie Barrera,Standard,Email,2023-02-17 11:08:50.375467,BW,Whiteburgh,True,129.88
bf8a809a-0b16-421c-b190-e163d1c9011f,jacobhenry@example.net,Douglas Collins,Standard,Paid Search,2024-12-18 16:39:02.134218,EE,Mcdanielborough,True,1782.66
4aff2aa2-48ff-41eb-91fc-cc57fe39bf6a,simmonsspencer@example.net,Ariel Rose,Standard,Paid Search,2022-09-23 03:05:46.956445,ZA,New Coryfurt,True,1423.62
ecfaaf88-66b3-44ea-ac03-3b3acf887890,hinesdeanna@example.org,Randy Adams,Standard,Organic Search,2022-07-31 17:24:51.028016,YE,Port Tammyville,True,1275.4
9a010b70-abc3-4c69-b7b8-1c5a86aa2193,melissa13@example.org,Mr. Jeremy Martin,Standard,Organic Search,2024-02-23 07:30:07.654369,LS,Mooreton,True,1017.51
11e75e30-09cd-42c8-82e0-6f46b708e911,courtney10@example.org,Edward Hunt,Basic,Paid Search,2024-02-24 13:54:31.992388,NI,North Rhonda,True,401.96
99afce86-e3de-4cf4-b661-0973cdd1ac1d,wcruz@example.net,Thomas Cohen,Standard,Paid Search,2022-08-04 07:47:58.344678,LA,South Gavinville,True,1580.75
af0b56d4-ced3-4d60-9b9e-c36f3511bec6,michael95@example.org,Tim Miller,Basic,Paid Search,2023-03-12 00:58:18.731818,BD,East Roy,False,1108.04
142f1ce9-e754-40e8-bbfa-d11cb58db087,erinhernandez@example.net,Lori Mitchell,Standard,Paid Search,2023-07-10 22:07:48.253626,CA,Sabrinastad,True,1607.32
eb7c263c-d946-4657-b1db-47af2a531f40,mccormickmichelle@example.org,Bridget Hernandez,Basic,Paid Search,2025-04-26 04:53:48.273687,PE,Briggsville,True,1223.9
b434fda5-6b66-40b6-a8a4-bb34c2c3fd9a,duane52@example.org,Heather Snyder,Premium,Organic Search,2024-04-02 04:20:16.593574,RO,Guzmanmouth,False,618.58
1a69aa97-4f43-4d46-a65a-82f2750e62a0,patrickdunn@example.net,Kim Underwood,Basic,Referral,2022-12-07 11:29:08.073200,MV,New Jenniferhaven,True,1437.74
203ac050-482b-4f2d-abce-74ce3571ced1,jacquelineyoung@example.org,Samuel Cox,Basic,Direct,2024-04-02 05:13:13.727297,PY,North Brian,True,1538.33
f10f7401-abcb-403d-a1dc-218f62b978fc,kenneththomas@example.net,Susan Sanchez,Standard,Organic Search,2023-07-26 19:31:54.753898,GR,Lake Devinberg,True,147.5
cbe5463a-e7e3-47c7-8d62-f03c21b29dec,hortonroger@example.org,Mary Jones,Premium,Organic Search,2023-08-26 14:50:01.859416,UG,North Dylan,True,1284.68
c34683a7-d509-4d65-82e6-066e424b46d1,chriscarroll@example.com,Clarence Manning,Basic,Paid Search,2022-12-10 19:51:20.613465,AE,Theodoremouth,True,1360.22
622ea13c-664d-4956-abc2-94d02d0f5086,mitchelleric@example.net,Paul Gordon,Standard,Email,2023-11-07 11:56:27.512892,AG,Wallmouth,True,1755.92
46a1c20e-c924-42bb-acc7-1e32b33cd35e,samantha84@example.net,Timothy Nelson,Standard,Social Media,2024-03-07 05:26:07.331627,BW,Spenceberg,True,1279.59
da831604-6002-4b62-9006-bf7faa21df11,omontgomery@example.com,Paul Hansen,Standard,Social Media,2024-09-30 07:03:51.274652,BO,Woodsfurt,True,1932.53
b31e7cf3-ee4a-4772-9e09-494feb0abe7d,brianwatson@example.com,Brian Miller,Basic,Email,2024-12-31 11:09:48.934073,UY,Anthonyport,True,1821.42
16092e17-254e-4381-b9fd-2279de246727,jonescarla@example.com,Dakota Hickman,Standard,Direct,2023-01-03 08:47:52.236182,GY,Christophershire,False,248.32
502854fb-d20c-4f2c-ab70-e24c70b228c4,uwilliams@example.org,Alejandra Kelly,Standard,Social Media,2024-03-18 21:15:42.780228,JM,Portermouth,True,329.31
e63cf032-a0f0-4846-8474-bde07cd8136d,terri15@example.com,Kathy Shaw,Premium,Email,2024-10-09 20:02:55.152425,CZ,New Laurafort,True,1418.66
76c495ed-0a3b-4f31-bd63-4047ae6a05fc,robertsedward@example.com,Mark Cisneros,Basic,Social Media,2024-04-11 12:16:04.088473,HT,Port Erin,True,1881.81
83b3106b-f887-4baa-bc2d-68e40c768a3e,victoriamason@example.net,Kelly Mack,Basic,Email,2022-12-10 08:56:45.206527,PE,West Kelly,True,1691.87
b40b2692-527d-4249-befa-786d71f806d4,twilliams@example.net,Daniel Bishop,Standard,Referral,2024-05-22 04:13:38.218352,BO,New Courtney,True,1270.11
01f84e0c-44aa-48b6-9163-798599687a6c,thomasmonica@example.net,Rebecca Jacobson,Standard,Social Media,2024-01-05 04:08:20.255386,SB,South Leeport,True,250.34
389d243f-ef5d-4001-b50b-e0dbd00d1884,barbara51@example.org,Raymond Scott,Standard,Direct,2023-01-01 22:55:44.739074,PY,Kathrynmouth,True,1066.96
1797e493-1caa-45bd-ac36-edd474c08f62,shelbybonilla@example.com,Scott Morales,Standard,Referral,2024-06-20 13:33:17.763663,VN,South Michael,True,337.27
5bedb28d-41b5-4038-8b66-b45fe8d4856f,nathaniel68@example.com,Shawn Fleming,Basic,Social Media,2025-01-19 17:31:17.110520,VN,Lake Krystalside,True,308.39
61dee25a-4657-4bd2-9518-a9e832fa5a27,robertseric@example.com,Courtney Sawyer,Premium,Direct,2022-07-17 17:31:11.342064,SV,West Stevenside,True,1441.27
40be0197-6188-4626-9cdb-bbfe78bea5dd,lrodriguez@example.net,Tyler Sanders,Basic,Direct,2025-03-21 07:31:15.445401,NR,South Mark,True,1685.06
c0b2dda9-1ae4-454a-9e91-635e36d0a4ff,vlewis@example.com,Jesse Gardner,Standard,Organic Search,2023-06-21 16:22:14.906177,PW,Lake Jason,True,1650.47
749f745b-7e67-481f-947c-4bf3ead9b759,zbrown@example.com,Veronica Lewis,Standard,Email,2024-03-22 14:55:45.289658,GH,Port Gabrielaview,False,90.92
c7762760-5465-4b57-a3e8-b4c720ef9888,christopherjones@example.com,Shane Hayes,Premium,Social Media,2023-04-11 05:25:52.312548,NL,Lake Patricia,True,1153.54
d2d79571-a982-4956-b5f1-bf93e8110634,davisrachel@example.com,Elizabeth Gonzalez,Standard,Direct,2023-01-26 17:24:00.983275,NL,Alvarezburgh,True,1533.92
1a70898d-76b6-4ef2-8fb3-b7c5ae909b35,sgomez@example.net,Adam Logan,Premium,Organic Search,2025-06-01 01:01:41.425570,UG,North Jennifer,True,1277.98
efe88382-5450-40a6-b962-dff5f3556597,mariodowns@example.net,Nancy Stewart,Basic,Organic Search,2024-04-02 21:20:19.068825,CZ,Peckfort,True,1254.33
b662cc56-6159-478e-9ee0-8926991e3e01,conneremily@example.com,April Hayes,Basic,Paid Search,2025-02-10 01:24:59.446628,CN,Fowlershire,True,1913.3
0a5f8420-313d-473d-889b-bb28070968f9,julielopez@example.net,Carol Gray,Basic,Email,2022-10-23 19:12:29.247541,MG,East Teresa,True,1609.38
1334b02f-3baa-4b61-b0d2-8d99a6e03a90,woodmichael@example.com,Kathryn Parrish,Standard,Email,2024-04-01 01:52:15.734516,ME,Banksmouth,True,594.87
80144c2f-aff6-4903-9141-9b480f149804,michael86@example.net,Gabriella House,Standard,Email,2023-10-05 17:07:43.389504,PK,Brooksside,False,119.83
e0dbb93f-4902-4b5d-bc22-993e9b79ea6c,qjames@example.net,Madison Park,Standard,Paid Search,2024-04-20 20:40:42.403351,BZ,Port Maryland,True,968.5
b2eb3709-10a9-4a77-934e-a137fea07695,vgarcia@example.net,Ariana Wallace,Basic,Organic Search,2024-06-19 20:00:05.700094,TT,Lake Kellychester,True,1213.32
5b17b982-744a-459b-9434-96af429db15f,harnold@example.org,Tiffany Bell,Standard,Referral,2023-02-26 04:16:34.611598,PL,Odonnellfurt,True,1436.73
b0328931-3aed-4af6-ae3e-2d9446748f4b,kimberly84@example.com,Deborah Roberson,Standard,Email,2022-07-17 08:38:10.711460,NI,North Rachel,True,1721.55
9f12b005-a68b-41c3-8b81-2eb4aeb33ea1,johnsonkrystal@example.net,Lindsay Rogers,Basic,Paid Search,2023-10-06 06:21:16.230131,TO,Allenfurt,True,261.53
f687ec9f-fba5-4997-a97c-a669000356f3,zpoole@example.net,Todd Myers,Basic,Paid Search,2023-02-05 03:05:11.460672,ZA,South Rebecca,True,1123.3
6f7b50f3-01ad-4140-b518-8a150afe2c73,thall@example.org,Lynn Mueller,Basic,Paid Search,2024-01-26 19:37:19.569871,YE,Maryburgh,True,932.95
8fd2d9b7-d342-4a09-bba7-08a5299aa914,christopherjohnson@example.org,Leslie Johnson,Basic,Email,2025-05-13 12:52:46.085795,KN,New Patrickberg,True,495.84
4838229b-c243-4f16-bc8c-dafa67f10d62,jacob34@example.org,Danielle Deleon,Standard,Paid Search,2025-06-20 13:45:37.050724,MT,Donnaview,False,580.42
8f3d31a4-fdc6-4516-8df5-e0045146c96e,courtneylittle@example.net,Ashley Ho,Standard,Organic Search,2022-10-07 22:21:10.428227,CM,East Justinburgh,True,1230.75
69b60ecc-3d66-49b8-aaff-43c51c6661da,nkirk@example.com,Robert Gutierrez,Premium,Email,2022-10-18 16:25:42.237544,RU,East Gracefurt,True,1730.62
131dd71a-07af-4503-9f87-38f98037f476,lstokes@example.com,Christopher Bradley,Basic,Paid Search,2025-03-09 21:41:15.061096,UZ,North Theresastad,True,654.87
9a323e8f-3d7d-45c5-ae0d-f9c2945fdfc6,moorejudy@example.org,Allen Johnson,Standard,Direct,2023-12-21 06:11:05.332746,SG,East Michelle,True,625.43
9de2e7fd-da4d-4d99-b634-0c336a287bad,anthonytaylor@example.org,Teresa Adams,Standard,Referral,2022-11-11 19:15:58.099771,RO,North Michael,True,996.53
535858cc-931b-4990-9ebc-2a627605dd6b,stuart76@example.net,Tammy Wright,Basic,Referral,2024-03-04 07:30:57.502447,FJ,Suzanneville,True,997.52
2a4f07ac-207b-45d4-b0ac-fedfa3634876,gabriel37@example.com,Jessica Burgess,Standard,Direct,2024-04-08 13:00:12.739108,LB,New Patrickborough,True,46.35
8b757aec-0db9-4f2d-a8e0-29cd7ebff66a,rachael17@example.org,Tina King,Basic,Direct,2024-03-21 10:56:05.392133,NE,Cassandrahaven,True,1010.89
13710be6-4657-464c-bbf8-46b2036cfc8f,wilsonlisa@example.com,Heather Jones,Standard,Organic Search,2023-07-29 23:56:47.559576,KM,Nathanmouth,True,430.29
d5c0c25b-5eb1-454d-9771-ce2f5b1056c5,haley53@example.com,Erica Hall,Standard,Direct,2022-11-20 00:53:38.738835,BI,Campbellborough,True,101.08
122d955f-ab5c-4704-bd6d-04168b47a370,hoffmanjennifer@example.net,Steven Fisher,Standard,Organic Search,2024-02-06 18:12:28.431673,TW,Stewartmouth,True,1764.68
5e4515fc-3623-4a1f-b9fe-76ed5bae436a,langvictor@example.com,Caleb Jackson,Basic,Paid Search,2023-02-11 03:27:31.787194,LR,Youngtown,True,941.17
b7c671a6-14a0-4748-a001-211dece25622,buckjustin@example.com,Joseph Rose,Basic,Referral,2023-05-17 08:20:14.953427,LU,North Terrychester,True,1694.34
368c70d1-9268-4252-92dd-4275259119fe,logan56@example.org,Emily Salazar,Standard,Email,2024-09-08 12:14:46.337530,MX,Heathermouth,True,1764.91
6caace02-6fe5-46f4-b661-6460b5879210,cameronsharon@example.org,Anthony Smith,Premium,Referral,2023-12-31 14:03:11.833633,CA,Michellechester,True,1527.71
11ca6eba-cfe5-49a6-bbbe-12b5cc31e7e1,leerachel@example.com,Kimberly Smith,Standard,Social Media,2023-03-14 00:48:04.810744,FM,West Nicoleton,True,801.16
3f079f58-c939-4105-8041-00e09aa63f2d,charles59@example.com,Christopher Taylor,Basic,Direct,2022-11-07 10:28:30.578267,PK,East Luisberg,True,389.31
6bf9a4af-4c7f-414e-9f07-8e7b2a45bb25,qwalsh@example.org,Cynthia Woods,Premium,Paid Search,2024-10-11 03:24:34.702852,RW,Marcfort,True,147.06
be4ad1f7-d4c2-4363-942d-9e57d94a31f5,katie15@example.net,Dana Holland,Standard,Email,2023-03-13 11:22:13.149033,GA,North Teresaton,True,1528.81
0a56fa31-ffd1-4dcc-a5d2-a2db53ca92a9,taylorcruz@example.com,Daniel Garza,Basic,Organic Search,2023-02-26 20:10:08.062526,SM,Kathleenport,True,1978.18
fedc32f3-70f1-4f3f-b632-a24b88268e40,melaniegarcia@example.org,Jack Hester,Standard,Social Media,2024-08-23 08:35:23.657460,VN,Port Ricardo,True,237.62
a70d07e0-468e-4bce-8433-39c58f7b87aa,tmartin@example.net,Bridget Walter,Basic,Organic Search,2022-09-22 05:40:08.781586,CH,East Allenmouth,True,787.81
1ec797bd-cb47-4d67-bed7-beaea6846f58,alvarezalyssa@example.com,Timothy Miller,Premium,Email,2023-01-29 23:00:57.853548,NR,East Randy,True,678.17
3bce135b-71fa-4762-8f56-042e5ab83803,brian45@example.org,James Reilly,Standard,Social Media,2023-10-24 02:47:00.864544,FI,Jaimeburgh,True,1509.93
2e7f88e0-1d9a-4ee3-a4fc-dfe25533dcb0,gstone@example.net,David Rodriguez,Basic,Referral,2024-04-19 22:31:09.033463,CI,North Barbarabury,True,1018.25
38bf2aac-f4da-4157-bacb-75c1d6b9659a,hillnicole@example.net,Jenna Garcia,Standard,Organic Search,2022-09-19 04:14:56.720746,ES,Tylerburgh,True,90.61
21af0c6c-5eb5-4922-bbd9-9fa3c40c1d99,dana94@example.net,Cody Velez,Basic,Email,2024-11-15 23:08:31.193545,VU,Stevensonbury,True,666.08
9b6da517-ae7d-4018-8c5b-75c883304997,jacksonmartin@example.com,Adam Wells,Standard,Direct,2023-01-11 13:17:44.189831,LT,East Terriland,True,913.98
a6e7403e-8720-44bb-aa34-6e4856358f6e,wheelertara@example.net,Shane Kennedy,Standard,Referral,2023-01-12 02:14:52.887857,BD,New Erinport,True,1031.01
4f496c1c-fdd7-4bec-a1f7-eb5c32b3cc85,karirowe@example.org,Noah Chavez,Premium,Direct,2025-01-09 08:18:44.235803,LK,Veronicaview,True,1226.14
5ba6838e-35f0-429d-939b-d14a074013f4,michael05@example.com,Stephanie Hampton,Premium,Referral,2024-07-04 22:28:53.715797,UG,Rodriguezhaven,True,1981.23
5f417a4a-952e-4b26-8ab4-5f35d5ef840d,hernandezrobert@example.org,Brenda Jimenez,Basic,Referral,2024-09-13 22:43:47.899288,HN,Howardland,True,598.47
bf23e4ad-48d5-4dd8-8ae4-78a009279bb5,rfowler@example.net,Stephanie Cole,Standard,Social Media,2023-02-06 10:09:44.102606,SL,West Renee,True,1656.58
aea56901-2e41-494f-ae33-781f779f871f,peter64@example.com,Kevin Miles,Standard,Referral,2023-07-26 06:19:05.044896,VA,South Laurashire,True,1417.48
fdcc23cb-db64-4769-b80b-404b9978a9c6,keith07@example.net,Michael Mills,Premium,Organic Search,2025-06-03 20:26:00.254666,JP,West Tommy,True,1631.5
d58452bd-6da6-4527-9bce-a3dfa98aa4d2,alexis03@example.com,Becky Freeman,Standard,Direct,2022-09-17 19:52:47.774700,AF,Belltown,True,1347.61
3bf586fb-c6d2-444d-b74c-1b06a1183d3b,michaelcampbell@example.net,Patricia Moore,Standard,Email,2022-09-01 16:55:48.084858,BT,Douglasborough,True,1167.4
32813e5d-5296-4241-a9f9-4c0fc2c43e57,carterantonio@example.com,Michael Hughes,Basic,Social Media,2023-10-25 10:24:08.571004,MZ,West Samanthaport,True,1450.65
a5259159-6381-4754-8769-8166d708a830,ushelton@example.net,Randall Wright,Premium,Paid Search,2023-01-14 22:00:44.470944,NI,West Kevin,True,53.29
5f8158c3-24d2-411a-8dce-60396e93cedb,ygardner@example.com,Joseph Benson,Standard,Referral,2023-05-30 19:43:16.471110,SC,Taylorchester,True,1934.14
dd148250-0c87-4034-bc23-bf2960fa4413,jmurray@example.org,Jennifer Campos,Basic,Social Media,2023-12-02 05:42:18.774500,VE,Kristinshire,True,1552.32
0678727b-6069-4701-851f-799d623f9ff9,christineyoder@example.com,Ryan Martinez,Standard,Email,2024-01-21 06:17:14.879537,SV,South Lindseyhaven,True,1442.8
a83ad6e2-7136-4389-9ee2-565416a35b15,millerjoseph@example.net,Kristopher Short,Standard,Direct,2023-11-25 07:11:45.407552,TM,Vaughnton,True,341.02
ab32cb2d-8d4a-4b92-a918-d28774603a04,mileszachary@example.net,Kathleen Walker,Standard,Paid Search,2022-11-19 02:15:14.880522,GQ,West Courtney,True,1239.47
adc00eb7-2d6b-421e-9b65-ea968eda5098,shaffercindy@example.org,Aaron Munoz,Standard,Paid Search,2024-09-04 00:07:17.699545,CL,East Jamesfort,True,295.55
84d4e3fc-a243-49da-a031-41edf1f0075d,hmyers@example.com,William Wilkins,Premium,Referral,2022-08-05 01:02:15.995848,ST,Lorrainemouth,True,63.14
c38c9416-96c7-4fe2-9844-019302974d3b,reynoldsdaisy@example.org,Patrick Allen,Standard,Referral,2025-02-04 14:15:35.494466,SE,South Timothy,True,219.79
28d57307-e75f-46aa-8e5b-a20d03b67066,haleytrevor@example.net,James Marsh,Basic,Paid Search,2023-05-22 04:21:51.220506,PL,Liberg,False,627.38
d47275c7-98db-4b9d-8b59-382cc3edda80,ywilson@example.org,Amanda Santos,Standard,Paid Search,2022-08-08 16:11:39.092575,KM,Williamsstad,True,1381.0
cfca567f-75a4-4ee8-a213-eaf9756c2374,dkhan@example.com,Christopher Mason,Standard,Direct,2025-05-28 23:34:18.302830,SC,West Rachel,True,1549.94
9e874509-d413-477b-8448-9ffb53df59b8,thompsonedward@example.net,Gina Espinoza,Standard,Organic Search,2024-02-04 08:10:38.578779,CU,Kristenport,True,1745.64
eed13356-5fce-4e0d-9f06-a11b79ad534d,hendricksdeanna@example.com,Lisa White,Basic,Organic Search,2025-04-15 21:34:24.743830,KN,Davidmouth,True,124.56
05e72bf4-2067-4ecc-9a9a-2f043b50222a,breanna61@example.org,Nicholas Hall,Premium,Organic Search,2024-04-14 05:51:01.763667,TL,South Sarahfort,True,414.68
d13eb6aa-4694-401b-a39f-35fb6844586b,tinastokes@example.net,Ashley Gilmore,Standard,Organic Search,2023-06-28 16:00:11.917743,ZA,Camposchester,True,1324.45
8e55c75d-0a5b-4efe-bd28-50306e67b319,salazardanny@example.net,Phillip Obrien,Standard,Direct,2025-04-14 16:36:59.717568,AT,West Daniel,True,627.51
b71e3bbd-06c5-44e6-a609-62d2cd71eabf,vanessaberry@example.org,John Shelton,Standard,Referral,2023-11-13 13:31:21.258207,GR,Lake Fernando,True,1824.25
78bd5d09-f2bd-473c-932a-f69497a3fb94,christopherjohnson@example.net,Andrew Taylor,Standard,Direct,2024-12-16 18:21:39.198164,AF,Kimshire,True,708.57
acb6ed05-746b-43b3-b8fc-46219d2daf70,petersonfaith@example.net,Kathleen Collier,Standard,Paid Search,2024-02-27 22:13:53.059446,TO,Masonstad,True,1441.85
1b8ca86c-c85b-4dbf-a6dc-492caf6c3642,lauriegonzales@example.net,Benjamin Miller,Standard,Organic Search,2024-05-16 16:57:13.668616,SI,Craigfort,True,1386.63
3f0a3442-535e-466c-bd0a-ed9e2986687e,andrew44@example.com,Andrea Savage,Basic,Organic Search,2023-03-18 16:05:52.729399,JO,New Barbarahaven,True,384.53
dec0b676-58d1-47bb-8748-8c4c46c6e058,reginald08@example.net,Lauren Giles,Basic,Organic Search,2025-04-25 00:41:07.573017,IN,North Matthewview,True,1116.17
be001f5f-828c-4e92-b07c-8203a611a133,tayloramy@example.net,Peter Gaines,Premium,Organic Search,2023-02-13 17:32:33.393537,BH,South Charles,True,1945.82
3ee6b4dc-27c4-4b3f-80a6-ebd1e5ed774a,reedchad@example.com,Lisa Miller,Premium,Paid Search,2025-05-12 18:24:00.652736,TG,Pottsview,True,578.01
1dd2709d-712b-41d9-9b97-f311b5e05d03,johnsonwilliam@example.net,John Harrington,Standard,Direct,2024-09-08 14:14:51.284635,GT,North Anthonyborough,True,1409.98
448ce6d9-8463-4478-9253-cef483d68f2c,vfleming@example.org,Amy Cannon,Basic,Social Media,2024-02-14 08:16:37.582106,MC,South Jacqueline,True,697.61
cadaa610-cbab-42e1-a147-a0ed37f6b3b9,kimpenny@example.com,Greg Hull,Basic,Paid Search,2024-03-02 04:10:43.263639,GW,North Brianna,True,1590.81
3cf510e9-7a02-4394-b5c2-e26c307aea2a,ritteralexis@example.net,Anthony Brown,Basic,Social Media,2023-03-14 21:26:05.886844,OM,West Bradley,True,243.75
3141ce8f-604b-4f18-ac8f-975b6f5d9310,whitneyanderson@example.com,Bryan Jones,Basic,Organic Search,2023-07-27 03:56:42.568037,ID,South Janet,True,759.39
d48a9527-58f5-486d-a019-f6d79f86d805,scottturner@example.com,Eileen Valdez,Premium,Direct,2024-12-16 07:30:09.395513,SL,Luisside,True,1636.75
6e3eb218-0667-46d6-ae56-32dd963fddb3,reedrobert@example.net,Mr. Thomas Skinner,Standard,Referral,2024-01-11 15:53:11.977514,SK,West Judy,True,1609.23
dfe87a60-bc9f-463f-bf82-616ef5baaa4b,jenny20@example.org,Marie Chavez,Standard,Email,2023-02-24 23:18:35.890458,CI,South Maryview,True,575.26
543aad79-5828-4f91-8742-b89929b8509f,fevans@example.org,Leonard Simpson,Standard,Referral,2023-05-09 14:25:36.017015,MU,Wallacebury,True,692.73
d9fcb56d-1dc5-4a5a-b94a-a96363d5485d,donnapatel@example.net,Joshua Bailey,Standard,Referral,2023-02-19 10:47:04.316988,AR,Sandraview,True,512.89
95cb55e2-250a-4d33-9eaa-8436cfc7da81,katherinepeterson@example.net,Jeffrey Daniel,Standard,Organic Search,2024-12-12 19:50:49.349236,LK,Port Danielfurt,True,404.14
fe1f74cc-0d6f-4b50-bfce-e9eed066e1d5,michele87@example.com,Laura Stone,Standard,Social Media,2025-05-17 16:06:24.226481,DK,Mcdonaldbury,True,1866.05
fcffe52e-272d-444d-a440-3b94558852fe,campbellfelicia@example.com,David Daniels,Standard,Paid Search,2022-11-30 12:32:08.157706,LU,Johnsonview,True,274.55
8680fb38-ce41-4267-ac45-437da2850310,kimberly90@example.org,Matthew Huff,Standard,Direct,2023-08-09 08:13:59.284894,EE,Fordmouth,True,1173.66
0aa4b17d-dfe3-4009-b637-013352613bc4,churchtimothy@example.net,Anthony Mcmillan,Standard,Paid Search,2022-07-18 17:55:02.202201,IS,Stephaniemouth,True,1339.67
4c52e17b-0176-4318-b733-a0613c882c21,jordan72@example.org,Bridget Williamson,Standard,Social Media,2023-01-22 00:59:44.539368,BE,North Diamond,True,1275.89
a8dbd787-6f79-45d2-b5a8-9d0b82fadc1e,criley@example.net,Amy Klein,Standard,Paid Search,2023-01-26 22:03:36.877403,IL,Allenstad,False,826.6
0d80b253-e544-4bed-82e8-4a40e9331ff5,burkemichael@example.org,Ashley Jones,Standard,Referral,2024-02-21 04:46:46.442378,GA,Ashleychester,True,201.09
d7fcb7e2-7c41-457d-a789-e41b98d0347e,jliu@example.org,Richard Rogers,Basic,Organic Search,2022-09-25 06:05:17.655565,NE,Thomasport,True,10.36
cc99e4a4-8330-4d63-9773-512028dc8a10,michealcarter@example.org,Allison Lynch,Standard,Paid Search,2024-05-20 11:21:02.996294,KW,Shelbyfurt,True,1858.2
85ae51e2-f986-4cb4-9686-0537b95210e5,sandovaledward@example.net,Billy Walls,Standard,Email,2025-01-04 06:29:47.053820,GR,Ryanville,True,1870.06
ea456d04-e30b-45dc-86ba-2116f0b57505,lawsondonna@example.net,Derrick Huff,Standard,Social Media,2025-01-22 18:05:13.507084,KE,West John,True,954.9
e5720e1a-a339-4eec-aa0e-8f4bf070a14e,jerry51@example.net,Nicholas Beard,Basic,Direct,2024-10-27 03:34:32.698766,ML,West Annland,True,1927.83
883f0e6b-d56f-42d1-816d-841de817c3ba,cjacobs@example.com,Ronald Hatfield,Basic,Email,2025-04-06 05:04:05.160670,SO,Port Regina,True,1291.8
73a22fc6-500a-4e18-aea5-7ab2675eb5d1,catherineflynn@example.com,Brad Fisher,Basic,Referral,2024-07-16 15:46:23.590951,CY,Chenborough,True,178.92
39ea0cb0-3440-4739-918b-16c2cf483a8b,hsmith@example.com,Justin Conrad,Basic,Social Media,2025-03-21 00:50:24.743864,CH,East Mollychester,True,1070.3
64238b70-39d2-4171-a991-beaf768b543b,veronicaanderson@example.net,Sue Gomez,Premium,Referral,2022-08-04 05:58:27.649410,MZ,Lake Kelly,True,1873.34
5d895265-ddee-485d-a344-23abb2199c51,brittany91@example.net,Parker Kelly,Basic,Organic Search,2023-07-13 01:47:02.182231,PE,Mccoychester,True,350.13
9fdd03bd-f136-47a9-bbec-a802fbad2678,ugraves@example.org,Leah Wilkins,Standard,Social Media,2023-05-22 00:12:43.548945,SE,East Paulashire,True,351.58
bf97d648-4da4-42ad-8d53-49db6b737f3b,cgray@example.org,Leah Duffy,Premium,Referral,2024-04-18 20:11:54.763461,BY,West Trevor,True,1994.34
9b3511e7-2216-4ba1-9336-e31e754ec747,ymitchell@example.com,Tiffany Williams,Standard,Social Media,2022-08-30 22:29:01.006138,LK,South April,True,990.77
e9e5d8d7-288d-4a17-be26-e115226324db,cory42@example.org,John Walker,Premium,Referral,2024-03-30 05:12:08.324782,DO,Sheilaview,True,1924.26
a12a2c86-bea4-4dbe-baff-69c62984ad92,middletonelizabeth@example.org,Juan Romero,Standard,Referral,2025-06-26 11:32:20.383409,DO,New Rachelside,True,1753.49
e92eb3a0-f153-4f2d-bedc-02322e2b3da2,adamwall@example.org,Douglas Gould,Standard,Social Media,2024-02-18 10:22:03.146869,NP,Meyermouth,False,1135.92
f64d142d-97d1-4594-bd48-d8518f80e63f,moransamantha@example.org,Jeffrey Baker,Basic,Email,2023-05-28 04:48:11.837657,CU,Jessicaville,True,1965.99
79cbaad7-e465-42f5-afce-5eb8608d6525,garnerjeffrey@example.org,Jonathon Hill,Standard,Paid Search,2025-06-04 03:58:06.924459,ZM,Lake Haileyton,True,1978.2
836300eb-ccb8-4388-acf1-879f307e7bfb,james80@example.net,Danielle Willis,Standard,Paid Search,2023-10-26 21:17:40.835630,GN,West Theodore,True,987.82
c4398d9d-21cd-4c66-b6bc-8782b52fad9c,jessicacampbell@example.org,Ann Black,Standard,Referral,2023-12-21 21:51:45.742496,RS,North Ryan,True,1702.12
7e1f19a9-5964-4c2d-a42b-0884f34df144,jenniferwilliams@example.net,James Silva,Standard,Organic Search,2023-12-28 16:29:04.414144,DZ,Toddburgh,True,385.62
afc1acb7-26df-469a-bda7-87f87dfadc9f,nancycontreras@example.com,Jenna Howard,Standard,Email,2025-02-24 22:45:06.796444,RO,Colinville,True,324.99
34ebbfff-5ba8-4c46-9e51-075876ff3407,robert75@example.org,Audrey Marshall,Premium,Referral,2025-05-29 02:47:28.399142,LB,West Heidiberg,True,514.53
e1bd912a-a3e7-4b3e-b59e-32aa1ab2ff93,flarsen@example.net,David Carter,Premium,Organic Search,2024-11-02 18:22:06.162252,SD,Port Kirsten,True,1473.24
dac07666-0336-42d8-bf02-926c8909b00d,jose56@example.com,Jessica Green,Standard,Paid Search,2022-09-13 15:36:08.377126,BF,Toddbury,True,1135.56
64ebf75d-6cda-405a-ab9f-9ef4ac3bccba,parkerrobert@example.net,Kimberly Chan,Basic,Email,2023-07-16 09:33:01.871125,CG,Davidside,True,350.99
ad90cd0a-26b8-4e10-9a76-f95c045ce042,langchristopher@example.net,Harold Miranda,Standard,Direct,2022-07-30 20:28:53.649471,BI,New Jasonside,True,1794.09
5cda2ed0-d4b6-4dcc-b499-aedc44420b69,maryfoster@example.net,Robert Lozano,Standard,Referral,2023-02-11 11:04:09.470666,LS,Lewisbury,True,1030.56
90239398-cc26-418b-8991-b9eb65e54924,brucekari@example.net,James Washington,Standard,Social Media,2025-05-04 00:26:52.608434,DJ,Kevinbury,False,1338.51
1a9c3452-589a-48dc-bb53-8154fc169c9b,arthurbrady@example.com,Bonnie Yang,Premium,Direct,2024-05-31 00:50:01.870541,IR,North Charleschester,True,281.22
d99730bd-4250-4d55-90d5-f67342c95af8,codychapman@example.com,Larry Collins,Basic,Direct,2022-07-31 02:38:31.247222,LI,Hunttown,True,496.09
ab204112-2426-4c77-a9ae-ef7f91838fee,qharris@example.net,Jamie Jordan,Standard,Paid Search,2023-06-05 02:28:10.832945,GN,Hoffmanfort,True,471.04
20ca0e28-a34e-4729-96c5-598bc399e1e6,patrickkaiser@example.net,Jake Payne,Standard,Paid Search,2023-05-16 16:11:34.199296,CD,Walkertown,True,1908.07
c53ca227-e65d-4cfa-8210-a96310af8fd6,sergiowoods@example.org,Evelyn Pacheco,Premium,Organic Search,2023-09-17 09:49:47.342297,BS,New Garyfort,True,1445.77
af168398-7a97-43ff-a605-3e832a08be6e,thomaschristina@example.com,Sara Hodges,Basic,Organic Search,2024-04-19 05:41:54.888081,BH,Kingport,False,1307.37
34664847-c76f-4407-8348-26e127cbc47d,benjaminbarker@example.net,Aaron Vaughn,Standard,Referral,2024-09-27 10:04:13.640326,TW,Gardnermouth,True,124.25
739b4a82-78f0-4892-96cf-d4d878be262f,marcfletcher@example.net,Nancy Quinn,Standard,Social Media,2025-05-25 08:13:55.679894,CA,Lyonsfurt,True,613.61
1f638406-be5a-43be-a2f0-6d3a9afff93b,martinkaitlin@example.org,Sergio Wilson,Basic,Paid Search,2022-11-25 11:49:30.192864,NO,Jacksonhaven,True,1005.04
c385114d-ed80-4a67-ab61-8e43ee16a814,sross@example.org,Edward Weeks,Basic,Social Media,2023-12-24 20:30:09.324312,GD,Alexandrastad,True,1407.11
0e851623-f64b-4fc6-a598-223f64b86df6,donaldmills@example.org,Tiffany Watson,Standard,Organic Search,2024-03-17 19:19:17.246089,UY,Thomasborough,True,234.83
3c3f3c0a-aa3f-45dc-951b-ede7e43acb08,frankespinoza@example.com,Jason Hernandez,Standard,Referral,2025-04-29 20:13:16.286803,BJ,West Jacquelineborough,True,590.08
fda10580-50e6-4c2d-904d-361a827e433e,drivera@example.net,Christopher Bell,Premium,Social Media,2024-08-07 12:08:31.779569,TJ,West Courtney,True,438.26
1b1626dc-a9c6-417b-89ff-d516980c3ffc,justin69@example.net,Marcus Powell,Basic,Organic Search,2025-04-20 17:20:56.154512,IE,North Brittany,True,306.37
c4b82320-0ff8-4c50-9e08-cd916f4f6738,joshuabaker@example.org,Joseph Newman,Standard,Organic Search,2022-10-29 20:38:17.122575,MV,Barbarashire,True,1211.48
1e2309a7-8505-4cbd-870f-ddf2ef5b1e7d,aclark@example.org,Anna Pratt MD,Premium,Referral,2024-05-01 16:35:05.670240,DM,Baxtermouth,True,1098.47
95069238-3f23-40c1-96e2-fa9ad1eb153a,taylorlindsay@example.com,Erin Mason,Standard,Email,2022-10-02 06:14:23.018755,CL,New Phillip,True,1075.04
92b78c6e-8f4e-41bf-9332-bb533a41631b,hkelly@example.com,Sophia Wilkinson,Standard,Social Media,2024-11-03 00:37:22.636624,DM,Jenniferchester,True,436.82
2fe22bec-ab2f-4345-9ee4-eacff0454363,qneal@example.net,Steven Pearson,Standard,Direct,2024-03-14 03:53:44.466621,EE,Port Michaelmouth,True,1509.48
69efc51c-00ce-4dea-8976-1741ffe5ce62,jessica39@example.net,Tammie Lee,Standard,Organic Search,2024-10-30 13:07:59.941222,MR,Lake Wendy,True,163.74
fa98e217-cb5a-40bc-bc2b-ade5b2bdd225,alicia09@example.com,Thomas Moon,Standard,Paid Search,2023-02-08 14:35:53.938215,SC,New Joshuaview,True,1407.53
ee1efa26-3174-4d10-b67c-2f61726db276,swilliams@example.net,Mario Maddox,Standard,Referral,2024-06-11 02:55:27.748859,AT,Osbornmouth,False,1128.34
d3e431ef-115b-4c67-8722-41ab6044c897,pbrady@example.net,Amanda Johnson,Standard,Paid Search,2023-12-28 06:12:39.925505,LC,Lake Jill,False,1095.3
1a57d3da-3788-441d-96ec-cbd6e6737af1,christopherflowers@example.org,Mark Brown,Standard,Organic Search,2025-02-17 07:17:26.812464,BY,Tonyaborough,True,1145.4
56b04a10-b3d9-4e50-bdd9-d672fc379797,cookemily@example.com,Caroline Andersen,Standard,Email,2024-06-25 20:07:38.710608,WS,Zacharyfurt,True,656.24
18a6cd0f-9748-4a56-a7eb-61be51f8911f,brownmandy@example.net,Derek Thompson,Basic,Email,2023-10-08 06:16:11.771037,BD,Charlottehaven,True,232.48
dc75584e-fc2a-4897-9ad4-bd07e6680f81,collinsann@example.org,Keith Horton,Basic,Paid Search,2023-09-30 10:50:36.801866,TM,Davisland,True,1166.3
1e1bc37f-2103-40b3-a1e3-914902a1aeb1,lopezbrittany@example.org,Rachel Robinson,Basic,Referral,2023-01-24 23:55:15.915904,MR,Millerbury,False,1020.75
eb8f6665-6844-431c-99d8-453885d9dc8f,julierojas@example.com,Michael Thompson,Premium,Referral,2023-06-11 06:28:47.343647,CU,Robertborough,True,906.86
ede87317-2cfa-41e2-a1f1-4c6fb8aa75a1,gregoryphillips@example.net,Brandon Kelly,Basic,Social Media,2023-05-03 22:31:29.208537,MM,Kelseyhaven,True,913.6
fccd5771-c489-4097-a5b8-9db2b1093507,benjamindavenport@example.com,Keith Chaney,Standard,Organic Search,2023-11-13 17:49:21.144467,NZ,Debbieport,False,924.76
2b3e561f-7572-4b86-80dc-df6df29c7954,christopher34@example.org,Andre Wilson,Standard,Organic Search,2023-02-21 07:55:57.633844,KM,South Donald,True,1446.56
e4e56d7f-dce7-49bf-a56a-0367ff68f83d,anne90@example.com,Lori Booth,Standard,Referral,2024-04-12 00:25:54.529631,AG,South Thomas,True,1632.91
187bf10e-5668-4ea0-b636-32ae6d334057,lopezmichael@example.org,Cody Johnson,Standard,Paid Search,2023-07-12 22:11:44.262672,VE,Watkinschester,True,1156.62
dc33d710-f675-4479-ad97-4391266a1722,qflowers@example.net,George Gregory,Standard,Email,2024-09-16 22:45:59.507549,KG,East Kathrynhaven,False,689.06
5b4cf71e-7a89-41bb-b238-959ebbbf5dc6,kschroeder@example.com,Carly Jackson,Standard,Referral,2022-11-04 04:56:36.167704,KG,New Karen,False,1988.25
190ea72f-60be-4632-9e7e-e95d870e6b16,kristina01@example.com,Brenda Reed,Standard,Paid Search,2022-11-28 08:25:02.592048,MY,South Aaron,True,138.04
2778d4b5-b505-4b7e-8a0a-306cfacbf774,kevinmiller@example.org,Jessica Ramsey,Standard,Email,2022-12-17 15:15:15.550944,DE,Adamburgh,True,63.47
ce522b75-bbbd-4168-84cf-126c042f51b5,zpierce@example.net,John Bennett,Standard,Social Media,2023-07-21 17:37:34.793840,PL,Port Sabrina,True,1537.94
fd182fea-c3c1-4558-a563-14295eb03025,kathryn26@example.com,Sally Cross,Premium,Paid Search,2023-09-06 16:46:54.025085,NO,Fergusonstad,True,1956.67
22cf7207-ac63-46f6-9b8a-1a4d0a2cd956,walkercharlotte@example.org,Gerald Morrow,Basic,Paid Search,2023-12-26 01:50:56.723816,VA,Melendezbury,True,840.72
73e24bdd-1003-426e-9029-fdd993b3735d,bradleyturner@example.org,Matthew Simmons,Standard,Social Media,2022-12-07 07:46:03.881468,JM,Paulfort,True,764.96
0622ebb9-aac6-478a-8565-8bfb363eb695,zwhite@example.net,Ashley Drake,Basic,Direct,2022-08-16 04:29:18.203978,LY,Lake Michelletown,True,1813.53
83e04e7b-18b2-4698-86f3-7f5b37f8f478,autumncruz@example.com,Matthew Santiago,Standard,Direct,2023-01-01 07:26:51.842628,NO,West Ronaldville,True,1365.46
3855df52-7acf-427d-af34-15a19deee17f,xshaw@example.com,Sarah Bonilla,Standard,Email,2024-04-30 10:37:41.153920,CG,South Amanda,True,1078.6
03697121-9426-4aed-8ab1-90257ccb06bd,hernandezmatthew@example.net,Christina Hess,Basic,Referral,2023-09-02 04:54:28.270403,ZA,Grahammouth,True,695.54
be1a76a7-06f6-411f-b570-029c11c85ac9,parrishsteve@example.org,Melissa King,Standard,Organic Search,2023-05-13 16:57:09.754336,LU,Katietown,True,1074.52
5bf9e8fc-e4b3-4aa2-b9ac-8506fce8fe5e,kellybutler@example.com,Mark Larson,Premium,Paid Search,2024-02-23 17:27:04.190480,MK,New Joannabury,True,1455.72
68f83d9c-008a-4977-8001-18cd53bd0147,martinezduane@example.com,Donald Bonilla,Premium,Organic Search,2023-01-17 00:48:36.890888,FM,Port Rebecca,True,6.95
64ea7ff6-a52d-4bcd-b765-959e143a3ff4,uwilliams@example.com,Lee Cummings,Basic,Email,2025-04-25 12:42:36.982389,BZ,Huntland,False,596.73
85be04fd-a743-4093-832e-bdd13edbe637,roberto02@example.net,Matthew Andrade,Standard,Email,2023-07-14 03:08:46.682530,NR,Port Jamesview,True,1088.89
13aeba1c-7924-448d-a52d-b4db225a5345,heatherwilliams@example.net,Philip Kim,Basic,Social Media,2025-07-03 04:17:23.653827,AE,West Walter,True,1646.72
b10d27c1-7c91-46bb-b484-b11ead438472,rbrowning@example.com,Jason Smith,Basic,Referral,2022-08-28 03:32:12.787554,NI,West Joseph,True,692.32
738464aa-66a2-4286-afca-fdb77b77713a,colton30@example.net,Arthur Roberts,Premium,Social Media,2024-04-25 10:48:07.224504,LC,Matthewsmouth,True,1874.82
867fdd3c-eca1-4759-a777-a6cf1dcdb45a,aspears@example.com,Gregory Wallace,Premium,Referral,2024-02-22 07:30:45.303961,PL,Clarkburgh,True,225.69
91630892-8cc1-42e7-ad81-b72629bc5d81,richard91@example.net,Dr. Bradley Adkins,Basic,Email,2024-07-15 10:20:31.012272,SM,Kevinmouth,True,838.48
cc10f092-c5ab-466d-a6dc-4043abde2433,njohnson@example.net,Guy Reynolds,Standard,Direct,2023-11-15 17:50:32.664050,AO,Angelafort,True,1767.51
39901905-a7d8-4b04-8b7b-867dfbb8b1ab,imorse@example.com,Sarah Davis,Standard,Direct,2025-06-27 10:32:25.156955,GM,North Ashley,False,412.16
e54d172d-cdbe-41a1-a5a4-49ad72e33557,katiejoyce@example.com,Heather Robinson,Standard,Organic Search,2023-01-20 17:55:34.405982,US,Luisstad,True,67.15
6df8fd2a-260d-47f1-b0df-a85f49d566e0,wayne86@example.org,Kathleen Marshall,Standard,Email,2024-05-29 15:10:38.834290,PG,Port Gregory,True,1406.57
09df2fb7-3cff-4c20-ac97-11af452fda8f,kathryn21@example.com,Jennifer Barnes,Basic,Paid Search,2023-05-21 00:58:58.366943,ET,New Jeffreyhaven,False,1481.08
64c7fb56-38b8-42fe-b99e-c9200b846f40,udougherty@example.net,Keith Kennedy,Premium,Email,2025-07-07 13:15:17.472691,BW,Andrewfurt,True,468.68
39ed7444-867b-4967-887a-3f649644c95f,melissamartin@example.com,Cynthia Kennedy,Standard,Paid Search,2024-03-04 22:14:56.047258,LC,West David,True,1727.46
1782b7e7-7027-49ca-afbb-29959cd66b9f,clarksteven@example.org,Jill Allen,Standard,Organic Search,2022-09-18 01:02:34.467007,EE,Porterville,False,1007.79
6deee6ef-b8a2-4375-b532-d8271d9fed9a,monica23@example.com,Andrea Goodman,Premium,Social Media,2024-12-05 15:25:23.946471,KZ,Camachofort,True,1631.57
a72b60e3-f51f-4b2b-918f-e0028d750be6,logansusan@example.net,Michelle Lawson,Standard,Organic Search,2025-02-07 17:20:26.777344,SN,South Timothyton,True,637.81
37be79b0-3c73-49de-a47a-e875779f1959,uclayton@example.org,Mitchell Hunt,Standard,Email,2023-05-26 00:46:25.891969,CF,Pattersonville,True,1345.06
be774f95-df76-4ec9-8b04-02c6d18be137,katherine91@example.net,Jason Morgan,Standard,Paid Search,2022-10-30 13:38:43.033907,HN,Clarkville,True,603.53
