order_id,product_id,quantity,price,total
ORD-000001,caf918e8-9227-4c43-a07c-5d2636c70c4a,3,170.21,510.63
ORD-000001,5365a6b3-f8c1-4cba-b21f-bda73e899461,3,178.94,536.8199999999999
ORD-000001,8a5a9ca5-73e4-4ebd-91df-9e78783ac1fd,1,30.98,30.98
ORD-000001,5f4b66a4-629f-416e-bdb6-36f673204882,3,391.1,1173.3000000000002
ORD-000002,4208330c-150b-463f-a7c7-0673090914e8,1,563.0,563.0
ORD-000003,9a612763-a18d-4647-9ea3-77af34124d8a,1,319.21,319.21
ORD-000003,74d41359-c624-44ba-8f3e-f9a3c9978f5a,2,592.89,1185.78
ORD-000004,8899b0dc-71a0-4fa0-a6b0-ac9f5ce7480c,3,19.81,59.42999999999999
ORD-000005,631da773-6e64-4717-9bd6-3ea10ab8a8a8,1,534.94,534.94
ORD-000005,ca25b56a-0fbb-4e75-90e5-e214ad3b390d,2,616.01,1232.02
ORD-000005,c9543a40-1b4c-4e7b-9ac1-572e5b495f5e,1,158.94,158.94
ORD-000005,faab82fa-51cf-4676-bff7-2f7bf7b28cf3,1,653.25,653.25
ORD-000005,2921a438-07b9-461e-95bf-ae0600aa711e,3,236.09,708.27
ORD-000006,e3bfcdbd-04e2-4a88-a250-358045a9c86a,1,767.56,767.56
ORD-000006,74d41359-c624-44ba-8f3e-f9a3c9978f5a,1,605.47,605.47
ORD-000007,55ecc7b8-3b15-452b-b56f-ed44d9daea49,1,797.19,797.19
ORD-000008,454b7ebc-fee8-4590-a620-8eb467fecb64,2,662.79,1325.58
ORD-000008,909c4825-1e5b-4389-b3fa-c87e6de42a78,2,564.41,1128.82
ORD-000008,3855fb85-8e60-4c4c-8d0c-d5e1d0b73a24,3,53.11,159.32999999999998
ORD-000008,532fb4b4-b30a-4ecd-a59f-88383b1b4111,1,777.86,777.86
ORD-000008,8a5a9ca5-73e4-4ebd-91df-9e78783ac1fd,2,31.22,62.44
ORD-000009,def4bb75-19e7-4d7c-8886-339395c44fc5,3,962.8,2888.3999999999996
ORD-000009,70d242a2-d6e6-49b2-82dd-dc10f9505de7,3,549.39,1648.17
ORD-000009,c5ff2331-db2f-4ecd-a938-d8b6c34e174d,3,845.25,2535.75
ORD-000009,5ba9f94f-7c5f-407d-ad88-c5c264376435,3,909.47,2728.41
ORD-000010,4375b157-2438-422b-aa81-33c6480a48b2,2,297.83,595.66
ORD-000010,b70acae6-2103-41b9-a113-f23f9b293a5d,3,394.11,1182.33
ORD-000011,a6abb6d5-04a1-44a8-ab10-f1f274300e03,2,918.2,1836.4
ORD-000011,2a9062a5-1a82-4732-863d-fa089ad07586,3,470.71,1412.1299999999999
ORD-000011,050d253d-22dc-473f-813b-6faf3727d9a4,3,321.88,965.64
ORD-000011,33b1781a-3a1b-419d-ab45-8633ffb25560,3,251.37,754.11
ORD-000011,7f860829-11cb-4357-9a02-efdfb77649ae,3,614.98,1844.94
ORD-000012,70d242a2-d6e6-49b2-82dd-dc10f9505de7,1,486.91,486.91
ORD-000013,532fb4b4-b30a-4ecd-a59f-88383b1b4111,3,831.5,2494.5
ORD-000014,23ee362b-698c-426d-b18f-b3237ab9e2e7,2,301.67,603.34
ORD-000015,ae458e21-3770-4079-9fed-c30b7ac9308d,3,756.74,2270.2200000000003
ORD-000016,26fdd0a3-d3c1-4b32-958b-645ecf7fc069,2,953.99,1907.98
ORD-000016,5365a6b3-f8c1-4cba-b21f-bda73e899461,2,157.84,315.68
ORD-000017,75be87b1-b37b-4a23-aed6-08cc34a651ac,3,423.47,1270.41
ORD-000017,45b5ae49-50c4-4c7a-bc7f-d2216d170c3f,1,207.55,207.55
ORD-000017,4b62729d-5443-4aea-9021-7b3065cb276f,1,823.88,823.88
ORD-000017,9a612763-a18d-4647-9ea3-77af34124d8a,1,323.14,323.14
ORD-000017,93f20425-7de0-47b2-9093-f087c2711366,2,731.56,1463.12
ORD-000018,2393bff1-4e45-46ea-a406-e25b2af55019,1,563.29,563.29
ORD-000018,70343e52-0a89-43cb-86df-8ddaaf47dff1,3,644.36,1933.08
ORD-000018,6f13ee39-c753-4c6e-a1d5-280ae443373b,1,383.96,383.96
ORD-000018,94cae71c-088a-4a34-a24f-4a036fd8264a,3,637.66,1912.98
ORD-000019,3d3df6c1-f288-472e-a21b-3132cb59b383,3,551.43,1654.29
ORD-000019,ff22512f-6c6f-4752-9f58-caec61b6cb91,1,573.68,573.68
ORD-000020,5365a6b3-f8c1-4cba-b21f-bda73e899461,3,164.44,493.32
ORD-000020,3d75e4dd-8c0d-4ca1-b8fc-94899558f59d,3,319.35,958.0500000000001
ORD-000020,da096c2a-6ee1-4f2c-83b3-0f2f76fe15c9,3,142.12,426.36
ORD-000020,deebf19b-f879-4e94-96dd-7544e5a8241b,1,836.74,836.74
ORD-000021,3760e57c-2f23-40d2-ae8d-1b6bcee93dfb,1,383.92,383.92
ORD-000021,8be9d6b9-e56b-4c5e-a460-748e7c075dae,1,635.94,635.94
ORD-000021,5efd7556-eb0c-4dac-bf16-a67ac3bf34ab,2,499.07,998.14
ORD-000021,71cc17b0-7afa-4146-b237-990ccd566c1c,3,535.07,1605.21
ORD-000022,74d41359-c624-44ba-8f3e-f9a3c9978f5a,1,555.73,555.73
ORD-000022,52c020c9-f59b-4eb7-a254-a01478fc4614,1,727.78,727.78
ORD-000022,937bff8a-d5ab-43ab-b22a-f408ac90f9f1,2,982.53,1965.06
ORD-000023,9be2b865-2317-4f5b-b405-3f012f0bb8fb,1,39.5,39.5
ORD-000023,c3522c3b-6d84-4b59-8d46-dfd3c8e5a9d2,2,423.73,847.46
ORD-000023,1a037248-f604-4a40-8f01-a1ec98cba9ba,2,858.05,1716.1
ORD-000023,85426297-26fc-49a2-a69e-0a4e6af9a45c,2,439.63,879.26
ORD-000024,4b8df45f-8e44-4f15-bd8f-a378a0c58905,1,809.65,809.65
ORD-000025,3760e57c-2f23-40d2-ae8d-1b6bcee93dfb,1,425.99,425.99
ORD-000025,71cc17b0-7afa-4146-b237-990ccd566c1c,2,557.96,1115.92
ORD-000025,2921a438-07b9-461e-95bf-ae0600aa711e,2,273.46,546.92
ORD-000025,909c4825-1e5b-4389-b3fa-c87e6de42a78,3,582.02,1746.06
ORD-000025,6672fd4f-9690-4544-a0aa-73d3d13c3143,2,852.91,1705.82
ORD-000026,2a9062a5-1a82-4732-863d-fa089ad07586,3,526.67,1580.0099999999998
ORD-000027,df68296b-c1d5-4644-96ef-390a77c22380,1,130.62,130.62
ORD-000027,89b21998-89f0-438d-9c22-841ebc194ee5,2,576.21,1152.42
ORD-000027,da67f0be-e782-4f46-adf3-77b094d80592,1,295.02,295.02
ORD-000027,ad82f489-80fb-4ab2-bdcb-13e79d0e35fb,1,585.01,585.01
ORD-000027,33842d9c-8a4f-479f-953b-efa0ab91e543,2,623.0,1246.0
ORD-000028,7b766140-2096-40c6-bd41-30e19a9cfa16,3,896.26,2688.7799999999997
ORD-000028,ef7d92e4-6287-4a2d-8551-d5d2a4a51d5d,3,749.78,2249.34
ORD-000029,f9fc8038-04f0-432b-a50c-a7a5af2a2345,3,11.05,33.150000000000006
ORD-000029,9ef2e0e9-2048-4cf7-a441-d92d6fdc3f63,2,924.65,1849.3
ORD-000029,d772ec05-2262-4b97-8c5b-0d43fe6340db,1,99.52,99.52
ORD-000029,68457cfd-15e1-4596-a81f-3df9fe90b61c,3,777.11,2331.33
ORD-000030,bf47ea32-f0cd-4cbe-89ea-3949a76eb378,3,515.4,1546.1999999999998
ORD-000030,315e1105-d13a-4238-9da3-93dd8555b2b0,1,741.24,741.24
ORD-000030,419ec84b-1236-48c4-8bc5-a1a124851553,3,1018.1,3054.3
ORD-000030,ae458e21-3770-4079-9fed-c30b7ac9308d,2,902.36,1804.72
ORD-000030,74d41359-c624-44ba-8f3e-f9a3c9978f5a,2,600.9,1201.8
ORD-000031,def4bb75-19e7-4d7c-8886-339395c44fc5,3,993.93,2981.79
ORD-000031,050d253d-22dc-473f-813b-6faf3727d9a4,1,319.02,319.02
ORD-000031,6059b6db-a71e-4aa4-a462-aa577d13efcd,1,85.2,85.2
ORD-000031,5efd7556-eb0c-4dac-bf16-a67ac3bf34ab,3,486.86,1460.58
ORD-000031,90ef69e2-4c38-4a58-abf2-7ca075f0ef61,1,393.9,393.9
ORD-000032,dbbd5b7a-a62d-4a45-be8f-920ae39e8608,3,897.79,2693.37
ORD-000033,c9360b39-4f2d-480b-82ce-6da8c789fa7f,2,516.59,1033.18
ORD-000033,da67f0be-e782-4f46-adf3-77b094d80592,2,288.87,577.74
ORD-000033,deff3d30-fa21-4823-b63c-3d4e6842e6c5,3,134.12,402.36
ORD-000034,9be2b865-2317-4f5b-b405-3f012f0bb8fb,2,38.68,77.36
ORD-000034,45614ebe-6ff3-4afa-b719-15f5a9fb2ecd,2,96.02,192.04
ORD-000034,6672fd4f-9690-4544-a0aa-73d3d13c3143,1,788.21,788.21
ORD-000034,366aced0-fca0-4552-b005-693380619df5,1,406.26,406.26
ORD-000035,94ba6334-cdc4-44a9-ab94-f80a2c07b053,2,611.25,1222.5
ORD-000035,3cecfc42-0caa-4b16-8136-54fbbbef5d7e,3,1038.83,3116.49
ORD-000035,c3522c3b-6d84-4b59-8d46-dfd3c8e5a9d2,1,418.65,418.65
ORD-000035,7f860829-11cb-4357-9a02-efdfb77649ae,3,654.95,1964.8500000000001
ORD-000035,6382aa8f-7015-49da-8e2b-33206e5d3fb4,3,27.09,81.27
ORD-000036,0ec71bd2-524d-47f9-9684-3a2ea9fea671,1,96.69,96.69
ORD-000037,d1f03c1c-8c75-4b6a-856e-4d8177b8e3b5,2,892.56,1785.12
ORD-000037,21f90a72-45a0-4a27-aeaa-7f370cca438e,2,91.95,183.9
ORD-000038,419ec84b-1236-48c4-8bc5-a1a124851553,2,982.33,1964.66
ORD-000038,0dc39a14-a7b4-4bef-aed4-4e5d8a05457e,1,391.49,391.49
ORD-000038,5ba9f94f-7c5f-407d-ad88-c5c264376435,2,875.05,1750.1
ORD-000039,68d81f9a-9cc0-4b20-9838-257ad1927777,2,100.86,201.72
ORD-000040,04f3f45b-d1d2-468f-926f-a20d38ffcf53,1,689.84,689.84
ORD-000040,909c4825-1e5b-4389-b3fa-c87e6de42a78,3,510.43,1531.29
ORD-000041,90cd07ed-a352-4b36-a0cc-b00bc3a206d0,2,15.6,31.2
ORD-000042,1f2074d5-523f-42fc-b2e4-847619e94cc4,1,10.53,10.53
ORD-000043,f9fc8038-04f0-432b-a50c-a7a5af2a2345,2,12.36,24.72
ORD-000043,3760e57c-2f23-40d2-ae8d-1b6bcee93dfb,2,418.01,836.02
ORD-000043,419ec84b-1236-48c4-8bc5-a1a124851553,1,957.77,957.77
ORD-000044,41a3d19b-1c8e-4a8e-a78e-e77252917c55,3,626.26,1878.78
ORD-000044,b0d968cc-2620-4a46-9cdc-3171d64b59b6,3,307.13,921.39
ORD-000044,37e48379-d810-4be1-90e2-195c0f2f6de5,2,184.37,368.74
ORD-000044,532fb4b4-b30a-4ecd-a59f-88383b1b4111,3,821.69,2465.07
ORD-000045,9bc4a986-aa96-4d57-b920-cf93e12654d8,3,246.75,740.25
ORD-000045,1c70a4e2-230e-46e1-9e16-4002dc16d033,2,897.82,1795.64
ORD-000045,7c34cee5-7109-4ee9-9ee2-570dc90f5978,3,961.96,2885.88
ORD-000046,10f6e3af-8e9e-4f38-811a-f929a91d59eb,1,252.24,252.24
ORD-000046,aff02d9a-6315-48db-bf3e-dcdb7e9d4d93,3,21.79,65.37
ORD-000047,ef5f3f32-50c4-44aa-a8cf-b70c38a7c67e,2,165.93,331.86
ORD-000047,2921a438-07b9-461e-95bf-ae0600aa711e,2,245.39,490.78
ORD-000047,4b8df45f-8e44-4f15-bd8f-a378a0c58905,3,710.51,2131.5299999999997
ORD-000047,2a9062a5-1a82-4732-863d-fa089ad07586,3,570.65,1711.9499999999998
ORD-000048,ef7d92e4-6287-4a2d-8551-d5d2a4a51d5d,3,697.22,2091.66
ORD-000048,def4bb75-19e7-4d7c-8886-339395c44fc5,2,1080.57,2161.14
ORD-000049,87db6283-4935-4d50-b89b-026c1918a3f4,3,166.11,498.33000000000004
ORD-000049,7bf80092-7e1d-4c0b-9907-d08c279385b7,1,522.68,522.68
ORD-000050,3f35308c-7fb2-4c8c-8aaa-2f60914da1cc,1,280.35,280.35
ORD-000050,f9fc8038-04f0-432b-a50c-a7a5af2a2345,2,11.8,23.6
ORD-000050,def4bb75-19e7-4d7c-8886-339395c44fc5,1,970.4,970.4
ORD-000050,b70acae6-2103-41b9-a113-f23f9b293a5d,3,441.53,1324.59
ORD-000050,3760e57c-2f23-40d2-ae8d-1b6bcee93dfb,2,445.75,891.5
ORD-000051,c9360b39-4f2d-480b-82ce-6da8c789fa7f,2,488.96,977.92
ORD-000052,05d41c69-92c2-48e8-ae4f-ba81c15eb0f9,1,279.03,279.03
ORD-000052,893204df-ac13-4689-9a88-7bca558213da,1,787.91,787.91
ORD-000052,405bebd4-be7d-4505-a89f-6ef992011c8b,3,810.42,2431.2599999999998
ORD-000052,d11a42dd-8e96-4213-9ac0-1c7d97019f1e,2,86.7,173.4
ORD-000052,67ec5461-6b1d-41ec-84d3-3b4ffe2f9592,1,141.82,141.82
ORD-000053,3760e57c-2f23-40d2-ae8d-1b6bcee93dfb,2,391.4,782.8
ORD-000053,5365a6b3-f8c1-4cba-b21f-bda73e899461,3,152.28,456.84000000000003
ORD-000053,10483ae3-3fc2-4384-bd7a-62aea10b3754,1,754.99,754.99
ORD-000053,8569c478-c99b-4c60-be7e-5a1563b3a4e2,3,586.54,1759.62
ORD-000053,a6abb6d5-04a1-44a8-ab10-f1f274300e03,2,881.09,1762.18
ORD-000054,0ec71bd2-524d-47f9-9684-3a2ea9fea671,3,112.29,336.87
ORD-000054,8899b0dc-71a0-4fa0-a6b0-ac9f5ce7480c,2,20.14,40.28
ORD-000055,5efd7556-eb0c-4dac-bf16-a67ac3bf34ab,2,462.06,924.12
ORD-000055,909c4825-1e5b-4389-b3fa-c87e6de42a78,2,529.58,1059.16
ORD-000055,deff3d30-fa21-4823-b63c-3d4e6842e6c5,1,146.83,146.83
ORD-000055,37e48379-d810-4be1-90e2-195c0f2f6de5,3,177.51,532.53
ORD-000056,26dc7e49-f0e9-49a9-a86d-6d43c48fcb61,1,508.95,508.95
ORD-000056,937bff8a-d5ab-43ab-b22a-f408ac90f9f1,1,1013.31,1013.31
ORD-000056,41465d3a-ed68-4b53-8996-44e7f759d179,1,642.27,642.27
ORD-000056,68457cfd-15e1-4596-a81f-3df9fe90b61c,2,735.03,1470.06
ORD-000056,cc9e8554-b363-43de-94d4-cd8918d96dfb,1,453.06,453.06
ORD-000057,21f90a72-45a0-4a27-aeaa-7f370cca438e,2,91.05,182.1
ORD-000057,15725fd3-bcc9-4d75-b86d-13a46fb28e30,3,605.72,1817.16
ORD-000057,05d41c69-92c2-48e8-ae4f-ba81c15eb0f9,2,276.87,553.74
ORD-000058,8a5a9ca5-73e4-4ebd-91df-9e78783ac1fd,2,35.35,70.7
ORD-000058,70d242a2-d6e6-49b2-82dd-dc10f9505de7,1,547.31,547.31
ORD-000058,050d253d-22dc-473f-813b-6faf3727d9a4,2,301.9,603.8
ORD-000058,3d3df6c1-f288-472e-a21b-3132cb59b383,1,534.79,534.79
ORD-000059,6ebe25ff-c064-4e89-8b8a-59882bad12d8,3,186.77,560.3100000000001
ORD-000059,f10acdec-95f8-4977-a21d-8254c9fbf5ba,2,364.4,728.8
ORD-000059,893204df-ac13-4689-9a88-7bca558213da,1,768.16,768.16
ORD-000059,10f6e3af-8e9e-4f38-811a-f929a91d59eb,3,226.11,678.33
ORD-000059,4b62729d-5443-4aea-9021-7b3065cb276f,3,796.5,2389.5
ORD-000060,3cecfc42-0caa-4b16-8136-54fbbbef5d7e,1,1018.85,1018.85
ORD-000061,8e0f4ddc-7f59-4218-b3c4-d3f34125168a,2,91.13,182.26
ORD-000061,10f6e3af-8e9e-4f38-811a-f929a91d59eb,1,223.72,223.72
ORD-000061,3278b24e-b3ba-4f5e-b1ac-eee48208f7d9,3,874.62,2623.86
ORD-000061,45b5ae49-50c4-4c7a-bc7f-d2216d170c3f,2,219.05,438.1
ORD-000061,1bf69c20-872b-4d71-b68d-62ddaa662a91,1,22.66,22.66
ORD-000062,405ad395-d291-49d4-9bd4-d211ffc22eea,2,522.92,1045.84
ORD-000062,cc9e8554-b363-43de-94d4-cd8918d96dfb,1,464.93,464.93
ORD-000063,061a25ae-bdae-4ffd-90d4-f3ab3e8ecefe,1,254.09,254.09
ORD-000063,aaac043e-d176-493d-8b2f-408bdd5e57ad,2,450.34,900.68
ORD-000063,37e48379-d810-4be1-90e2-195c0f2f6de5,1,176.95,176.95
ORD-000063,94ba6334-cdc4-44a9-ab94-f80a2c07b053,2,550.86,1101.72
ORD-000064,70d242a2-d6e6-49b2-82dd-dc10f9505de7,3,545.81,1637.4299999999998
ORD-000064,deff3d30-fa21-4823-b63c-3d4e6842e6c5,2,138.1,276.2
ORD-000065,37e48379-d810-4be1-90e2-195c0f2f6de5,3,181.92,545.76
ORD-000065,ee6204b7-db26-4235-8b62-6e5b3224061d,1,846.32,846.32
ORD-000065,d772ec05-2262-4b97-8c5b-0d43fe6340db,1,98.34,98.34
ORD-000065,707ddaf2-2092-4b20-8ea8-a38a49a705bb,1,723.61,723.61
ORD-000065,68d81f9a-9cc0-4b20-9838-257ad1927777,3,105.4,316.20000000000005
ORD-000066,f04f4f12-96b4-4d8e-aada-f268607e003c,1,752.66,752.66
ORD-000067,da096c2a-6ee1-4f2c-83b3-0f2f76fe15c9,2,155.7,311.4
ORD-000067,e4f440b3-e2e8-4c4c-b460-5938baf5fc34,1,805.15,805.15
ORD-000067,ff22512f-6c6f-4752-9f58-caec61b6cb91,1,568.15,568.15
ORD-000068,15725fd3-bcc9-4d75-b86d-13a46fb28e30,2,641.16,1282.32
ORD-000068,ba6ea82d-d057-4aef-8f9e-030ff94edeea,3,42.25,126.75
ORD-000068,dc0d3770-971f-4886-a3a5-52d5d3432e38,3,299.05,897.1500000000001
ORD-000069,26fdd0a3-d3c1-4b32-958b-645ecf7fc069,2,1019.45,2038.9
ORD-000069,5f4b66a4-629f-416e-bdb6-36f673204882,3,441.38,1324.1399999999999
ORD-000069,10f847f0-0a23-402a-bb45-480ffa6e1098,2,286.0,572.0
ORD-000069,10483ae3-3fc2-4384-bd7a-62aea10b3754,1,698.3,698.3
ORD-000070,d9cc0d7e-ba3d-4639-a308-14db91d71d96,1,333.21,333.21
ORD-000070,2a9062a5-1a82-4732-863d-fa089ad07586,3,517.47,1552.41
ORD-000071,420bcdba-4659-4262-8b2a-e1be49145905,2,242.61,485.22
ORD-000071,5365a6b3-f8c1-4cba-b21f-bda73e899461,3,147.35,442.04999999999995
ORD-000071,45b5ae49-50c4-4c7a-bc7f-d2216d170c3f,3,239.48,718.4399999999999
ORD-000071,68d81f9a-9cc0-4b20-9838-257ad1927777,3,121.94,365.82
ORD-000071,6f13ee39-c753-4c6e-a1d5-280ae443373b,1,395.48,395.48
ORD-000072,2e8fd2aa-3e7f-4fb1-aa6b-1c3738a5a388,1,512.39,512.39
ORD-000072,28ceec8b-a2b2-40ba-a0f6-14292187fede,3,755.99,2267.9700000000003
ORD-000072,d9cc0d7e-ba3d-4639-a308-14db91d71d96,3,363.87,1091.6100000000001
ORD-000072,811e2471-6b40-4188-95ed-ace81f69d335,3,340.82,1022.46
ORD-000073,909c4825-1e5b-4389-b3fa-c87e6de42a78,3,544.74,1634.22
ORD-000073,41a3d19b-1c8e-4a8e-a78e-e77252917c55,3,696.46,2089.38
ORD-000073,d74ab3e8-a38b-4065-b223-4565aaade398,2,390.76,781.52
ORD-000074,e8a79c65-89d1-45db-90cd-7e145b3c7e3a,1,577.02,577.02
ORD-000074,28ceec8b-a2b2-40ba-a0f6-14292187fede,3,846.73,2540.19
ORD-000074,94cae71c-088a-4a34-a24f-4a036fd8264a,3,538.5,1615.5
ORD-000074,b67caa36-478c-44e8-955c-980b0edb39fc,3,1080.37,3241.1099999999997
ORD-000075,3d3df6c1-f288-472e-a21b-3132cb59b383,1,468.05,468.05
ORD-000075,74d41359-c624-44ba-8f3e-f9a3c9978f5a,2,538.64,1077.28
ORD-000075,99371c9b-acdd-4ec1-8eb4-e4d45fffae47,2,335.08,670.16
ORD-000075,05d41c69-92c2-48e8-ae4f-ba81c15eb0f9,1,280.98,280.98
ORD-000076,454b4bb2-e284-45c4-bbdf-2eb6aa50e3f4,1,546.58,546.58
ORD-000076,60b84dd6-d802-4494-8360-067cf1e8e22e,3,307.94,923.8199999999999
ORD-000077,419ec84b-1236-48c4-8bc5-a1a124851553,2,1011.48,2022.96
ORD-000078,8a5a9ca5-73e4-4ebd-91df-9e78783ac1fd,3,34.0,102.0
ORD-000079,061a25ae-bdae-4ffd-90d4-f3ab3e8ecefe,3,238.95,716.8499999999999
ORD-000079,9a612763-a18d-4647-9ea3-77af34124d8a,3,341.16,1023.48
ORD-000079,1c70a4e2-230e-46e1-9e16-4002dc16d033,3,975.2,2925.6000000000004
ORD-000079,5495fe5e-67f1-4652-aedc-41136b95eee7,2,390.09,780.18
ORD-000079,bce24858-fad5-4c3f-98b1-e71187222c2b,1,460.34,460.34
ORD-000080,45614ebe-6ff3-4afa-b719-15f5a9fb2ecd,3,93.54,280.62
ORD-000080,ae458e21-3770-4079-9fed-c30b7ac9308d,3,817.6,2452.8
ORD-000080,41a3d19b-1c8e-4a8e-a78e-e77252917c55,2,627.85,1255.7
ORD-000080,33b1781a-3a1b-419d-ab45-8633ffb25560,3,251.41,754.23
ORD-000080,061a25ae-bdae-4ffd-90d4-f3ab3e8ecefe,2,241.47,482.94
ORD-000081,67ec5461-6b1d-41ec-84d3-3b4ffe2f9592,3,149.05,447.15000000000003
ORD-000081,ab85e304-fe27-44fd-b1ac-6bb0bc578a3e,1,856.18,856.18
ORD-000081,cc9e8554-b363-43de-94d4-cd8918d96dfb,1,463.16,463.16
ORD-000081,4375b157-2438-422b-aa81-33c6480a48b2,3,324.83,974.49
ORD-000081,0dc39a14-a7b4-4bef-aed4-4e5d8a05457e,2,330.29,660.58
ORD-000082,10f6e3af-8e9e-4f38-811a-f929a91d59eb,1,235.68,235.68
ORD-000082,8be9d6b9-e56b-4c5e-a460-748e7c075dae,1,673.26,673.26
ORD-000082,87db6283-4935-4d50-b89b-026c1918a3f4,1,162.42,162.42
ORD-000082,454b4bb2-e284-45c4-bbdf-2eb6aa50e3f4,1,598.11,598.11
ORD-000083,0dc39a14-a7b4-4bef-aed4-4e5d8a05457e,2,369.83,739.66
ORD-000083,0166f91f-430b-4bdb-9f7a-561e622896ec,3,638.15,1914.4499999999998
ORD-000083,6059b6db-a71e-4aa4-a462-aa577d13efcd,2,74.98,149.96
ORD-000083,94cae71c-088a-4a34-a24f-4a036fd8264a,3,537.8,1613.3999999999999
ORD-000084,2f0b1d71-f73d-47c1-b0be-55161f273d55,3,768.23,2304.69
ORD-000084,6382aa8f-7015-49da-8e2b-33206e5d3fb4,1,26.15,26.15
ORD-000084,454b7ebc-fee8-4590-a620-8eb467fecb64,1,634.87,634.87
ORD-000084,0455be0d-d01b-4d23-9869-de8d353d91ad,1,681.34,681.34
ORD-000085,d772ec05-2262-4b97-8c5b-0d43fe6340db,3,101.31,303.93
ORD-000085,e8a79c65-89d1-45db-90cd-7e145b3c7e3a,2,592.2,1184.4
ORD-000085,23584003-2f84-4c24-b742-910c8bd156f0,3,619.06,1857.1799999999998
ORD-000086,15725fd3-bcc9-4d75-b86d-13a46fb28e30,2,630.5,1261.0
ORD-000086,87db6283-4935-4d50-b89b-026c1918a3f4,1,151.78,151.78
ORD-000086,419ec84b-1236-48c4-8bc5-a1a124851553,3,1038.71,3116.13
ORD-000087,ae458e21-3770-4079-9fed-c30b7ac9308d,2,876.2,1752.4
ORD-000087,dbd238cd-421d-41ef-a210-82c1c00cf62c,3,980.23,2940.69
ORD-000087,0e5bd978-c61f-4398-846f-ef3d11025b05,1,531.2,531.2
ORD-000087,04f3f45b-d1d2-468f-926f-a20d38ffcf53,3,642.02,1926.06
ORD-000087,0d7a085b-b4d5-419f-ad5e-9f79d6908bb0,2,886.17,1772.34
ORD-000088,8be9d6b9-e56b-4c5e-a460-748e7c075dae,3,650.76,1952.28
ORD-000088,33b1781a-3a1b-419d-ab45-8633ffb25560,3,256.77,770.31
ORD-000089,85426297-26fc-49a2-a69e-0a4e6af9a45c,3,448.97,1346.91
ORD-000089,fb016ade-5c71-45c2-9cf9-04683455a4d4,3,914.72,2744.16
ORD-000089,d772ec05-2262-4b97-8c5b-0d43fe6340db,3,98.8,296.4
ORD-000089,9be2b865-2317-4f5b-b405-3f012f0bb8fb,3,38.81,116.43
ORD-000090,8e0f4ddc-7f59-4218-b3c4-d3f34125168a,1,82.9,82.9
ORD-000090,532fb4b4-b30a-4ecd-a59f-88383b1b4111,1,732.27,732.27
ORD-000090,2393bff1-4e45-46ea-a406-e25b2af55019,1,506.0,506.0
ORD-000090,26fdd0a3-d3c1-4b32-958b-645ecf7fc069,1,1047.69,1047.69
ORD-000090,8569c478-c99b-4c60-be7e-5a1563b3a4e2,3,507.85,1523.5500000000002
ORD-000091,7a5f0e72-27b0-4209-a5fc-b169a612ba9f,1,825.82,825.82
ORD-000091,2e8fd2aa-3e7f-4fb1-aa6b-1c3738a5a388,1,545.55,545.55
ORD-000091,4ff0f9b1-185b-464f-a09f-8af3db013013,2,354.82,709.64
ORD-000092,dbd238cd-421d-41ef-a210-82c1c00cf62c,3,983.01,2949.0299999999997
ORD-000092,c5cb56bf-36b3-4b90-9e9f-1e49aa762838,2,641.83,1283.66
ORD-000093,75be87b1-b37b-4a23-aed6-08cc34a651ac,3,415.92,1247.76
ORD-000093,9bc4a986-aa96-4d57-b920-cf93e12654d8,2,249.94,499.88
ORD-000093,90cd07ed-a352-4b36-a0cc-b00bc3a206d0,3,13.87,41.61
ORD-000094,45b5ae49-50c4-4c7a-bc7f-d2216d170c3f,2,237.26,474.52
ORD-000094,3d3df6c1-f288-472e-a21b-3132cb59b383,3,532.49,1597.47
ORD-000094,893204df-ac13-4689-9a88-7bca558213da,3,766.99,2300.9700000000003
ORD-000094,a41172e5-d44c-45e7-a8b1-243eee76a01d,3,384.98,1154.94
ORD-000094,c9543a40-1b4c-4e7b-9ac1-572e5b495f5e,3,149.57,448.71
ORD-000095,c3522c3b-6d84-4b59-8d46-dfd3c8e5a9d2,1,475.33,475.33
ORD-000096,4b62729d-5443-4aea-9021-7b3065cb276f,3,740.71,2222.13
ORD-000096,85426297-26fc-49a2-a69e-0a4e6af9a45c,1,450.16,450.16
ORD-000096,deebf19b-f879-4e94-96dd-7544e5a8241b,2,820.31,1640.62
ORD-000097,16664571-6011-4d6e-b585-66afb586279a,1,588.47,588.47
ORD-000098,da67f0be-e782-4f46-adf3-77b094d80592,3,258.84,776.52
ORD-000098,bfc6e01d-0aeb-4c5c-906e-9c4b32bd6a2c,3,439.39,1318.17
ORD-000098,99371c9b-acdd-4ec1-8eb4-e4d45fffae47,1,323.68,323.68
ORD-000098,21f90a72-45a0-4a27-aeaa-7f370cca438e,2,92.33,184.66
ORD-000098,68457cfd-15e1-4596-a81f-3df9fe90b61c,1,766.88,766.88
ORD-000099,9ef2e0e9-2048-4cf7-a441-d92d6fdc3f63,1,893.28,893.28
ORD-000099,8899b0dc-71a0-4fa0-a6b0-ac9f5ce7480c,1,19.67,19.67
ORD-000099,b0bf5af1-fb0c-44d2-a03e-9803a9d3d464,2,147.6,295.2
ORD-000099,33842d9c-8a4f-479f-953b-efa0ab91e543,1,741.65,741.65
ORD-000100,75be87b1-b37b-4a23-aed6-08cc34a651ac,3,363.11,1089.33
ORD-000100,26dc7e49-f0e9-49a9-a86d-6d43c48fcb61,3,545.91,1637.73
ORD-000100,6e0a26d0-33df-4412-83c4-f2d36c0ac262,1,955.46,955.46
ORD-000100,d1f03c1c-8c75-4b6a-856e-4d8177b8e3b5,3,993.45,2980.3500000000004
ORD-000100,60b84dd6-d802-4494-8360-067cf1e8e22e,1,339.73,339.73
ORD-000101,937bff8a-d5ab-43ab-b22a-f408ac90f9f1,2,940.16,1880.32
ORD-000102,6f13ee39-c753-4c6e-a1d5-280ae443373b,3,420.85,1262.5500000000002
ORD-000102,94ba6334-cdc4-44a9-ab94-f80a2c07b053,2,572.85,1145.7
ORD-000102,05d41c69-92c2-48e8-ae4f-ba81c15eb0f9,2,302.94,605.88
ORD-000103,10f6e3af-8e9e-4f38-811a-f929a91d59eb,1,260.14,260.14
ORD-000104,b70acae6-2103-41b9-a113-f23f9b293a5d,1,425.0,425.0
ORD-000105,7a5f0e72-27b0-4209-a5fc-b169a612ba9f,1,739.68,739.68
ORD-000105,3a8579a0-82ca-4403-8e61-9e860a8aa440,3,351.8,1055.4
ORD-000105,4ff0f9b1-185b-464f-a09f-8af3db013013,3,406.69,1220.07
ORD-000105,0455be0d-d01b-4d23-9869-de8d353d91ad,3,786.89,2360.67
ORD-000106,3760e57c-2f23-40d2-ae8d-1b6bcee93dfb,2,439.75,879.5
ORD-000107,0dc39a14-a7b4-4bef-aed4-4e5d8a05457e,3,327.67,983.01
ORD-000107,caf918e8-9227-4c43-a07c-5d2636c70c4a,1,189.61,189.61
ORD-000107,41465d3a-ed68-4b53-8996-44e7f759d179,2,664.25,1328.5
ORD-000108,b93cddf2-6537-4127-8ce2-624f9aa29834,2,236.75,473.5
ORD-000109,68d81f9a-9cc0-4b20-9838-257ad1927777,1,117.09,117.09
ORD-000109,a6abb6d5-04a1-44a8-ab10-f1f274300e03,3,780.02,2340.06
ORD-000109,b0d968cc-2620-4a46-9cdc-3171d64b59b6,1,271.29,271.29
ORD-000109,90ef69e2-4c38-4a58-abf2-7ca075f0ef61,3,370.59,1111.77
ORD-000109,89b21998-89f0-438d-9c22-841ebc194ee5,3,592.05,1776.1499999999999
ORD-000110,ee6671b0-66ad-4c31-8384-1f21d0621b8d,2,433.81,867.62
ORD-000110,f8fe12a5-1e45-46db-b206-769db4270f04,3,784.23,2352.69
ORD-000110,3d3df6c1-f288-472e-a21b-3132cb59b383,1,514.97,514.97
ORD-000110,10f6e3af-8e9e-4f38-811a-f929a91d59eb,1,249.45,249.45
ORD-000111,def4bb75-19e7-4d7c-8886-339395c44fc5,3,928.18,2784.54
ORD-000111,f8fe12a5-1e45-46db-b206-769db4270f04,3,932.42,2797.2599999999998
ORD-000111,9077a69a-7977-4d2e-bee5-aadf01e84cc6,3,960.35,2881.05
ORD-000112,193b42ad-40fd-462a-b98e-b77cc9f6e888,1,38.67,38.67
ORD-000112,60b84dd6-d802-4494-8360-067cf1e8e22e,3,317.19,951.5699999999999
ORD-000113,3f35308c-7fb2-4c8c-8aaa-2f60914da1cc,1,270.13,270.13
ORD-000113,707ddaf2-2092-4b20-8ea8-a38a49a705bb,3,648.51,1945.53
ORD-000113,3693fe0b-4ec7-46b0-a018-f78f6cbd809b,2,452.2,904.4
ORD-000114,63a41a01-c853-4665-b54a-1ee98a25cc24,2,537.16,1074.32
ORD-000114,da67f0be-e782-4f46-adf3-77b094d80592,1,278.78,278.78
ORD-000114,366aced0-fca0-4552-b005-693380619df5,3,401.67,1205.01
ORD-000114,90ef69e2-4c38-4a58-abf2-7ca075f0ef61,3,399.16,1197.48
ORD-000114,c5ff2331-db2f-4ecd-a938-d8b6c34e174d,3,717.21,2151.63
ORD-000115,ad82f489-80fb-4ab2-bdcb-13e79d0e35fb,2,689.38,1378.76
ORD-000115,420bcdba-4659-4262-8b2a-e1be49145905,2,212.69,425.38
ORD-000115,fb016ade-5c71-45c2-9cf9-04683455a4d4,3,831.22,2493.66
ORD-000115,04f3f45b-d1d2-468f-926f-a20d38ffcf53,2,686.11,1372.22
ORD-000115,2aa43396-ca8f-433d-b472-4df14fcbbadf,1,352.13,352.13
ORD-000116,28ceec8b-a2b2-40ba-a0f6-14292187fede,3,798.38,2395.14
ORD-000116,5e97e495-e132-433b-9087-b8df43ed91c6,3,96.11,288.33
ORD-000116,4b8df45f-8e44-4f15-bd8f-a378a0c58905,2,855.16,1710.32
ORD-000117,68457cfd-15e1-4596-a81f-3df9fe90b61c,3,800.36,2401.08
ORD-000117,ff22512f-6c6f-4752-9f58-caec61b6cb91,2,601.79,1203.58
ORD-000118,05d41c69-92c2-48e8-ae4f-ba81c15eb0f9,2,278.51,557.02
ORD-000118,0166f91f-430b-4bdb-9f7a-561e622896ec,2,726.29,1452.58
ORD-000118,04f3f45b-d1d2-468f-926f-a20d38ffcf53,2,677.01,1354.02
ORD-000119,26fdd0a3-d3c1-4b32-958b-645ecf7fc069,1,1030.07,1030.07
ORD-000119,9b91e12d-ce6e-4b84-8a85-1e6f0746fc96,1,694.22,694.22
ORD-000119,df68296b-c1d5-4644-96ef-390a77c22380,3,129.39,388.16999999999996
ORD-000120,405ad395-d291-49d4-9bd4-d211ffc22eea,3,498.22,1494.66
ORD-000121,e4f440b3-e2e8-4c4c-b460-5938baf5fc34,3,811.58,2434.7400000000002
ORD-000121,912e9f9e-9d04-46c6-a552-0b9dd7ce2734,3,854.59,2563.77
ORD-000121,631da773-6e64-4717-9bd6-3ea10ab8a8a8,1,487.74,487.74
ORD-000122,c5784eab-50a3-47c7-8dbe-00213caf5933,1,718.01,718.01
ORD-000122,366aced0-fca0-4552-b005-693380619df5,3,344.5,1033.5
ORD-000122,63c48bf1-fad6-4da1-8140-67b2bb06d791,2,607.44,1214.88
ORD-000123,05d41c69-92c2-48e8-ae4f-ba81c15eb0f9,3,261.84,785.52
ORD-000123,5a9eb21e-edd6-45d1-8aca-409e73e04659,3,394.47,1183.41
ORD-000123,68457cfd-15e1-4596-a81f-3df9fe90b61c,1,714.72,714.72
ORD-000123,2e8fd2aa-3e7f-4fb1-aa6b-1c3738a5a388,3,579.32,1737.96
ORD-000123,fd3507a2-3ab7-491f-984f-099ccd09eb79,1,953.65,953.65
ORD-000124,15725fd3-bcc9-4d75-b86d-13a46fb28e30,2,562.39,1124.78
ORD-000124,d1f03c1c-8c75-4b6a-856e-4d8177b8e3b5,2,892.76,1785.52
ORD-000125,8be9d6b9-e56b-4c5e-a460-748e7c075dae,2,641.37,1282.74
ORD-000125,b0bf5af1-fb0c-44d2-a03e-9803a9d3d464,2,163.42,326.84
ORD-000125,7bf80092-7e1d-4c0b-9907-d08c279385b7,1,597.56,597.56
ORD-000126,454b4bb2-e284-45c4-bbdf-2eb6aa50e3f4,3,587.42,1762.2599999999998
ORD-000126,d11a42dd-8e96-4213-9ac0-1c7d97019f1e,3,84.05,252.14999999999998
ORD-000126,9b91e12d-ce6e-4b84-8a85-1e6f0746fc96,3,738.96,2216.88
ORD-000126,8569c478-c99b-4c60-be7e-5a1563b3a4e2,2,550.95,1101.9
ORD-000126,bd7b09b1-2139-484c-975c-6adc6bf68daa,2,207.16,414.32
ORD-000127,05d41c69-92c2-48e8-ae4f-ba81c15eb0f9,3,275.31,825.9300000000001
ORD-000127,dc0d3770-971f-4886-a3a5-52d5d3432e38,2,324.69,649.38
ORD-000128,04f3f45b-d1d2-468f-926f-a20d38ffcf53,1,662.04,662.04
ORD-000128,93f20425-7de0-47b2-9093-f087c2711366,1,703.28,703.28
ORD-000128,aaac043e-d176-493d-8b2f-408bdd5e57ad,3,403.83,1211.49
ORD-000128,f10acdec-95f8-4977-a21d-8254c9fbf5ba,1,327.75,327.75
ORD-000128,aff02d9a-6315-48db-bf3e-dcdb7e9d4d93,2,22.67,45.34
ORD-000129,c9543a40-1b4c-4e7b-9ac1-572e5b495f5e,2,166.25,332.5
ORD-000129,33842d9c-8a4f-479f-953b-efa0ab91e543,2,704.21,1408.42
ORD-000129,0dc39a14-a7b4-4bef-aed4-4e5d8a05457e,2,337.73,675.46
ORD-000129,0fa5d429-0e39-4bb5-8b14-2d77fd17e378,1,606.2,606.2
ORD-000130,f04f4f12-96b4-4d8e-aada-f268607e003c,1,649.1,649.1
ORD-000130,23ee362b-698c-426d-b18f-b3237ab9e2e7,3,290.75,872.25
ORD-000130,b0bf5af1-fb0c-44d2-a03e-9803a9d3d464,3,141.11,423.33000000000004
ORD-000130,def4bb75-19e7-4d7c-8886-339395c44fc5,1,951.0,951.0
ORD-000130,df68296b-c1d5-4644-96ef-390a77c22380,1,141.83,141.83
ORD-000131,6382aa8f-7015-49da-8e2b-33206e5d3fb4,3,26.33,78.99
ORD-000132,2a9062a5-1a82-4732-863d-fa089ad07586,2,530.33,1060.66
ORD-000132,8c205c60-3b62-4af1-8e3b-6d36315814ae,2,1051.14,2102.28
ORD-000133,71cc17b0-7afa-4146-b237-990ccd566c1c,1,555.47,555.47
ORD-000133,8d81191f-438b-4926-bebb-c3e8f4501a6a,1,615.26,615.26
ORD-000133,8c205c60-3b62-4af1-8e3b-6d36315814ae,3,933.09,2799.27
ORD-000133,3855fb85-8e60-4c4c-8d0c-d5e1d0b73a24,3,56.25,168.75
ORD-000133,d9cc0d7e-ba3d-4639-a308-14db91d71d96,2,345.44,690.88
ORD-000134,4e71de59-4d7f-4ba4-908e-5b6eb0550621,1,700.78,700.78
ORD-000134,6f13ee39-c753-4c6e-a1d5-280ae443373b,3,425.36,1276.08
ORD-000135,6ebe25ff-c064-4e89-8b8a-59882bad12d8,3,183.86,551.58
ORD-000135,4f81a909-a41c-4d86-a956-3dfa8676343c,2,669.71,1339.42
ORD-000136,912e9f9e-9d04-46c6-a552-0b9dd7ce2734,3,902.76,2708.2799999999997
ORD-000136,f04f4f12-96b4-4d8e-aada-f268607e003c,1,697.77,697.77
ORD-000136,7c7801a8-acca-4ccd-ad40-8a72fc19d689,1,999.78,999.78
ORD-000136,4e71de59-4d7f-4ba4-908e-5b6eb0550621,3,826.61,2479.83
ORD-000136,def4bb75-19e7-4d7c-8886-339395c44fc5,3,1029.15,3087.4500000000003
ORD-000137,fb016ade-5c71-45c2-9cf9-04683455a4d4,3,883.06,2649.18
ORD-000138,937bff8a-d5ab-43ab-b22a-f408ac90f9f1,2,1005.87,2011.74
ORD-000138,05d41c69-92c2-48e8-ae4f-ba81c15eb0f9,3,303.48,910.44
ORD-000138,2aa43396-ca8f-433d-b472-4df14fcbbadf,3,371.01,1113.03
ORD-000138,4b8df45f-8e44-4f15-bd8f-a378a0c58905,2,725.95,1451.9
ORD-000139,420bcdba-4659-4262-8b2a-e1be49145905,3,247.09,741.27
ORD-000139,68457cfd-15e1-4596-a81f-3df9fe90b61c,2,726.74,1453.48
ORD-000139,3a8579a0-82ca-4403-8e61-9e860a8aa440,1,340.71,340.71
ORD-000140,7bf80092-7e1d-4c0b-9907-d08c279385b7,3,491.43,1474.29
ORD-000141,193b42ad-40fd-462a-b98e-b77cc9f6e888,2,41.4,82.8
ORD-000141,cc9e8554-b363-43de-94d4-cd8918d96dfb,1,457.0,457.0
ORD-000141,ee6671b0-66ad-4c31-8384-1f21d0621b8d,3,421.28,1263.84
ORD-000142,b67caa36-478c-44e8-955c-980b0edb39fc,3,949.4,2848.2
ORD-000142,8c205c60-3b62-4af1-8e3b-6d36315814ae,3,959.13,2877.39
ORD-000142,6059b6db-a71e-4aa4-a462-aa577d13efcd,1,81.79,81.79
ORD-000143,90ef69e2-4c38-4a58-abf2-7ca075f0ef61,3,406.7,1220.1
ORD-000143,94ba6334-cdc4-44a9-ab94-f80a2c07b053,2,630.49,1260.98
ORD-000143,2f0b1d71-f73d-47c1-b0be-55161f273d55,3,704.7,2114.1000000000004
ORD-000144,6764c33e-0b6b-436f-a668-17d7c7446edd,3,279.96,839.8799999999999
ORD-000145,f371f7f7-a2de-4914-8f74-9432cc9522f4,1,650.61,650.61
ORD-000146,ede6f4f1-bcc6-44d7-9392-ab4a6ce2a110,3,72.95,218.85000000000002
ORD-000146,94ba6334-cdc4-44a9-ab94-f80a2c07b053,1,535.4,535.4
ORD-000146,8c205c60-3b62-4af1-8e3b-6d36315814ae,3,882.33,2646.9900000000002
ORD-000146,87db6283-4935-4d50-b89b-026c1918a3f4,1,164.47,164.47
ORD-000146,90cd07ed-a352-4b36-a0cc-b00bc3a206d0,2,15.64,31.28
ORD-000147,c9543a40-1b4c-4e7b-9ac1-572e5b495f5e,3,144.52,433.56000000000006
ORD-000148,fd3507a2-3ab7-491f-984f-099ccd09eb79,3,914.51,2743.5299999999997
ORD-000148,5365a6b3-f8c1-4cba-b21f-bda73e899461,3,177.76,533.28
ORD-000148,2921a438-07b9-461e-95bf-ae0600aa711e,1,272.46,272.46
ORD-000148,4f81a909-a41c-4d86-a956-3dfa8676343c,1,637.31,637.31
ORD-000148,fa407e03-eb2d-4941-86fb-c31db86db758,2,305.18,610.36
ORD-000149,405bebd4-be7d-4505-a89f-6ef992011c8b,2,779.38,1558.76
ORD-000149,ef5f3f32-50c4-44aa-a8cf-b70c38a7c67e,3,174.69,524.0699999999999
ORD-000149,68457cfd-15e1-4596-a81f-3df9fe90b61c,3,722.74,2168.2200000000003
ORD-000149,bfc6e01d-0aeb-4c5c-906e-9c4b32bd6a2c,1,450.17,450.17
ORD-000149,85426297-26fc-49a2-a69e-0a4e6af9a45c,2,419.63,839.26
ORD-000150,3f35308c-7fb2-4c8c-8aaa-2f60914da1cc,2,266.08,532.16
ORD-000150,f7e68e0f-782c-4aac-a779-0c44ad195769,2,127.95,255.9
ORD-000150,d08c345b-0596-4dd7-9867-6b5d4077070d,3,110.92,332.76
ORD-000150,45614ebe-6ff3-4afa-b719-15f5a9fb2ecd,3,85.94,257.82
ORD-000151,532fb4b4-b30a-4ecd-a59f-88383b1b4111,2,779.62,1559.24
ORD-000151,061a25ae-bdae-4ffd-90d4-f3ab3e8ecefe,2,235.06,470.12
ORD-000151,9a612763-a18d-4647-9ea3-77af34124d8a,1,333.91,333.91
ORD-000151,3cecfc42-0caa-4b16-8136-54fbbbef5d7e,2,996.31,1992.62
ORD-000151,2aa43396-ca8f-433d-b472-4df14fcbbadf,2,341.7,683.4
ORD-000152,9b91e12d-ce6e-4b84-8a85-1e6f0746fc96,2,705.41,1410.82
ORD-000152,f7e68e0f-782c-4aac-a779-0c44ad195769,1,133.4,133.4
ORD-000152,9ef2e0e9-2048-4cf7-a441-d92d6fdc3f63,2,990.3,1980.6
ORD-000152,ff22512f-6c6f-4752-9f58-caec61b6cb91,3,598.44,1795.3200000000002
ORD-000152,315e1105-d13a-4238-9da3-93dd8555b2b0,2,746.86,1493.72
ORD-000153,c9543a40-1b4c-4e7b-9ac1-572e5b495f5e,2,165.02,330.04
ORD-000153,0dc39a14-a7b4-4bef-aed4-4e5d8a05457e,3,384.42,1153.26
ORD-000153,4b62729d-5443-4aea-9021-7b3065cb276f,2,717.7,1435.4
ORD-000154,5365a6b3-f8c1-4cba-b21f-bda73e899461,3,169.23,507.68999999999994
ORD-000154,b67caa36-478c-44e8-955c-980b0edb39fc,2,976.61,1953.22
ORD-000155,7f860829-11cb-4357-9a02-efdfb77649ae,1,639.45,639.45
ORD-000155,fcbb56a1-b862-4fb2-88fe-ed0472814307,2,417.77,835.54
ORD-000155,8e0f4ddc-7f59-4218-b3c4-d3f34125168a,2,83.83,167.66
ORD-000156,90cd07ed-a352-4b36-a0cc-b00bc3a206d0,1,15.55,15.55
ORD-000156,85426297-26fc-49a2-a69e-0a4e6af9a45c,2,414.63,829.26
ORD-000156,aff02d9a-6315-48db-bf3e-dcdb7e9d4d93,3,23.03,69.09
ORD-000157,63c48bf1-fad6-4da1-8140-67b2bb06d791,1,635.77,635.77
ORD-000157,acbfdf46-7f51-4371-bcd1-bd2f84a61541,2,142.1,284.2
ORD-000158,1f2074d5-523f-42fc-b2e4-847619e94cc4,1,10.24,10.24
ORD-000158,c9360b39-4f2d-480b-82ce-6da8c789fa7f,1,555.77,555.77
ORD-000159,f371f7f7-a2de-4914-8f74-9432cc9522f4,1,694.74,694.74
ORD-000159,b0bf5af1-fb0c-44d2-a03e-9803a9d3d464,2,155.49,310.98
ORD-000159,d9cc0d7e-ba3d-4639-a308-14db91d71d96,2,365.88,731.76
ORD-000159,bd7b09b1-2139-484c-975c-6adc6bf68daa,3,218.61,655.83
ORD-000159,3693fe0b-4ec7-46b0-a018-f78f6cbd809b,2,391.74,783.48
ORD-000160,45614ebe-6ff3-4afa-b719-15f5a9fb2ecd,1,98.76,98.76
ORD-000160,d11a42dd-8e96-4213-9ac0-1c7d97019f1e,1,80.36,80.36
ORD-000160,f10acdec-95f8-4977-a21d-8254c9fbf5ba,2,348.12,696.24
ORD-000160,2a9062a5-1a82-4732-863d-fa089ad07586,3,470.72,1412.16
ORD-000161,3a8579a0-82ca-4403-8e61-9e860a8aa440,2,358.2,716.4
ORD-000161,6764c33e-0b6b-436f-a668-17d7c7446edd,3,297.03,891.0899999999999
ORD-000162,2a9062a5-1a82-4732-863d-fa089ad07586,3,477.81,1433.43
ORD-000162,94ba6334-cdc4-44a9-ab94-f80a2c07b053,2,587.33,1174.66
ORD-000162,71cc17b0-7afa-4146-b237-990ccd566c1c,2,491.74,983.48
ORD-000162,ff22512f-6c6f-4752-9f58-caec61b6cb91,2,596.8,1193.6
ORD-000163,33b1781a-3a1b-419d-ab45-8633ffb25560,1,266.16,266.16
ORD-000163,6059b6db-a71e-4aa4-a462-aa577d13efcd,1,81.88,81.88
ORD-000163,0d7a085b-b4d5-419f-ad5e-9f79d6908bb0,2,795.27,1590.54
ORD-000164,2921a438-07b9-461e-95bf-ae0600aa711e,1,274.14,274.14
ORD-000164,b70acae6-2103-41b9-a113-f23f9b293a5d,3,388.69,1166.07
ORD-000164,99371c9b-acdd-4ec1-8eb4-e4d45fffae47,1,319.81,319.81
ORD-000164,631da773-6e64-4717-9bd6-3ea10ab8a8a8,1,506.74,506.74
ORD-000164,67ec5461-6b1d-41ec-84d3-3b4ffe2f9592,2,143.62,287.24
ORD-000165,ad82f489-80fb-4ab2-bdcb-13e79d0e35fb,1,591.39,591.39
ORD-000165,5365a6b3-f8c1-4cba-b21f-bda73e899461,2,150.79,301.58
ORD-000165,70343e52-0a89-43cb-86df-8ddaaf47dff1,3,594.05,1782.1499999999999
ORD-000165,d772ec05-2262-4b97-8c5b-0d43fe6340db,3,90.66,271.98
ORD-000166,26fdd0a3-d3c1-4b32-958b-645ecf7fc069,2,878.69,1757.38
ORD-000167,ef5f3f32-50c4-44aa-a8cf-b70c38a7c67e,2,182.85,365.7
ORD-000168,b93cddf2-6537-4127-8ce2-624f9aa29834,2,221.69,443.38
ORD-000168,6059b6db-a71e-4aa4-a462-aa577d13efcd,2,76.93,153.86
ORD-000168,c3522c3b-6d84-4b59-8d46-dfd3c8e5a9d2,3,475.39,1426.17
ORD-000168,c5ff2331-db2f-4ecd-a938-d8b6c34e174d,1,796.2,796.2
ORD-000168,f10acdec-95f8-4977-a21d-8254c9fbf5ba,3,360.07,1080.21
ORD-000169,68d81f9a-9cc0-4b20-9838-257ad1927777,2,115.25,230.5
ORD-000169,fd3507a2-3ab7-491f-984f-099ccd09eb79,2,960.72,1921.44
ORD-000169,c5cb56bf-36b3-4b90-9e9f-1e49aa762838,2,730.17,1460.34
ORD-000170,bd7b09b1-2139-484c-975c-6adc6bf68daa,1,209.31,209.31
ORD-000170,050d253d-22dc-473f-813b-6faf3727d9a4,2,328.8,657.6
ORD-000171,454b7ebc-fee8-4590-a620-8eb467fecb64,1,565.86,565.86
ORD-000172,e3bfcdbd-04e2-4a88-a250-358045a9c86a,3,755.94,2267.82
ORD-000172,5efd7556-eb0c-4dac-bf16-a67ac3bf34ab,3,458.91,1376.73
ORD-000172,9be2b865-2317-4f5b-b405-3f012f0bb8fb,2,42.83,85.66
ORD-000173,0fa5d429-0e39-4bb5-8b14-2d77fd17e378,2,578.73,1157.46
ORD-000173,6764c33e-0b6b-436f-a668-17d7c7446edd,1,316.92,316.92
ORD-000173,acbfdf46-7f51-4371-bcd1-bd2f84a61541,1,157.83,157.83
ORD-000173,3d75e4dd-8c0d-4ca1-b8fc-94899558f59d,3,301.07,903.21
ORD-000173,d9cc0d7e-ba3d-4639-a308-14db91d71d96,3,352.5,1057.5
ORD-000174,ee6204b7-db26-4235-8b62-6e5b3224061d,2,809.27,1618.54
ORD-000175,33842d9c-8a4f-479f-953b-efa0ab91e543,1,648.05,648.05
ORD-000176,a6abb6d5-04a1-44a8-ab10-f1f274300e03,2,811.57,1623.14
ORD-000176,26dc7e49-f0e9-49a9-a86d-6d43c48fcb61,3,538.95,1616.8500000000001
ORD-000176,ee6204b7-db26-4235-8b62-6e5b3224061d,3,741.62,2224.86
ORD-000176,3278b24e-b3ba-4f5e-b1ac-eee48208f7d9,3,910.11,2730.33
ORD-000177,60b84dd6-d802-4494-8360-067cf1e8e22e,2,309.13,618.26
ORD-000177,26fdd0a3-d3c1-4b32-958b-645ecf7fc069,3,1038.39,3115.17
ORD-000177,70343e52-0a89-43cb-86df-8ddaaf47dff1,3,585.51,1756.53
ORD-000178,aff02d9a-6315-48db-bf3e-dcdb7e9d4d93,3,22.65,67.94999999999999
ORD-000178,0d7a085b-b4d5-419f-ad5e-9f79d6908bb0,3,858.01,2574.0299999999997
ORD-000179,f8fe12a5-1e45-46db-b206-769db4270f04,2,936.22,1872.44
ORD-000179,41a3d19b-1c8e-4a8e-a78e-e77252917c55,2,685.77,1371.54
ORD-000179,c9543a40-1b4c-4e7b-9ac1-572e5b495f5e,1,157.39,157.39
ORD-000179,3cecfc42-0caa-4b16-8136-54fbbbef5d7e,2,964.36,1928.72
ORD-000179,0166f91f-430b-4bdb-9f7a-561e622896ec,1,661.41,661.41
ORD-000180,3d3df6c1-f288-472e-a21b-3132cb59b383,2,489.73,979.46
ORD-000180,405bebd4-be7d-4505-a89f-6ef992011c8b,3,748.43,2245.29
ORD-000181,5365a6b3-f8c1-4cba-b21f-bda73e899461,2,146.71,293.42
ORD-000181,68d81f9a-9cc0-4b20-9838-257ad1927777,2,118.03,236.06
ORD-000181,061a25ae-bdae-4ffd-90d4-f3ab3e8ecefe,3,235.3,705.9000000000001
ORD-000181,c9543a40-1b4c-4e7b-9ac1-572e5b495f5e,1,160.78,160.78
ORD-000182,faab82fa-51cf-4676-bff7-2f7bf7b28cf3,2,681.02,1362.04
ORD-000182,f8fe12a5-1e45-46db-b206-769db4270f04,3,906.48,2719.44
ORD-000182,23ee362b-698c-426d-b18f-b3237ab9e2e7,2,341.31,682.62
ORD-000182,f9fc8038-04f0-432b-a50c-a7a5af2a2345,1,10.91,10.91
ORD-000183,28ceec8b-a2b2-40ba-a0f6-14292187fede,3,814.15,2442.45
ORD-000183,fcbb56a1-b862-4fb2-88fe-ed0472814307,2,415.73,831.46
ORD-000183,bfc6e01d-0aeb-4c5c-906e-9c4b32bd6a2c,3,461.9,1385.6999999999998
ORD-000183,6764c33e-0b6b-436f-a668-17d7c7446edd,2,277.48,554.96
ORD-000183,707ddaf2-2092-4b20-8ea8-a38a49a705bb,1,626.9,626.9
ORD-000184,99371c9b-acdd-4ec1-8eb4-e4d45fffae47,2,292.32,584.64
ORD-000184,6e0a26d0-33df-4412-83c4-f2d36c0ac262,3,882.53,2647.59
ORD-000184,7c7801a8-acca-4ccd-ad40-8a72fc19d689,2,836.43,1672.86
ORD-000184,f04f4f12-96b4-4d8e-aada-f268607e003c,1,766.04,766.04
ORD-000184,d772ec05-2262-4b97-8c5b-0d43fe6340db,1,88.22,88.22
ORD-000185,3760e57c-2f23-40d2-ae8d-1b6bcee93dfb,1,386.93,386.93
ORD-000186,2a9062a5-1a82-4732-863d-fa089ad07586,2,515.5,1031.0
ORD-000186,fa407e03-eb2d-4941-86fb-c31db86db758,1,326.8,326.8
ORD-000186,f7aa4564-5e47-4f7b-bf6d-acd15d81d874,1,842.79,842.79
ORD-000186,d1f03c1c-8c75-4b6a-856e-4d8177b8e3b5,2,838.12,1676.24
ORD-000187,f04f4f12-96b4-4d8e-aada-f268607e003c,1,647.31,647.31
ORD-000187,c3522c3b-6d84-4b59-8d46-dfd3c8e5a9d2,3,413.25,1239.75
ORD-000187,bf47ea32-f0cd-4cbe-89ea-3949a76eb378,2,481.38,962.76
ORD-000187,da096c2a-6ee1-4f2c-83b3-0f2f76fe15c9,1,139.67,139.67
ORD-000188,def4bb75-19e7-4d7c-8886-339395c44fc5,2,977.16,1954.32
ORD-000188,74d41359-c624-44ba-8f3e-f9a3c9978f5a,2,607.42,1214.84
ORD-000189,c5cb56bf-36b3-4b90-9e9f-1e49aa762838,3,626.19,1878.5700000000002
ORD-000189,8c205c60-3b62-4af1-8e3b-6d36315814ae,2,1006.34,2012.68
ORD-000189,0fa5d429-0e39-4bb5-8b14-2d77fd17e378,1,572.42,572.42
ORD-000189,21f90a72-45a0-4a27-aeaa-7f370cca438e,1,98.54,98.54
ORD-000189,c9543a40-1b4c-4e7b-9ac1-572e5b495f5e,1,174.31,174.31
ORD-000190,e4f440b3-e2e8-4c4c-b460-5938baf5fc34,1,796.59,796.59
ORD-000191,c9543a40-1b4c-4e7b-9ac1-572e5b495f5e,1,174.17,174.17
ORD-000191,75be87b1-b37b-4a23-aed6-08cc34a651ac,3,425.5,1276.5
ORD-000192,8be9d6b9-e56b-4c5e-a460-748e7c075dae,1,612.85,612.85
ORD-000192,2393bff1-4e45-46ea-a406-e25b2af55019,2,494.32,988.64
ORD-000192,8d81191f-438b-4926-bebb-c3e8f4501a6a,3,581.06,1743.1799999999998
ORD-000193,26fdd0a3-d3c1-4b32-958b-645ecf7fc069,1,927.7,927.7
ORD-000194,23584003-2f84-4c24-b742-910c8bd156f0,1,586.76,586.76
ORD-000195,2393bff1-4e45-46ea-a406-e25b2af55019,2,563.42,1126.84
ORD-000195,da096c2a-6ee1-4f2c-83b3-0f2f76fe15c9,1,154.23,154.23
ORD-000195,d772ec05-2262-4b97-8c5b-0d43fe6340db,2,98.35,196.7
ORD-000196,5efd7556-eb0c-4dac-bf16-a67ac3bf34ab,2,472.72,945.44
ORD-000196,5e97e495-e132-433b-9087-b8df43ed91c6,2,88.96,177.92
ORD-000196,4375b157-2438-422b-aa81-33c6480a48b2,1,312.5,312.5
ORD-000196,2a9062a5-1a82-4732-863d-fa089ad07586,2,543.41,1086.82
ORD-000196,93f20425-7de0-47b2-9093-f087c2711366,2,824.75,1649.5
ORD-000197,671a5b36-3c48-4567-a517-7dba3fb1d09f,1,837.25,837.25
ORD-000197,3760e57c-2f23-40d2-ae8d-1b6bcee93dfb,2,404.25,808.5
ORD-000198,70d242a2-d6e6-49b2-82dd-dc10f9505de7,3,502.9,1508.6999999999998
ORD-000199,63a41a01-c853-4665-b54a-1ee98a25cc24,2,603.72,1207.44
ORD-000199,8899b0dc-71a0-4fa0-a6b0-ac9f5ce7480c,1,18.37,18.37
ORD-000199,05d41c69-92c2-48e8-ae4f-ba81c15eb0f9,1,289.47,289.47
ORD-000199,454b7ebc-fee8-4590-a620-8eb467fecb64,3,645.62,1936.8600000000001
ORD-000199,b0bf5af1-fb0c-44d2-a03e-9803a9d3d464,1,152.56,152.56
ORD-000200,85426297-26fc-49a2-a69e-0a4e6af9a45c,2,427.01,854.02
ORD-000200,bfc6e01d-0aeb-4c5c-906e-9c4b32bd6a2c,3,419.55,1258.65
ORD-000200,aff02d9a-6315-48db-bf3e-dcdb7e9d4d93,1,22.32,22.32
ORD-000200,9bc4a986-aa96-4d57-b920-cf93e12654d8,1,232.36,232.36
ORD-000200,cc50103c-c090-40dd-b09e-129491b983e4,1,378.28,378.28
ORD-000201,52c020c9-f59b-4eb7-a254-a01478fc4614,3,778.25,2334.75
ORD-000202,d1f03c1c-8c75-4b6a-856e-4d8177b8e3b5,3,933.26,2799.7799999999997
ORD-000202,bce24858-fad5-4c3f-98b1-e71187222c2b,1,421.36,421.36
ORD-000202,8d81191f-438b-4926-bebb-c3e8f4501a6a,3,626.62,1879.8600000000001
ORD-000202,55ecc7b8-3b15-452b-b56f-ed44d9daea49,1,851.04,851.04
ORD-000202,c5ff2331-db2f-4ecd-a938-d8b6c34e174d,1,808.58,808.58
ORD-000203,2a9062a5-1a82-4732-863d-fa089ad07586,3,473.65,1420.9499999999998
ORD-000203,f7aa4564-5e47-4f7b-bf6d-acd15d81d874,3,969.96,2909.88
ORD-000203,67ec5461-6b1d-41ec-84d3-3b4ffe2f9592,2,162.76,325.52
ORD-000203,631da773-6e64-4717-9bd6-3ea10ab8a8a8,3,456.91,1370.73
ORD-000204,e4f440b3-e2e8-4c4c-b460-5938baf5fc34,2,688.8,1377.6
ORD-000205,3a8579a0-82ca-4403-8e61-9e860a8aa440,3,309.44,928.3199999999999
ORD-000206,c9360b39-4f2d-480b-82ce-6da8c789fa7f,3,584.94,1754.8200000000002
ORD-000206,89b21998-89f0-438d-9c22-841ebc194ee5,3,647.28,1941.84
ORD-000206,da67f0be-e782-4f46-adf3-77b094d80592,2,282.83,565.66
ORD-000206,d9cc0d7e-ba3d-4639-a308-14db91d71d96,3,344.09,1032.27
ORD-000206,1c70a4e2-230e-46e1-9e16-4002dc16d033,3,935.08,2805.2400000000002
ORD-000207,5a9eb21e-edd6-45d1-8aca-409e73e04659,1,429.29,429.29
ORD-000207,74d41359-c624-44ba-8f3e-f9a3c9978f5a,3,540.52,1621.56
ORD-000208,9bc4a986-aa96-4d57-b920-cf93e12654d8,2,276.27,552.54
ORD-000208,10f6e3af-8e9e-4f38-811a-f929a91d59eb,3,261.09,783.27
ORD-000208,6764c33e-0b6b-436f-a668-17d7c7446edd,2,316.36,632.72
ORD-000208,15725fd3-bcc9-4d75-b86d-13a46fb28e30,2,625.67,1251.34
ORD-000209,26fdd0a3-d3c1-4b32-958b-645ecf7fc069,1,967.37,967.37
ORD-000209,04f3f45b-d1d2-468f-926f-a20d38ffcf53,1,653.35,653.35
ORD-000209,deff3d30-fa21-4823-b63c-3d4e6842e6c5,3,158.27,474.81000000000006
ORD-000209,52c020c9-f59b-4eb7-a254-a01478fc4614,2,735.6,1471.2
ORD-000209,419ec84b-1236-48c4-8bc5-a1a124851553,2,954.07,1908.14
ORD-000210,3278b24e-b3ba-4f5e-b1ac-eee48208f7d9,3,769.94,2309.82
ORD-000210,0166f91f-430b-4bdb-9f7a-561e622896ec,1,756.4,756.4
ORD-000210,2f0b1d71-f73d-47c1-b0be-55161f273d55,2,655.56,1311.12
ORD-000211,0dc39a14-a7b4-4bef-aed4-4e5d8a05457e,3,359.28,1077.84
ORD-000211,caf918e8-9227-4c43-a07c-5d2636c70c4a,3,190.14,570.42
ORD-000211,9b91e12d-ce6e-4b84-8a85-1e6f0746fc96,1,669.6,669.6
ORD-000212,912e9f9e-9d04-46c6-a552-0b9dd7ce2734,1,813.49,813.49
ORD-000212,454b7ebc-fee8-4590-a620-8eb467fecb64,2,557.36,1114.72
ORD-000212,d08c345b-0596-4dd7-9867-6b5d4077070d,2,124.52,249.04
ORD-000212,bfc6e01d-0aeb-4c5c-906e-9c4b32bd6a2c,1,455.41,455.41
ORD-000212,5f4b66a4-629f-416e-bdb6-36f673204882,3,397.99,1193.97
ORD-000213,c9360b39-4f2d-480b-82ce-6da8c789fa7f,1,547.12,547.12
ORD-000213,10f6e3af-8e9e-4f38-811a-f929a91d59eb,2,215.72,431.44
ORD-000213,16664571-6011-4d6e-b585-66afb586279a,3,529.17,1587.5099999999998
ORD-000213,e4f440b3-e2e8-4c4c-b460-5938baf5fc34,1,815.77,815.77
ORD-000213,55ecc7b8-3b15-452b-b56f-ed44d9daea49,2,759.79,1519.58
ORD-000214,97d6315b-705c-4cdf-a248-799ac6907757,1,53.73,53.73
ORD-000215,c3522c3b-6d84-4b59-8d46-dfd3c8e5a9d2,1,418.1,418.1
ORD-000215,5a9eb21e-edd6-45d1-8aca-409e73e04659,1,409.68,409.68
ORD-000215,9077a69a-7977-4d2e-bee5-aadf01e84cc6,3,867.38,2602.14
ORD-000215,4e71de59-4d7f-4ba4-908e-5b6eb0550621,3,806.48,2419.44
ORD-000216,63c48bf1-fad6-4da1-8140-67b2bb06d791,2,637.88,1275.76
ORD-000216,bf47ea32-f0cd-4cbe-89ea-3949a76eb378,3,507.5,1522.5
ORD-000216,74d41359-c624-44ba-8f3e-f9a3c9978f5a,1,551.07,551.07
ORD-000216,fd8ababa-b19a-4e03-9b81-8402dc09b8b0,2,277.41,554.82
ORD-000217,3d75e4dd-8c0d-4ca1-b8fc-94899558f59d,3,310.42,931.26
ORD-000218,893204df-ac13-4689-9a88-7bca558213da,1,784.82,784.82
ORD-000218,63a41a01-c853-4665-b54a-1ee98a25cc24,1,570.75,570.75
ORD-000219,26dc7e49-f0e9-49a9-a86d-6d43c48fcb61,1,534.23,534.23
ORD-000219,3d75e4dd-8c0d-4ca1-b8fc-94899558f59d,2,334.35,668.7
ORD-000219,caf918e8-9227-4c43-a07c-5d2636c70c4a,2,181.68,363.36
ORD-000219,68d81f9a-9cc0-4b20-9838-257ad1927777,3,102.25,306.75
ORD-000219,e3bfcdbd-04e2-4a88-a250-358045a9c86a,3,779.11,2337.33
ORD-000220,fa85c5bc-4464-4fe6-8dbe-c31c9deff2a4,2,161.07,322.14
ORD-000221,5495fe5e-67f1-4652-aedc-41136b95eee7,3,372.64,1117.92
ORD-000221,707ddaf2-2092-4b20-8ea8-a38a49a705bb,1,726.22,726.22
ORD-000221,b93cddf2-6537-4127-8ce2-624f9aa29834,1,215.08,215.08
ORD-000221,d08c345b-0596-4dd7-9867-6b5d4077070d,2,114.37,228.74
ORD-000222,0d7a085b-b4d5-419f-ad5e-9f79d6908bb0,3,887.07,2661.21
ORD-000222,ad82f489-80fb-4ab2-bdcb-13e79d0e35fb,2,570.79,1141.58
ORD-000223,8e0f4ddc-7f59-4218-b3c4-d3f34125168a,2,86.27,172.54
ORD-000224,a41172e5-d44c-45e7-a8b1-243eee76a01d,3,380.13,1140.3899999999999
ORD-000224,f04f4f12-96b4-4d8e-aada-f268607e003c,3,769.21,2307.63
ORD-000224,c5ff2331-db2f-4ecd-a938-d8b6c34e174d,3,815.32,2445.96
ORD-000225,8569c478-c99b-4c60-be7e-5a1563b3a4e2,1,508.38,508.38
ORD-000225,94ba6334-cdc4-44a9-ab94-f80a2c07b053,1,549.56,549.56
ORD-000225,6f13ee39-c753-4c6e-a1d5-280ae443373b,3,406.18,1218.54
ORD-000225,4208330c-150b-463f-a7c7-0673090914e8,1,550.71,550.71
ORD-000225,9be2b865-2317-4f5b-b405-3f012f0bb8fb,1,37.04,37.04
ORD-000226,2e8fd2aa-3e7f-4fb1-aa6b-1c3738a5a388,1,507.42,507.42
ORD-000226,9be2b865-2317-4f5b-b405-3f012f0bb8fb,3,39.63,118.89000000000001
ORD-000226,10f6e3af-8e9e-4f38-811a-f929a91d59eb,2,238.13,476.26
ORD-000227,420bcdba-4659-4262-8b2a-e1be49145905,3,231.23,693.6899999999999
ORD-000227,55ecc7b8-3b15-452b-b56f-ed44d9daea49,1,736.43,736.43
ORD-000227,cc9e8554-b363-43de-94d4-cd8918d96dfb,2,469.49,938.98
ORD-000227,3d3df6c1-f288-472e-a21b-3132cb59b383,3,462.59,1387.77
ORD-000228,419ec84b-1236-48c4-8bc5-a1a124851553,2,943.63,1887.26
ORD-000228,454b4bb2-e284-45c4-bbdf-2eb6aa50e3f4,1,498.01,498.01
ORD-000228,7425f7d5-c9e3-4485-b539-cf6ebe8f8a25,3,761.6,2284.8
ORD-000229,b67caa36-478c-44e8-955c-980b0edb39fc,2,1056.03,2112.06
ORD-000229,41a3d19b-1c8e-4a8e-a78e-e77252917c55,3,647.4,1942.1999999999998
ORD-000229,63a41a01-c853-4665-b54a-1ee98a25cc24,2,616.81,1233.62
ORD-000229,b93cddf2-6537-4127-8ce2-624f9aa29834,1,249.15,249.15
ORD-000229,f9fc8038-04f0-432b-a50c-a7a5af2a2345,2,10.82,21.64
ORD-000230,fa85c5bc-4464-4fe6-8dbe-c31c9deff2a4,1,180.41,180.41
ORD-000230,4b8df45f-8e44-4f15-bd8f-a378a0c58905,3,855.47,2566.41
ORD-000231,da096c2a-6ee1-4f2c-83b3-0f2f76fe15c9,2,140.89,281.78
ORD-000231,631da773-6e64-4717-9bd6-3ea10ab8a8a8,1,493.82,493.82
ORD-000232,6e0a26d0-33df-4412-83c4-f2d36c0ac262,3,818.85,2456.55
ORD-000232,3f35308c-7fb2-4c8c-8aaa-2f60914da1cc,3,238.75,716.25
ORD-000232,ad82f489-80fb-4ab2-bdcb-13e79d0e35fb,3,655.55,1966.6499999999999
ORD-000232,2921a438-07b9-461e-95bf-ae0600aa711e,1,268.3,268.3
ORD-000233,c5784eab-50a3-47c7-8dbe-00213caf5933,1,713.0,713.0
ORD-000233,6764c33e-0b6b-436f-a668-17d7c7446edd,1,305.2,305.2
ORD-000233,6e0a26d0-33df-4412-83c4-f2d36c0ac262,3,957.69,2873.07
ORD-000233,f7aa4564-5e47-4f7b-bf6d-acd15d81d874,2,844.97,1689.94
ORD-000233,28ceec8b-a2b2-40ba-a0f6-14292187fede,3,855.6,2566.8
ORD-000234,a41172e5-d44c-45e7-a8b1-243eee76a01d,3,345.53,1036.59
ORD-000234,3d3df6c1-f288-472e-a21b-3132cb59b383,2,550.44,1100.88
ORD-000235,23ee362b-698c-426d-b18f-b3237ab9e2e7,3,348.05,1044.15
ORD-000235,7425f7d5-c9e3-4485-b539-cf6ebe8f8a25,3,852.85,2558.55
ORD-000235,05d41c69-92c2-48e8-ae4f-ba81c15eb0f9,2,261.06,522.12
ORD-000235,ae458e21-3770-4079-9fed-c30b7ac9308d,1,774.47,774.47
ORD-000236,f9fc8038-04f0-432b-a50c-a7a5af2a2345,3,10.92,32.76
ORD-000236,faab82fa-51cf-4676-bff7-2f7bf7b28cf3,3,732.99,2198.9700000000003
ORD-000236,5ba9f94f-7c5f-407d-ad88-c5c264376435,3,814.03,2442.09
ORD-000236,90cd07ed-a352-4b36-a0cc-b00bc3a206d0,3,13.04,39.12
ORD-000236,37e48379-d810-4be1-90e2-195c0f2f6de5,1,188.98,188.98
ORD-000237,7bf80092-7e1d-4c0b-9907-d08c279385b7,2,568.28,1136.56
ORD-000237,b0d968cc-2620-4a46-9cdc-3171d64b59b6,2,261.59,523.18
ORD-000237,4b8df45f-8e44-4f15-bd8f-a378a0c58905,2,781.97,1563.94
ORD-000237,70d242a2-d6e6-49b2-82dd-dc10f9505de7,1,468.52,468.52
ORD-000237,707ddaf2-2092-4b20-8ea8-a38a49a705bb,1,606.79,606.79
ORD-000238,f04f4f12-96b4-4d8e-aada-f268607e003c,1,734.2,734.2
ORD-000238,9a612763-a18d-4647-9ea3-77af34124d8a,1,354.33,354.33
ORD-000238,60b84dd6-d802-4494-8360-067cf1e8e22e,1,291.07,291.07
ORD-000238,8be9d6b9-e56b-4c5e-a460-748e7c075dae,2,692.66,1385.32
ORD-000239,d9cc0d7e-ba3d-4639-a308-14db91d71d96,1,333.99,333.99
ORD-000239,7a5f0e72-27b0-4209-a5fc-b169a612ba9f,1,802.93,802.93
ORD-000239,33b1781a-3a1b-419d-ab45-8633ffb25560,2,277.95,555.9
ORD-000239,fd8ababa-b19a-4e03-9b81-8402dc09b8b0,2,305.08,610.16
ORD-000240,7c34cee5-7109-4ee9-9ee2-570dc90f5978,3,948.48,2845.44
ORD-000240,9a612763-a18d-4647-9ea3-77af34124d8a,1,338.35,338.35
ORD-000240,68d81f9a-9cc0-4b20-9838-257ad1927777,2,110.43,220.86
ORD-000240,10483ae3-3fc2-4384-bd7a-62aea10b3754,1,814.06,814.06
ORD-000240,e3bfcdbd-04e2-4a88-a250-358045a9c86a,1,795.78,795.78
ORD-000241,63a41a01-c853-4665-b54a-1ee98a25cc24,2,573.99,1147.98
ORD-000241,bd7b09b1-2139-484c-975c-6adc6bf68daa,3,222.43,667.29
ORD-000241,ede6f4f1-bcc6-44d7-9392-ab4a6ce2a110,1,67.41,67.41
ORD-000241,3855fb85-8e60-4c4c-8d0c-d5e1d0b73a24,2,58.41,116.82
ORD-000241,405bebd4-be7d-4505-a89f-6ef992011c8b,2,823.64,1647.28
ORD-000242,e4f440b3-e2e8-4c4c-b460-5938baf5fc34,3,754.85,2264.55
ORD-000243,ef5f3f32-50c4-44aa-a8cf-b70c38a7c67e,1,182.08,182.08
ORD-000243,c9543a40-1b4c-4e7b-9ac1-572e5b495f5e,1,149.04,149.04
ORD-000243,63c48bf1-fad6-4da1-8140-67b2bb06d791,3,660.35,1981.0500000000002
ORD-000243,97d6315b-705c-4cdf-a248-799ac6907757,3,51.67,155.01
ORD-000244,0166f91f-430b-4bdb-9f7a-561e622896ec,1,682.08,682.08
ORD-000245,420bcdba-4659-4262-8b2a-e1be49145905,1,218.29,218.29
ORD-000245,909c4825-1e5b-4389-b3fa-c87e6de42a78,3,558.34,1675.02
ORD-000245,d08c345b-0596-4dd7-9867-6b5d4077070d,3,130.1,390.29999999999995
ORD-000245,5f4b66a4-629f-416e-bdb6-36f673204882,3,431.69,1295.07
ORD-000246,3278b24e-b3ba-4f5e-b1ac-eee48208f7d9,1,856.46,856.46
ORD-000246,7a5f0e72-27b0-4209-a5fc-b169a612ba9f,2,821.62,1643.24
ORD-000246,5365a6b3-f8c1-4cba-b21f-bda73e899461,3,166.33,498.99
ORD-000247,c9360b39-4f2d-480b-82ce-6da8c789fa7f,1,581.16,581.16
ORD-000248,3d75e4dd-8c0d-4ca1-b8fc-94899558f59d,1,340.18,340.18
ORD-000248,fd8ababa-b19a-4e03-9b81-8402dc09b8b0,1,314.48,314.48
ORD-000249,454b4bb2-e284-45c4-bbdf-2eb6aa50e3f4,2,565.03,1130.06
ORD-000249,def4bb75-19e7-4d7c-8886-339395c44fc5,1,1078.97,1078.97
ORD-000249,60d6813e-5f16-468e-9c55-9bef30b5a553,1,501.14,501.14
ORD-000249,cc50103c-c090-40dd-b09e-129491b983e4,2,364.82,729.64
ORD-000250,aaac043e-d176-493d-8b2f-408bdd5e57ad,3,454.67,1364.01
ORD-000251,23584003-2f84-4c24-b742-910c8bd156f0,2,577.62,1155.24
ORD-000251,67ec5461-6b1d-41ec-84d3-3b4ffe2f9592,1,156.01,156.01
ORD-000251,c9543a40-1b4c-4e7b-9ac1-572e5b495f5e,1,151.11,151.11
ORD-000251,93f20425-7de0-47b2-9093-f087c2711366,3,734.17,2202.5099999999998
ORD-000252,454b7ebc-fee8-4590-a620-8eb467fecb64,1,568.64,568.64
ORD-000252,742d2c92-fcf6-4364-9bde-4490b7e5bb90,1,949.58,949.58
ORD-000253,7c7801a8-acca-4ccd-ad40-8a72fc19d689,3,888.08,2664.2400000000002
ORD-000253,420bcdba-4659-4262-8b2a-e1be49145905,1,209.06,209.06
ORD-000253,4b8df45f-8e44-4f15-bd8f-a378a0c58905,2,860.66,1721.32
ORD-000253,6ebe25ff-c064-4e89-8b8a-59882bad12d8,1,206.89,206.89
ORD-000253,532fb4b4-b30a-4ecd-a59f-88383b1b4111,3,830.03,2490.09
ORD-000254,8569c478-c99b-4c60-be7e-5a1563b3a4e2,1,584.37,584.37
ORD-000254,8e0f4ddc-7f59-4218-b3c4-d3f34125168a,3,93.05,279.15
ORD-000254,0e5bd978-c61f-4398-846f-ef3d11025b05,1,518.05,518.05
ORD-000254,6e0a26d0-33df-4412-83c4-f2d36c0ac262,2,852.63,1705.26
ORD-000254,df68296b-c1d5-4644-96ef-390a77c22380,2,150.41,300.82
ORD-000255,94ba6334-cdc4-44a9-ab94-f80a2c07b053,2,571.02,1142.04
ORD-000256,e3bfcdbd-04e2-4a88-a250-358045a9c86a,3,779.14,2337.42
ORD-000256,1f2074d5-523f-42fc-b2e4-847619e94cc4,1,11.51,11.51
ORD-000256,6672fd4f-9690-4544-a0aa-73d3d13c3143,3,766.39,2299.17
ORD-000257,8d81191f-438b-4926-bebb-c3e8f4501a6a,1,598.5,598.5
ORD-000257,c5ff2331-db2f-4ecd-a938-d8b6c34e174d,3,800.58,2401.7400000000002
ORD-000257,caf918e8-9227-4c43-a07c-5d2636c70c4a,3,167.75,503.25
ORD-000257,811e2471-6b40-4188-95ed-ace81f69d335,3,346.01,1038.03
ORD-000257,3f35308c-7fb2-4c8c-8aaa-2f60914da1cc,2,258.66,517.32
ORD-000258,e8a79c65-89d1-45db-90cd-7e145b3c7e3a,3,547.15,1641.4499999999998
ORD-000258,c5784eab-50a3-47c7-8dbe-00213caf5933,3,756.26,2268.7799999999997
ORD-000259,dbbd5b7a-a62d-4a45-be8f-920ae39e8608,1,939.9,939.9
ORD-000259,d74ab3e8-a38b-4065-b223-4565aaade398,1,340.79,340.79
ORD-000259,4b8df45f-8e44-4f15-bd8f-a378a0c58905,1,777.81,777.81
ORD-000259,588a421a-a76c-48f5-b9cc-3d7953860c8a,1,407.73,407.73
ORD-000259,63c48bf1-fad6-4da1-8140-67b2bb06d791,1,643.56,643.56
ORD-000260,2a9062a5-1a82-4732-863d-fa089ad07586,2,525.54,1051.08
ORD-000260,aff02d9a-6315-48db-bf3e-dcdb7e9d4d93,3,20.94,62.82000000000001
ORD-000260,811e2471-6b40-4188-95ed-ace81f69d335,3,304.18,912.54
ORD-000261,bd7b09b1-2139-484c-975c-6adc6bf68daa,2,203.86,407.72
ORD-000261,def4bb75-19e7-4d7c-8886-339395c44fc5,2,1052.69,2105.38
ORD-000261,9ef2e0e9-2048-4cf7-a441-d92d6fdc3f63,1,955.25,955.25
ORD-000262,33b1781a-3a1b-419d-ab45-8633ffb25560,1,283.91,283.91
ORD-000262,912e9f9e-9d04-46c6-a552-0b9dd7ce2734,1,830.25,830.25
ORD-000262,7a5f0e72-27b0-4209-a5fc-b169a612ba9f,2,852.34,1704.68
ORD-000262,e4f440b3-e2e8-4c4c-b460-5938baf5fc34,2,814.92,1629.84
ORD-000262,fb016ade-5c71-45c2-9cf9-04683455a4d4,1,903.4,903.4
ORD-000263,f8fe12a5-1e45-46db-b206-769db4270f04,2,858.94,1717.88
ORD-000263,a41172e5-d44c-45e7-a8b1-243eee76a01d,2,414.05,828.1
ORD-000263,5f4b66a4-629f-416e-bdb6-36f673204882,1,440.09,440.09
ORD-000263,dc0d3770-971f-4886-a3a5-52d5d3432e38,2,329.78,659.56
ORD-000263,45614ebe-6ff3-4afa-b719-15f5a9fb2ecd,3,90.58,271.74
ORD-000264,60b84dd6-d802-4494-8360-067cf1e8e22e,1,340.4,340.4
ORD-000264,e3bfcdbd-04e2-4a88-a250-358045a9c86a,2,846.84,1693.68
ORD-000264,deff3d30-fa21-4823-b63c-3d4e6842e6c5,2,159.95,319.9
ORD-000265,f9fc8038-04f0-432b-a50c-a7a5af2a2345,3,11.2,33.599999999999994
ORD-000265,d74ab3e8-a38b-4065-b223-4565aaade398,3,349.51,1048.53
ORD-000265,7425f7d5-c9e3-4485-b539-cf6ebe8f8a25,2,817.06,1634.12
ORD-000265,0ec71bd2-524d-47f9-9684-3a2ea9fea671,2,111.13,222.26
ORD-000265,9077a69a-7977-4d2e-bee5-aadf01e84cc6,2,916.68,1833.36
ORD-000266,0dc39a14-a7b4-4bef-aed4-4e5d8a05457e,1,360.27,360.27
ORD-000266,f04f4f12-96b4-4d8e-aada-f268607e003c,1,645.95,645.95
ORD-000266,26dc7e49-f0e9-49a9-a86d-6d43c48fcb61,1,594.55,594.55
ORD-000267,99371c9b-acdd-4ec1-8eb4-e4d45fffae47,2,331.09,662.18
ORD-000268,420bcdba-4659-4262-8b2a-e1be49145905,3,246.96,740.88
ORD-000268,dc0d3770-971f-4886-a3a5-52d5d3432e38,2,343.49,686.98
ORD-000268,ad82f489-80fb-4ab2-bdcb-13e79d0e35fb,1,666.36,666.36
ORD-000268,ede6f4f1-bcc6-44d7-9392-ab4a6ce2a110,1,74.88,74.88
ORD-000269,74d41359-c624-44ba-8f3e-f9a3c9978f5a,1,583.77,583.77
ORD-000269,8be9d6b9-e56b-4c5e-a460-748e7c075dae,2,630.77,1261.54
ORD-000270,8899b0dc-71a0-4fa0-a6b0-ac9f5ce7480c,3,20.38,61.14
ORD-000271,df68296b-c1d5-4644-96ef-390a77c22380,1,141.94,141.94
ORD-000272,71cc17b0-7afa-4146-b237-990ccd566c1c,2,539.13,1078.26
ORD-000272,dbbd5b7a-a62d-4a45-be8f-920ae39e8608,1,869.94,869.94
ORD-000272,d9cc0d7e-ba3d-4639-a308-14db91d71d96,1,324.43,324.43
ORD-000272,deebf19b-f879-4e94-96dd-7544e5a8241b,3,877.38,2632.14
ORD-000272,41465d3a-ed68-4b53-8996-44e7f759d179,2,702.72,1405.44
ORD-000273,1a037248-f604-4a40-8f01-a1ec98cba9ba,3,946.68,2840.04
ORD-000273,3855fb85-8e60-4c4c-8d0c-d5e1d0b73a24,1,54.7,54.7
ORD-000273,dbbd5b7a-a62d-4a45-be8f-920ae39e8608,3,869.51,2608.5299999999997
ORD-000273,405bebd4-be7d-4505-a89f-6ef992011c8b,1,903.65,903.65
ORD-000273,f04f4f12-96b4-4d8e-aada-f268607e003c,2,710.64,1421.28
ORD-000274,9ef2e0e9-2048-4cf7-a441-d92d6fdc3f63,3,910.64,2731.92
ORD-000274,df68296b-c1d5-4644-96ef-390a77c22380,1,128.04,128.04
ORD-000274,1f2074d5-523f-42fc-b2e4-847619e94cc4,3,10.08,30.240000000000002
ORD-000275,fcbb56a1-b862-4fb2-88fe-ed0472814307,3,414.19,1242.57
ORD-000275,ad82f489-80fb-4ab2-bdcb-13e79d0e35fb,3,657.49,1972.47
ORD-000275,532fb4b4-b30a-4ecd-a59f-88383b1b4111,3,780.93,2342.79
ORD-000275,e3bfcdbd-04e2-4a88-a250-358045a9c86a,2,843.14,1686.28
ORD-000275,28ceec8b-a2b2-40ba-a0f6-14292187fede,3,825.74,2477.2200000000003
ORD-000276,3855fb85-8e60-4c4c-8d0c-d5e1d0b73a24,3,50.25,150.75
ORD-000276,fd3507a2-3ab7-491f-984f-099ccd09eb79,3,904.9,2714.7
ORD-000276,ca25b56a-0fbb-4e75-90e5-e214ad3b390d,2,587.7,1175.4
ORD-000276,b0bf5af1-fb0c-44d2-a03e-9803a9d3d464,3,158.21,474.63
ORD-000277,4b8df45f-8e44-4f15-bd8f-a378a0c58905,2,847.99,1695.98
ORD-000277,9077a69a-7977-4d2e-bee5-aadf01e84cc6,2,873.68,1747.36
ORD-000277,f9fc8038-04f0-432b-a50c-a7a5af2a2345,3,11.06,33.18
ORD-000277,5a9eb21e-edd6-45d1-8aca-409e73e04659,2,421.07,842.14
ORD-000277,bfc6e01d-0aeb-4c5c-906e-9c4b32bd6a2c,1,397.21,397.21
ORD-000278,85426297-26fc-49a2-a69e-0a4e6af9a45c,2,466.44,932.88
ORD-000278,3278b24e-b3ba-4f5e-b1ac-eee48208f7d9,3,865.13,2595.39
ORD-000279,3d3df6c1-f288-472e-a21b-3132cb59b383,2,517.29,1034.58
ORD-000280,8899b0dc-71a0-4fa0-a6b0-ac9f5ce7480c,2,19.39,38.78
ORD-000280,d772ec05-2262-4b97-8c5b-0d43fe6340db,1,96.41,96.41
ORD-000280,ef5f3f32-50c4-44aa-a8cf-b70c38a7c67e,3,162.43,487.29
ORD-000280,707ddaf2-2092-4b20-8ea8-a38a49a705bb,2,653.86,1307.72
ORD-000281,909c4825-1e5b-4389-b3fa-c87e6de42a78,2,573.06,1146.12
ORD-000281,050d253d-22dc-473f-813b-6faf3727d9a4,2,338.51,677.02
ORD-000281,28ceec8b-a2b2-40ba-a0f6-14292187fede,2,792.15,1584.3
ORD-000281,87db6283-4935-4d50-b89b-026c1918a3f4,1,144.38,144.38
ORD-000281,caf918e8-9227-4c43-a07c-5d2636c70c4a,3,160.42,481.26
ORD-000282,fa85c5bc-4464-4fe6-8dbe-c31c9deff2a4,1,175.66,175.66
ORD-000282,3693fe0b-4ec7-46b0-a018-f78f6cbd809b,2,403.66,807.32
ORD-000282,d9cc0d7e-ba3d-4639-a308-14db91d71d96,1,360.73,360.73
ORD-000282,061a25ae-bdae-4ffd-90d4-f3ab3e8ecefe,1,239.12,239.12
ORD-000283,050d253d-22dc-473f-813b-6faf3727d9a4,2,322.49,644.98
ORD-000283,90ef69e2-4c38-4a58-abf2-7ca075f0ef61,3,415.17,1245.51
ORD-000283,70343e52-0a89-43cb-86df-8ddaaf47dff1,1,558.6,558.6
ORD-000283,bfc6e01d-0aeb-4c5c-906e-9c4b32bd6a2c,1,468.72,468.72
ORD-000283,52c020c9-f59b-4eb7-a254-a01478fc4614,3,803.69,2411.07
ORD-000284,0fa5d429-0e39-4bb5-8b14-2d77fd17e378,3,564.3,1692.8999999999999
ORD-000284,4b62729d-5443-4aea-9021-7b3065cb276f,3,789.48,2368.44
ORD-000284,60d6813e-5f16-468e-9c55-9bef30b5a553,1,523.64,523.64
ORD-000284,cc50103c-c090-40dd-b09e-129491b983e4,2,388.07,776.14
ORD-000285,631da773-6e64-4717-9bd6-3ea10ab8a8a8,3,549.56,1648.6799999999998
ORD-000285,26fdd0a3-d3c1-4b32-958b-645ecf7fc069,2,1048.99,2097.98
ORD-000285,a6abb6d5-04a1-44a8-ab10-f1f274300e03,3,773.6,2320.8
ORD-000285,26dc7e49-f0e9-49a9-a86d-6d43c48fcb61,3,552.47,1657.41
ORD-000286,f9fc8038-04f0-432b-a50c-a7a5af2a2345,1,10.31,10.31
ORD-000286,70343e52-0a89-43cb-86df-8ddaaf47dff1,3,630.02,1890.06
ORD-000286,41465d3a-ed68-4b53-8996-44e7f759d179,2,626.43,1252.86
ORD-000286,f04f4f12-96b4-4d8e-aada-f268607e003c,2,751.47,1502.94
ORD-000286,8be9d6b9-e56b-4c5e-a460-748e7c075dae,1,636.47,636.47
ORD-000287,63c48bf1-fad6-4da1-8140-67b2bb06d791,2,592.8,1185.6
ORD-000287,3855fb85-8e60-4c4c-8d0c-d5e1d0b73a24,3,51.11,153.32999999999998
ORD-000287,811e2471-6b40-4188-95ed-ace81f69d335,1,321.88,321.88
ORD-000287,f7e68e0f-782c-4aac-a779-0c44ad195769,1,127.17,127.17
ORD-000288,70d242a2-d6e6-49b2-82dd-dc10f9505de7,1,481.05,481.05
ORD-000288,061a25ae-bdae-4ffd-90d4-f3ab3e8ecefe,3,230.05,690.1500000000001
ORD-000288,6ebe25ff-c064-4e89-8b8a-59882bad12d8,1,182.88,182.88
ORD-000288,d08c345b-0596-4dd7-9867-6b5d4077070d,1,114.08,114.08
ORD-000289,2393bff1-4e45-46ea-a406-e25b2af55019,1,499.25,499.25
ORD-000289,ba6ea82d-d057-4aef-8f9e-030ff94edeea,2,47.49,94.98
ORD-000290,f04f4f12-96b4-4d8e-aada-f268607e003c,3,655.41,1966.23
ORD-000290,2921a438-07b9-461e-95bf-ae0600aa711e,3,246.36,739.08
ORD-000290,050d253d-22dc-473f-813b-6faf3727d9a4,2,326.32,652.64
ORD-000290,7425f7d5-c9e3-4485-b539-cf6ebe8f8a25,1,735.52,735.52
ORD-000291,63c48bf1-fad6-4da1-8140-67b2bb06d791,3,607.39,1822.17
ORD-000291,5a9eb21e-edd6-45d1-8aca-409e73e04659,2,461.3,922.6
ORD-000292,6672fd4f-9690-4544-a0aa-73d3d13c3143,3,818.58,2455.7400000000002
ORD-000292,d08c345b-0596-4dd7-9867-6b5d4077070d,3,122.37,367.11
ORD-000292,6382aa8f-7015-49da-8e2b-33206e5d3fb4,3,23.07,69.21000000000001
ORD-000292,45b5ae49-50c4-4c7a-bc7f-d2216d170c3f,3,232.87,698.61
ORD-000293,2f0b1d71-f73d-47c1-b0be-55161f273d55,2,729.81,1459.62
ORD-000293,2921a438-07b9-461e-95bf-ae0600aa711e,3,269.67,809.01
ORD-000293,21f90a72-45a0-4a27-aeaa-7f370cca438e,1,87.18,87.18
ORD-000294,68d81f9a-9cc0-4b20-9838-257ad1927777,3,114.37,343.11
ORD-000295,8899b0dc-71a0-4fa0-a6b0-ac9f5ce7480c,2,19.18,38.36
ORD-000296,8be9d6b9-e56b-4c5e-a460-748e7c075dae,3,675.46,2026.38
ORD-000296,37e48379-d810-4be1-90e2-195c0f2f6de5,2,176.77,353.54
ORD-000296,4ff0f9b1-185b-464f-a09f-8af3db013013,2,369.22,738.44
ORD-000296,faab82fa-51cf-4676-bff7-2f7bf7b28cf3,1,744.85,744.85
ORD-000297,d11a42dd-8e96-4213-9ac0-1c7d97019f1e,2,80.49,160.98
ORD-000297,bfc6e01d-0aeb-4c5c-906e-9c4b32bd6a2c,2,441.83,883.66
ORD-000297,315e1105-d13a-4238-9da3-93dd8555b2b0,3,621.92,1865.7599999999998
ORD-000297,33842d9c-8a4f-479f-953b-efa0ab91e543,2,722.4,1444.8
ORD-000297,a6abb6d5-04a1-44a8-ab10-f1f274300e03,3,776.89,2330.67
ORD-000298,da67f0be-e782-4f46-adf3-77b094d80592,2,249.75,499.5
ORD-000298,3f35308c-7fb2-4c8c-8aaa-2f60914da1cc,2,245.78,491.56
ORD-000298,3278b24e-b3ba-4f5e-b1ac-eee48208f7d9,2,769.58,1539.16
ORD-000299,0455be0d-d01b-4d23-9869-de8d353d91ad,3,732.11,2196.33
ORD-000299,6ebe25ff-c064-4e89-8b8a-59882bad12d8,1,190.46,190.46
ORD-000300,0a803a1e-a34d-4d81-9dec-33146a0142b7,1,161.17,161.17
ORD-000300,aaac043e-d176-493d-8b2f-408bdd5e57ad,1,461.82,461.82
ORD-000300,10483ae3-3fc2-4384-bd7a-62aea10b3754,3,822.56,2467.68
ORD-000300,33842d9c-8a4f-479f-953b-efa0ab91e543,1,726.31,726.31
ORD-000300,41465d3a-ed68-4b53-8996-44e7f759d179,2,716.21,1432.42
ORD-000301,60d6813e-5f16-468e-9c55-9bef30b5a553,1,565.04,565.04
ORD-000301,9b91e12d-ce6e-4b84-8a85-1e6f0746fc96,2,663.77,1327.54
ORD-000302,f371f7f7-a2de-4914-8f74-9432cc9522f4,1,644.86,644.86
ORD-000303,7a5f0e72-27b0-4209-a5fc-b169a612ba9f,1,767.07,767.07
ORD-000303,ef7d92e4-6287-4a2d-8551-d5d2a4a51d5d,3,677.2,2031.6000000000001
ORD-000303,0e5bd978-c61f-4398-846f-ef3d11025b05,2,523.92,1047.84
ORD-000303,9bc4a986-aa96-4d57-b920-cf93e12654d8,2,230.73,461.46
ORD-000303,70343e52-0a89-43cb-86df-8ddaaf47dff1,2,578.07,1156.14
ORD-000304,f10acdec-95f8-4977-a21d-8254c9fbf5ba,1,378.85,378.85
ORD-000305,74d41359-c624-44ba-8f3e-f9a3c9978f5a,3,605.39,1816.17
ORD-000305,dbd238cd-421d-41ef-a210-82c1c00cf62c,2,923.39,1846.78
ORD-000305,21f90a72-45a0-4a27-aeaa-7f370cca438e,2,97.41,194.82
ORD-000305,16664571-6011-4d6e-b585-66afb586279a,2,558.74,1117.48
ORD-000306,c9543a40-1b4c-4e7b-9ac1-572e5b495f5e,3,164.71,494.13
ORD-000306,63c48bf1-fad6-4da1-8140-67b2bb06d791,1,609.6,609.6
ORD-000307,3760e57c-2f23-40d2-ae8d-1b6bcee93dfb,3,380.21,1140.6299999999999
ORD-000307,99371c9b-acdd-4ec1-8eb4-e4d45fffae47,1,326.6,326.6
ORD-000307,2aa43396-ca8f-433d-b472-4df14fcbbadf,1,358.96,358.96
ORD-000308,dbbd5b7a-a62d-4a45-be8f-920ae39e8608,1,942.91,942.91
ORD-000308,ba6ea82d-d057-4aef-8f9e-030ff94edeea,2,41.58,83.16
ORD-000308,7bf80092-7e1d-4c0b-9907-d08c279385b7,1,558.18,558.18
ORD-000309,37e48379-d810-4be1-90e2-195c0f2f6de5,3,187.16,561.48
ORD-000309,deff3d30-fa21-4823-b63c-3d4e6842e6c5,3,159.19,477.57
ORD-000310,ba6ea82d-d057-4aef-8f9e-030ff94edeea,3,46.64,139.92000000000002
ORD-000310,9ef2e0e9-2048-4cf7-a441-d92d6fdc3f63,3,933.19,2799.57
ORD-000310,70d242a2-d6e6-49b2-82dd-dc10f9505de7,1,542.08,542.08
ORD-000310,75be87b1-b37b-4a23-aed6-08cc34a651ac,3,377.24,1131.72
ORD-000311,55ecc7b8-3b15-452b-b56f-ed44d9daea49,3,776.32,2328.96
ORD-000312,405ad395-d291-49d4-9bd4-d211ffc22eea,2,457.32,914.64
ORD-000312,7425f7d5-c9e3-4485-b539-cf6ebe8f8a25,1,749.88,749.88
ORD-000312,4208330c-150b-463f-a7c7-0673090914e8,1,541.6,541.6
ORD-000313,4b8df45f-8e44-4f15-bd8f-a378a0c58905,1,774.0,774.0
ORD-000313,8a5a9ca5-73e4-4ebd-91df-9e78783ac1fd,2,36.9,73.8
ORD-000313,454b4bb2-e284-45c4-bbdf-2eb6aa50e3f4,1,563.25,563.25
ORD-000314,4e71de59-4d7f-4ba4-908e-5b6eb0550621,3,817.48,2452.44
ORD-000314,9a612763-a18d-4647-9ea3-77af34124d8a,1,344.64,344.64
ORD-000315,f8fe12a5-1e45-46db-b206-769db4270f04,1,784.93,784.93
ORD-000315,ba6ea82d-d057-4aef-8f9e-030ff94edeea,1,44.93,44.93
ORD-000315,fa85c5bc-4464-4fe6-8dbe-c31c9deff2a4,2,182.04,364.08
ORD-000316,454b7ebc-fee8-4590-a620-8eb467fecb64,1,626.87,626.87
ORD-000317,f8fe12a5-1e45-46db-b206-769db4270f04,3,779.54,2338.62
ORD-000317,671a5b36-3c48-4567-a517-7dba3fb1d09f,3,905.28,2715.84
ORD-000317,94ba6334-cdc4-44a9-ab94-f80a2c07b053,2,571.86,1143.72
ORD-000317,7b766140-2096-40c6-bd41-30e19a9cfa16,2,1006.68,2013.36
ORD-000318,16664571-6011-4d6e-b585-66afb586279a,1,488.17,488.17
ORD-000318,5a9eb21e-edd6-45d1-8aca-409e73e04659,3,452.07,1356.21
ORD-000318,71cc17b0-7afa-4146-b237-990ccd566c1c,2,484.82,969.64
ORD-000318,c5cb56bf-36b3-4b90-9e9f-1e49aa762838,3,736.32,2208.96
ORD-000318,9ef2e0e9-2048-4cf7-a441-d92d6fdc3f63,2,890.34,1780.68
ORD-000319,ef7d92e4-6287-4a2d-8551-d5d2a4a51d5d,2,697.22,1394.44
ORD-000320,742d2c92-fcf6-4364-9bde-4490b7e5bb90,3,866.63,2599.89
ORD-000320,1f2074d5-523f-42fc-b2e4-847619e94cc4,3,10.06,30.18
ORD-000320,74d41359-c624-44ba-8f3e-f9a3c9978f5a,2,576.64,1153.28
ORD-000321,26fdd0a3-d3c1-4b32-958b-645ecf7fc069,3,991.39,2974.17
ORD-000322,6f13ee39-c753-4c6e-a1d5-280ae443373b,3,372.17,1116.51
ORD-000322,5365a6b3-f8c1-4cba-b21f-bda73e899461,1,152.69,152.69
ORD-000322,671a5b36-3c48-4567-a517-7dba3fb1d09f,3,914.68,2744.04
ORD-000322,3d75e4dd-8c0d-4ca1-b8fc-94899558f59d,1,316.13,316.13
ORD-000323,5f4b66a4-629f-416e-bdb6-36f673204882,2,415.25,830.5
ORD-000323,1a037248-f604-4a40-8f01-a1ec98cba9ba,2,1032.12,2064.24
ORD-000323,3278b24e-b3ba-4f5e-b1ac-eee48208f7d9,1,773.48,773.48
ORD-000324,75be87b1-b37b-4a23-aed6-08cc34a651ac,2,371.92,743.84
ORD-000325,4b8df45f-8e44-4f15-bd8f-a378a0c58905,3,841.31,2523.93
ORD-000325,dbd238cd-421d-41ef-a210-82c1c00cf62c,3,887.87,2663.61
ORD-000325,c5784eab-50a3-47c7-8dbe-00213caf5933,3,684.49,2053.4700000000003
ORD-000325,75be87b1-b37b-4a23-aed6-08cc34a651ac,1,365.37,365.37
ORD-000326,23584003-2f84-4c24-b742-910c8bd156f0,3,534.76,1604.28
ORD-000326,74d41359-c624-44ba-8f3e-f9a3c9978f5a,3,575.3,1725.8999999999999
ORD-000326,89b21998-89f0-438d-9c22-841ebc194ee5,1,576.14,576.14
ORD-000326,fa85c5bc-4464-4fe6-8dbe-c31c9deff2a4,1,186.44,186.44
ORD-000327,bce24858-fad5-4c3f-98b1-e71187222c2b,1,460.45,460.45
ORD-000327,707ddaf2-2092-4b20-8ea8-a38a49a705bb,1,617.76,617.76
ORD-000327,16664571-6011-4d6e-b585-66afb586279a,3,574.44,1723.3200000000002
ORD-000327,7425f7d5-c9e3-4485-b539-cf6ebe8f8a25,1,716.26,716.26
ORD-000327,3278b24e-b3ba-4f5e-b1ac-eee48208f7d9,1,839.82,839.82
ORD-000328,4e71de59-4d7f-4ba4-908e-5b6eb0550621,2,716.95,1433.9
ORD-000328,4375b157-2438-422b-aa81-33c6480a48b2,3,314.51,943.53
ORD-000328,3cecfc42-0caa-4b16-8136-54fbbbef5d7e,1,946.57,946.57
ORD-000328,63a41a01-c853-4665-b54a-1ee98a25cc24,1,602.38,602.38
ORD-000329,2a9062a5-1a82-4732-863d-fa089ad07586,2,482.01,964.02
ORD-000330,99371c9b-acdd-4ec1-8eb4-e4d45fffae47,1,302.52,302.52
ORD-000330,c5784eab-50a3-47c7-8dbe-00213caf5933,3,656.68,1970.04
ORD-000330,2a9062a5-1a82-4732-863d-fa089ad07586,1,549.5,549.5
ORD-000330,3cecfc42-0caa-4b16-8136-54fbbbef5d7e,3,1003.67,3011.0099999999998
ORD-000330,71cc17b0-7afa-4146-b237-990ccd566c1c,1,473.74,473.74
ORD-000331,f371f7f7-a2de-4914-8f74-9432cc9522f4,3,669.24,2007.72
ORD-000332,7a5f0e72-27b0-4209-a5fc-b169a612ba9f,3,727.31,2181.93
ORD-000332,da67f0be-e782-4f46-adf3-77b094d80592,1,277.1,277.1
ORD-000332,6764c33e-0b6b-436f-a668-17d7c7446edd,3,293.02,879.06
ORD-000332,0e5bd978-c61f-4398-846f-ef3d11025b05,1,613.35,613.35
ORD-000333,45614ebe-6ff3-4afa-b719-15f5a9fb2ecd,3,102.52,307.56
ORD-000333,0d7a085b-b4d5-419f-ad5e-9f79d6908bb0,3,870.69,2612.07
ORD-000333,d74ab3e8-a38b-4065-b223-4565aaade398,2,367.0,734.0
ORD-000333,405ad395-d291-49d4-9bd4-d211ffc22eea,1,496.14,496.14
ORD-000334,6e0a26d0-33df-4412-83c4-f2d36c0ac262,3,859.54,2578.62
ORD-000335,5e97e495-e132-433b-9087-b8df43ed91c6,2,99.97,199.94
ORD-000335,68457cfd-15e1-4596-a81f-3df9fe90b61c,3,719.14,2157.42
ORD-000336,909c4825-1e5b-4389-b3fa-c87e6de42a78,2,507.13,1014.26
ORD-000336,cc9e8554-b363-43de-94d4-cd8918d96dfb,3,503.07,1509.21
ORD-000336,7a5f0e72-27b0-4209-a5fc-b169a612ba9f,1,808.73,808.73
ORD-000336,fcbb56a1-b862-4fb2-88fe-ed0472814307,2,380.29,760.58
ORD-000337,5365a6b3-f8c1-4cba-b21f-bda73e899461,1,149.81,149.81
ORD-000337,b0bf5af1-fb0c-44d2-a03e-9803a9d3d464,1,164.73,164.73
ORD-000337,ede6f4f1-bcc6-44d7-9392-ab4a6ce2a110,1,65.54,65.54
ORD-000337,8c205c60-3b62-4af1-8e3b-6d36315814ae,1,976.28,976.28
ORD-000338,4e71de59-4d7f-4ba4-908e-5b6eb0550621,3,788.17,2364.5099999999998
ORD-000338,ff22512f-6c6f-4752-9f58-caec61b6cb91,2,591.97,1183.94
ORD-000338,707ddaf2-2092-4b20-8ea8-a38a49a705bb,3,722.76,2168.2799999999997
ORD-000338,8569c478-c99b-4c60-be7e-5a1563b3a4e2,1,564.34,564.34
ORD-000339,d1f03c1c-8c75-4b6a-856e-4d8177b8e3b5,2,988.45,1976.9
ORD-000339,4b62729d-5443-4aea-9021-7b3065cb276f,1,772.85,772.85
ORD-000340,37e48379-d810-4be1-90e2-195c0f2f6de5,1,197.72,197.72
ORD-000340,d1f03c1c-8c75-4b6a-856e-4d8177b8e3b5,2,857.68,1715.36
ORD-000341,0455be0d-d01b-4d23-9869-de8d353d91ad,3,719.08,2157.2400000000002
ORD-000341,acbfdf46-7f51-4371-bcd1-bd2f84a61541,2,141.96,283.92
ORD-000342,9be2b865-2317-4f5b-b405-3f012f0bb8fb,2,37.6,75.2
ORD-000343,45b5ae49-50c4-4c7a-bc7f-d2216d170c3f,2,210.1,420.2
ORD-000343,10f6e3af-8e9e-4f38-811a-f929a91d59eb,2,242.65,485.3
ORD-000344,5495fe5e-67f1-4652-aedc-41136b95eee7,1,407.32,407.32
ORD-000344,fa407e03-eb2d-4941-86fb-c31db86db758,3,362.3,1086.9
ORD-000344,05d41c69-92c2-48e8-ae4f-ba81c15eb0f9,1,275.63,275.63
ORD-000344,d11a42dd-8e96-4213-9ac0-1c7d97019f1e,3,88.04,264.12
ORD-000344,ef7d92e4-6287-4a2d-8551-d5d2a4a51d5d,1,705.1,705.1
ORD-000345,912e9f9e-9d04-46c6-a552-0b9dd7ce2734,1,829.7,829.7
ORD-000345,ca25b56a-0fbb-4e75-90e5-e214ad3b390d,3,576.95,1730.8500000000001
ORD-000346,68d81f9a-9cc0-4b20-9838-257ad1927777,1,109.56,109.56
ORD-000346,e4f440b3-e2e8-4c4c-b460-5938baf5fc34,1,683.1,683.1
ORD-000346,28ceec8b-a2b2-40ba-a0f6-14292187fede,2,821.82,1643.64
ORD-000346,fa85c5bc-4464-4fe6-8dbe-c31c9deff2a4,3,156.39,469.16999999999996
ORD-000346,5365a6b3-f8c1-4cba-b21f-bda73e899461,3,159.24,477.72
ORD-000347,c9543a40-1b4c-4e7b-9ac1-572e5b495f5e,2,159.09,318.18
ORD-000348,909c4825-1e5b-4389-b3fa-c87e6de42a78,1,502.4,502.4
ORD-000348,b0bf5af1-fb0c-44d2-a03e-9803a9d3d464,2,143.91,287.82
ORD-000348,33b1781a-3a1b-419d-ab45-8633ffb25560,1,240.46,240.46
ORD-000348,fd3507a2-3ab7-491f-984f-099ccd09eb79,3,875.13,2625.39
ORD-000349,bf47ea32-f0cd-4cbe-89ea-3949a76eb378,1,555.33,555.33
ORD-000349,2393bff1-4e45-46ea-a406-e25b2af55019,2,567.58,1135.16
ORD-000349,742d2c92-fcf6-4364-9bde-4490b7e5bb90,3,903.9,2711.7
ORD-000349,67ec5461-6b1d-41ec-84d3-3b4ffe2f9592,2,156.79,313.58
ORD-000349,faab82fa-51cf-4676-bff7-2f7bf7b28cf3,3,736.01,2208.0299999999997
ORD-000350,f9fc8038-04f0-432b-a50c-a7a5af2a2345,3,10.38,31.14
ORD-000350,deff3d30-fa21-4823-b63c-3d4e6842e6c5,2,153.22,306.44
ORD-000350,742d2c92-fcf6-4364-9bde-4490b7e5bb90,3,1003.54,3010.62
ORD-000351,71cc17b0-7afa-4146-b237-990ccd566c1c,3,564.52,1693.56
ORD-000352,2393bff1-4e45-46ea-a406-e25b2af55019,1,496.43,496.43
ORD-000352,16664571-6011-4d6e-b585-66afb586279a,2,538.25,1076.5
ORD-000352,c3522c3b-6d84-4b59-8d46-dfd3c8e5a9d2,1,423.39,423.39
ORD-000353,707ddaf2-2092-4b20-8ea8-a38a49a705bb,3,697.45,2092.3500000000004
ORD-000354,10f6e3af-8e9e-4f38-811a-f929a91d59eb,3,219.35,658.05
ORD-000354,bfc6e01d-0aeb-4c5c-906e-9c4b32bd6a2c,2,455.68,911.36
ORD-000355,454b4bb2-e284-45c4-bbdf-2eb6aa50e3f4,3,579.84,1739.52
ORD-000355,8d81191f-438b-4926-bebb-c3e8f4501a6a,2,582.77,1165.54
ORD-000356,3278b24e-b3ba-4f5e-b1ac-eee48208f7d9,1,777.96,777.96
ORD-000356,0455be0d-d01b-4d23-9869-de8d353d91ad,2,732.97,1465.94
ORD-000356,94cae71c-088a-4a34-a24f-4a036fd8264a,3,594.32,1782.96
ORD-000357,454b7ebc-fee8-4590-a620-8eb467fecb64,2,601.06,1202.12
ORD-000357,6672fd4f-9690-4544-a0aa-73d3d13c3143,2,891.1,1782.2
ORD-000357,454b4bb2-e284-45c4-bbdf-2eb6aa50e3f4,3,585.12,1755.3600000000001
ORD-000357,0fa5d429-0e39-4bb5-8b14-2d77fd17e378,1,552.16,552.16
ORD-000357,8c205c60-3b62-4af1-8e3b-6d36315814ae,2,898.39,1796.78
ORD-000358,c5ff2331-db2f-4ecd-a938-d8b6c34e174d,1,731.58,731.58
ORD-000359,e4f440b3-e2e8-4c4c-b460-5938baf5fc34,3,820.32,2460.96
ORD-000359,893204df-ac13-4689-9a88-7bca558213da,1,755.24,755.24
ORD-000360,d9cc0d7e-ba3d-4639-a308-14db91d71d96,2,328.51,657.02
ORD-000360,0e5bd978-c61f-4398-846f-ef3d11025b05,2,590.75,1181.5
ORD-000361,85426297-26fc-49a2-a69e-0a4e6af9a45c,3,455.53,1366.59
ORD-000361,ee6204b7-db26-4235-8b62-6e5b3224061d,2,814.13,1628.26
ORD-000362,fb016ade-5c71-45c2-9cf9-04683455a4d4,3,906.95,2720.8500000000004
ORD-000362,8c205c60-3b62-4af1-8e3b-6d36315814ae,3,1046.17,3138.51
ORD-000362,f7e68e0f-782c-4aac-a779-0c44ad195769,2,124.72,249.44
ORD-000362,5efd7556-eb0c-4dac-bf16-a67ac3bf34ab,3,434.21,1302.6299999999999
ORD-000363,6ebe25ff-c064-4e89-8b8a-59882bad12d8,2,218.84,437.68
ORD-000363,4f81a909-a41c-4d86-a956-3dfa8676343c,1,576.32,576.32
ORD-000363,4ff0f9b1-185b-464f-a09f-8af3db013013,2,382.07,764.14
ORD-000363,9a612763-a18d-4647-9ea3-77af34124d8a,1,344.95,344.95
ORD-000364,c5784eab-50a3-47c7-8dbe-00213caf5933,1,772.18,772.18
ORD-000364,7a5f0e72-27b0-4209-a5fc-b169a612ba9f,3,849.58,2548.7400000000002
ORD-000365,3d75e4dd-8c0d-4ca1-b8fc-94899558f59d,3,293.14,879.42
ORD-000365,41465d3a-ed68-4b53-8996-44e7f759d179,2,661.76,1323.52
ORD-000365,deebf19b-f879-4e94-96dd-7544e5a8241b,1,921.69,921.69
ORD-000366,1a037248-f604-4a40-8f01-a1ec98cba9ba,1,920.04,920.04
ORD-000366,671a5b36-3c48-4567-a517-7dba3fb1d09f,3,911.19,2733.57
ORD-000366,5a9eb21e-edd6-45d1-8aca-409e73e04659,3,408.17,1224.51
ORD-000367,b70acae6-2103-41b9-a113-f23f9b293a5d,1,447.81,447.81
ORD-000367,f04f4f12-96b4-4d8e-aada-f268607e003c,2,652.09,1304.18
ORD-000367,9ef2e0e9-2048-4cf7-a441-d92d6fdc3f63,3,929.52,2788.56
ORD-000367,dc0d3770-971f-4886-a3a5-52d5d3432e38,3,314.56,943.6800000000001
ORD-000368,454b4bb2-e284-45c4-bbdf-2eb6aa50e3f4,3,569.48,1708.44
ORD-000368,0ec71bd2-524d-47f9-9684-3a2ea9fea671,3,111.52,334.56
ORD-000368,420bcdba-4659-4262-8b2a-e1be49145905,2,222.37,444.74
ORD-000369,05d41c69-92c2-48e8-ae4f-ba81c15eb0f9,1,290.58,290.58
ORD-000370,ab85e304-fe27-44fd-b1ac-6bb0bc578a3e,2,914.87,1829.74
ORD-000370,d772ec05-2262-4b97-8c5b-0d43fe6340db,2,85.75,171.5
ORD-000371,97d6315b-705c-4cdf-a248-799ac6907757,2,48.07,96.14
ORD-000371,d1f03c1c-8c75-4b6a-856e-4d8177b8e3b5,1,923.74,923.74
ORD-000372,15725fd3-bcc9-4d75-b86d-13a46fb28e30,3,581.72,1745.16
ORD-000373,26fdd0a3-d3c1-4b32-958b-645ecf7fc069,1,1033.35,1033.35
ORD-000373,99371c9b-acdd-4ec1-8eb4-e4d45fffae47,2,300.0,600.0
ORD-000373,5365a6b3-f8c1-4cba-b21f-bda73e899461,3,174.19,522.5699999999999
ORD-000373,c9543a40-1b4c-4e7b-9ac1-572e5b495f5e,2,155.61,311.22
ORD-000373,70343e52-0a89-43cb-86df-8ddaaf47dff1,1,566.54,566.54
ORD-000374,3693fe0b-4ec7-46b0-a018-f78f6cbd809b,1,394.49,394.49
ORD-000374,c3522c3b-6d84-4b59-8d46-dfd3c8e5a9d2,2,456.11,912.22
ORD-000374,ff22512f-6c6f-4752-9f58-caec61b6cb91,2,668.18,1336.36
ORD-000374,70d242a2-d6e6-49b2-82dd-dc10f9505de7,2,468.52,937.04
ORD-000374,45b5ae49-50c4-4c7a-bc7f-d2216d170c3f,3,243.51,730.53
ORD-000375,5f4b66a4-629f-416e-bdb6-36f673204882,3,420.53,1261.59
ORD-000375,df68296b-c1d5-4644-96ef-390a77c22380,1,133.1,133.1
ORD-000376,7bf80092-7e1d-4c0b-9907-d08c279385b7,1,592.39,592.39
ORD-000376,8569c478-c99b-4c60-be7e-5a1563b3a4e2,3,561.9,1685.6999999999998
ORD-000376,ba6ea82d-d057-4aef-8f9e-030ff94edeea,1,39.93,39.93
ORD-000377,937bff8a-d5ab-43ab-b22a-f408ac90f9f1,3,1001.69,3005.07
ORD-000377,05d41c69-92c2-48e8-ae4f-ba81c15eb0f9,1,263.71,263.71
ORD-000377,6f13ee39-c753-4c6e-a1d5-280ae443373b,2,380.11,760.22
ORD-000377,28ceec8b-a2b2-40ba-a0f6-14292187fede,2,713.28,1426.56
ORD-000378,deebf19b-f879-4e94-96dd-7544e5a8241b,2,921.1,1842.2
ORD-000378,fd8ababa-b19a-4e03-9b81-8402dc09b8b0,2,281.98,563.96
ORD-000378,33b1781a-3a1b-419d-ab45-8633ffb25560,1,247.81,247.81
ORD-000379,f7e68e0f-782c-4aac-a779-0c44ad195769,1,129.65,129.65
ORD-000379,7bf80092-7e1d-4c0b-9907-d08c279385b7,2,536.13,1072.26
ORD-000379,d772ec05-2262-4b97-8c5b-0d43fe6340db,2,101.79,203.58
ORD-000379,3760e57c-2f23-40d2-ae8d-1b6bcee93dfb,3,399.95,1199.85
ORD-000380,def4bb75-19e7-4d7c-8886-339395c44fc5,3,1048.4,3145.2000000000003
ORD-000381,f371f7f7-a2de-4914-8f74-9432cc9522f4,3,673.68,2021.04
ORD-000381,0d7a085b-b4d5-419f-ad5e-9f79d6908bb0,3,869.35,2608.05
ORD-000381,f9fc8038-04f0-432b-a50c-a7a5af2a2345,2,11.48,22.96
ORD-000382,4e71de59-4d7f-4ba4-908e-5b6eb0550621,3,707.29,2121.87
ORD-000382,ee6204b7-db26-4235-8b62-6e5b3224061d,2,795.27,1590.54
ORD-000383,55ecc7b8-3b15-452b-b56f-ed44d9daea49,2,761.86,1523.72
ORD-000384,405bebd4-be7d-4505-a89f-6ef992011c8b,2,795.47,1590.94
ORD-000385,ca25b56a-0fbb-4e75-90e5-e214ad3b390d,1,622.93,622.93
ORD-000385,893204df-ac13-4689-9a88-7bca558213da,1,794.72,794.72
ORD-000386,deff3d30-fa21-4823-b63c-3d4e6842e6c5,2,151.25,302.5
ORD-000386,811e2471-6b40-4188-95ed-ace81f69d335,3,314.61,943.83
ORD-000386,893204df-ac13-4689-9a88-7bca558213da,3,800.44,2401.32
ORD-000387,3855fb85-8e60-4c4c-8d0c-d5e1d0b73a24,2,53.29,106.58
ORD-000387,5365a6b3-f8c1-4cba-b21f-bda73e899461,1,149.74,149.74
ORD-000387,99371c9b-acdd-4ec1-8eb4-e4d45fffae47,1,306.49,306.49
ORD-000388,193b42ad-40fd-462a-b98e-b77cc9f6e888,3,44.18,132.54
ORD-000388,454b7ebc-fee8-4590-a620-8eb467fecb64,3,648.9,1946.6999999999998
ORD-000388,9a612763-a18d-4647-9ea3-77af34124d8a,3,340.4,1021.1999999999999
ORD-000388,10f847f0-0a23-402a-bb45-480ffa6e1098,1,273.14,273.14
ORD-000388,7a5f0e72-27b0-4209-a5fc-b169a612ba9f,1,725.69,725.69
ORD-000389,e8a79c65-89d1-45db-90cd-7e145b3c7e3a,1,574.64,574.64
ORD-000389,37e48379-d810-4be1-90e2-195c0f2f6de5,3,182.97,548.91
ORD-000389,ef7d92e4-6287-4a2d-8551-d5d2a4a51d5d,2,647.03,1294.06
ORD-000390,5365a6b3-f8c1-4cba-b21f-bda73e899461,1,150.6,150.6
ORD-000391,37e48379-d810-4be1-90e2-195c0f2f6de5,1,171.56,171.56
ORD-000391,68d81f9a-9cc0-4b20-9838-257ad1927777,1,109.71,109.71
ORD-000391,55ecc7b8-3b15-452b-b56f-ed44d9daea49,1,717.44,717.44
ORD-000392,0fa5d429-0e39-4bb5-8b14-2d77fd17e378,1,542.67,542.67
ORD-000393,41a3d19b-1c8e-4a8e-a78e-e77252917c55,2,628.52,1257.04
ORD-000394,4f81a909-a41c-4d86-a956-3dfa8676343c,1,672.01,672.01
ORD-000395,4f81a909-a41c-4d86-a956-3dfa8676343c,3,601.51,1804.53
ORD-000395,9bc4a986-aa96-4d57-b920-cf93e12654d8,1,237.56,237.56
ORD-000396,23ee362b-698c-426d-b18f-b3237ab9e2e7,1,343.02,343.02
ORD-000396,da096c2a-6ee1-4f2c-83b3-0f2f76fe15c9,3,151.97,455.90999999999997
ORD-000396,04f3f45b-d1d2-468f-926f-a20d38ffcf53,3,679.5,2038.5
ORD-000397,f7e68e0f-782c-4aac-a779-0c44ad195769,3,118.66,355.98
ORD-000398,f9fc8038-04f0-432b-a50c-a7a5af2a2345,1,12.53,12.53
ORD-000398,23584003-2f84-4c24-b742-910c8bd156f0,1,638.1,638.1
ORD-000398,d9cc0d7e-ba3d-4639-a308-14db91d71d96,3,362.71,1088.1299999999999
ORD-000398,26dc7e49-f0e9-49a9-a86d-6d43c48fcb61,2,548.22,1096.44
ORD-000398,dc0d3770-971f-4886-a3a5-52d5d3432e38,3,305.05,915.1500000000001
ORD-000399,85426297-26fc-49a2-a69e-0a4e6af9a45c,2,417.42,834.84
ORD-000399,9077a69a-7977-4d2e-bee5-aadf01e84cc6,1,915.51,915.51
ORD-000399,3855fb85-8e60-4c4c-8d0c-d5e1d0b73a24,2,50.16,100.32
ORD-000399,742d2c92-fcf6-4364-9bde-4490b7e5bb90,1,924.98,924.98
ORD-000400,7bf80092-7e1d-4c0b-9907-d08c279385b7,3,569.38,1708.1399999999999
ORD-000400,3278b24e-b3ba-4f5e-b1ac-eee48208f7d9,1,823.1,823.1
ORD-000400,15725fd3-bcc9-4d75-b86d-13a46fb28e30,1,580.58,580.58
ORD-000401,ba6ea82d-d057-4aef-8f9e-030ff94edeea,1,44.78,44.78
ORD-000401,8be9d6b9-e56b-4c5e-a460-748e7c075dae,2,707.87,1415.74
ORD-000401,9ef2e0e9-2048-4cf7-a441-d92d6fdc3f63,2,863.69,1727.38
ORD-000401,e4f440b3-e2e8-4c4c-b460-5938baf5fc34,1,811.69,811.69
ORD-000402,3693fe0b-4ec7-46b0-a018-f78f6cbd809b,1,377.51,377.51
ORD-000402,93f20425-7de0-47b2-9093-f087c2711366,3,766.98,2300.94
ORD-000402,df68296b-c1d5-4644-96ef-390a77c22380,1,138.43,138.43
ORD-000403,742d2c92-fcf6-4364-9bde-4490b7e5bb90,1,901.96,901.96
ORD-000404,3855fb85-8e60-4c4c-8d0c-d5e1d0b73a24,1,52.76,52.76
ORD-000404,8569c478-c99b-4c60-be7e-5a1563b3a4e2,1,517.27,517.27
ORD-000405,4ff0f9b1-185b-464f-a09f-8af3db013013,1,411.54,411.54
ORD-000406,da096c2a-6ee1-4f2c-83b3-0f2f76fe15c9,3,141.86,425.58000000000004
ORD-000406,532fb4b4-b30a-4ecd-a59f-88383b1b4111,3,875.43,2626.29
ORD-000406,dbd238cd-421d-41ef-a210-82c1c00cf62c,2,950.29,1900.58
ORD-000406,2e8fd2aa-3e7f-4fb1-aa6b-1c3738a5a388,3,611.96,1835.88
ORD-000406,41465d3a-ed68-4b53-8996-44e7f759d179,2,681.02,1362.04
ORD-000407,90cd07ed-a352-4b36-a0cc-b00bc3a206d0,2,14.38,28.76
ORD-000408,71cc17b0-7afa-4146-b237-990ccd566c1c,1,549.51,549.51
ORD-000409,ba6ea82d-d057-4aef-8f9e-030ff94edeea,1,43.26,43.26
ORD-000410,fd3507a2-3ab7-491f-984f-099ccd09eb79,1,940.02,940.02
ORD-000411,f7e68e0f-782c-4aac-a779-0c44ad195769,1,120.59,120.59
ORD-000411,3855fb85-8e60-4c4c-8d0c-d5e1d0b73a24,2,54.13,108.26
ORD-000411,707ddaf2-2092-4b20-8ea8-a38a49a705bb,2,675.1,1350.2
ORD-000411,532fb4b4-b30a-4ecd-a59f-88383b1b4111,3,811.65,2434.95
ORD-000412,6672fd4f-9690-4544-a0aa-73d3d13c3143,2,832.29,1664.58
ORD-000413,909c4825-1e5b-4389-b3fa-c87e6de42a78,1,507.19,507.19
ORD-000414,41465d3a-ed68-4b53-8996-44e7f759d179,2,670.05,1340.1
ORD-000414,16664571-6011-4d6e-b585-66afb586279a,2,565.39,1130.78
ORD-000415,ab85e304-fe27-44fd-b1ac-6bb0bc578a3e,3,949.15,2847.45
ORD-000415,8c205c60-3b62-4af1-8e3b-6d36315814ae,2,974.49,1948.98
ORD-000415,75be87b1-b37b-4a23-aed6-08cc34a651ac,1,403.21,403.21
ORD-000415,63a41a01-c853-4665-b54a-1ee98a25cc24,2,545.07,1090.14
ORD-000415,405bebd4-be7d-4505-a89f-6ef992011c8b,3,908.23,2724.69
ORD-000416,5ba9f94f-7c5f-407d-ad88-c5c264376435,2,784.66,1569.32
ORD-000416,8c205c60-3b62-4af1-8e3b-6d36315814ae,3,890.13,2670.39
ORD-000416,28ceec8b-a2b2-40ba-a0f6-14292187fede,2,761.43,1522.86
ORD-000417,94cae71c-088a-4a34-a24f-4a036fd8264a,2,543.56,1087.12
ORD-000417,d772ec05-2262-4b97-8c5b-0d43fe6340db,2,103.39,206.78
ORD-000417,d9cc0d7e-ba3d-4639-a308-14db91d71d96,2,328.82,657.64
ORD-000418,532fb4b4-b30a-4ecd-a59f-88383b1b4111,1,870.15,870.15
ORD-000418,5495fe5e-67f1-4652-aedc-41136b95eee7,1,430.64,430.64
ORD-000418,b70acae6-2103-41b9-a113-f23f9b293a5d,1,397.65,397.65
ORD-000418,2aa43396-ca8f-433d-b472-4df14fcbbadf,1,368.26,368.26
ORD-000418,6382aa8f-7015-49da-8e2b-33206e5d3fb4,1,24.98,24.98
ORD-000419,28ceec8b-a2b2-40ba-a0f6-14292187fede,2,709.85,1419.7
ORD-000419,f7aa4564-5e47-4f7b-bf6d-acd15d81d874,2,941.2,1882.4
ORD-000419,454b7ebc-fee8-4590-a620-8eb467fecb64,2,592.05,1184.1
ORD-000419,71cc17b0-7afa-4146-b237-990ccd566c1c,2,505.93,1011.86
ORD-000420,050d253d-22dc-473f-813b-6faf3727d9a4,2,333.8,667.6
ORD-000420,061a25ae-bdae-4ffd-90d4-f3ab3e8ecefe,3,240.69,722.0699999999999
ORD-000421,454b7ebc-fee8-4590-a620-8eb467fecb64,1,606.52,606.52
ORD-000421,bce24858-fad5-4c3f-98b1-e71187222c2b,1,462.4,462.4
ORD-000421,fd8ababa-b19a-4e03-9b81-8402dc09b8b0,3,281.36,844.08
ORD-000421,70343e52-0a89-43cb-86df-8ddaaf47dff1,2,538.46,1076.92
ORD-000422,315e1105-d13a-4238-9da3-93dd8555b2b0,3,716.37,2149.11
ORD-000422,fd3507a2-3ab7-491f-984f-099ccd09eb79,1,950.33,950.33
ORD-000423,d772ec05-2262-4b97-8c5b-0d43fe6340db,1,95.38,95.38
ORD-000423,4b8df45f-8e44-4f15-bd8f-a378a0c58905,3,779.44,2338.32
ORD-000423,45b5ae49-50c4-4c7a-bc7f-d2216d170c3f,1,215.77,215.77
ORD-000424,a6abb6d5-04a1-44a8-ab10-f1f274300e03,2,846.5,1693.0
ORD-000424,1c70a4e2-230e-46e1-9e16-4002dc16d033,3,907.66,2722.98
ORD-000424,c5ff2331-db2f-4ecd-a938-d8b6c34e174d,2,768.83,1537.66
ORD-000424,d9cc0d7e-ba3d-4639-a308-14db91d71d96,3,339.94,1019.8199999999999
ORD-000424,89b21998-89f0-438d-9c22-841ebc194ee5,3,649.04,1947.12
ORD-000425,70343e52-0a89-43cb-86df-8ddaaf47dff1,3,591.95,1775.8500000000001
ORD-000425,0dc39a14-a7b4-4bef-aed4-4e5d8a05457e,3,391.6,1174.8000000000002
ORD-000426,05d41c69-92c2-48e8-ae4f-ba81c15eb0f9,3,300.39,901.17
ORD-000426,0dc39a14-a7b4-4bef-aed4-4e5d8a05457e,2,389.63,779.26
ORD-000426,050d253d-22dc-473f-813b-6faf3727d9a4,3,342.49,1027.47
ORD-000426,0d7a085b-b4d5-419f-ad5e-9f79d6908bb0,3,768.39,2305.17
ORD-000426,da67f0be-e782-4f46-adf3-77b094d80592,2,250.57,501.14
ORD-000427,1f2074d5-523f-42fc-b2e4-847619e94cc4,2,10.88,21.76
ORD-000427,68457cfd-15e1-4596-a81f-3df9fe90b61c,1,784.19,784.19
ORD-000427,532fb4b4-b30a-4ecd-a59f-88383b1b4111,2,766.67,1533.34
ORD-000428,21f90a72-45a0-4a27-aeaa-7f370cca438e,2,87.06,174.12
ORD-000428,315e1105-d13a-4238-9da3-93dd8555b2b0,1,641.08,641.08
ORD-000429,dc0d3770-971f-4886-a3a5-52d5d3432e38,2,329.45,658.9
ORD-000429,c5cb56bf-36b3-4b90-9e9f-1e49aa762838,2,666.82,1333.64
ORD-000429,28ceec8b-a2b2-40ba-a0f6-14292187fede,1,738.36,738.36
ORD-000429,3f35308c-7fb2-4c8c-8aaa-2f60914da1cc,2,238.64,477.28
ORD-000430,dbd238cd-421d-41ef-a210-82c1c00cf62c,1,982.47,982.47
ORD-000430,454b4bb2-e284-45c4-bbdf-2eb6aa50e3f4,1,602.21,602.21
ORD-000430,def4bb75-19e7-4d7c-8886-339395c44fc5,2,1055.73,2111.46
ORD-000430,2393bff1-4e45-46ea-a406-e25b2af55019,1,577.02,577.02
ORD-000430,67ec5461-6b1d-41ec-84d3-3b4ffe2f9592,1,147.22,147.22
ORD-000431,6e0a26d0-33df-4412-83c4-f2d36c0ac262,3,911.78,2735.34
ORD-000431,5a9eb21e-edd6-45d1-8aca-409e73e04659,1,416.28,416.28
ORD-000431,4e71de59-4d7f-4ba4-908e-5b6eb0550621,3,828.97,2486.91
ORD-000432,c5ff2331-db2f-4ecd-a938-d8b6c34e174d,1,787.59,787.59
ORD-000432,2e8fd2aa-3e7f-4fb1-aa6b-1c3738a5a388,3,611.91,1835.73
ORD-000432,3d75e4dd-8c0d-4ca1-b8fc-94899558f59d,3,301.08,903.24
ORD-000432,0e5bd978-c61f-4398-846f-ef3d11025b05,1,534.4,534.4
ORD-000432,94ba6334-cdc4-44a9-ab94-f80a2c07b053,1,605.75,605.75
ORD-000433,7bf80092-7e1d-4c0b-9907-d08c279385b7,3,571.76,1715.28
ORD-000433,4e71de59-4d7f-4ba4-908e-5b6eb0550621,2,732.04,1464.08
ORD-000433,cc50103c-c090-40dd-b09e-129491b983e4,1,378.0,378.0
ORD-000433,8e0f4ddc-7f59-4218-b3c4-d3f34125168a,2,90.49,180.98
ORD-000434,6e0a26d0-33df-4412-83c4-f2d36c0ac262,3,861.8,2585.3999999999996
ORD-000434,0e5bd978-c61f-4398-846f-ef3d11025b05,1,543.24,543.24
ORD-000434,4208330c-150b-463f-a7c7-0673090914e8,2,551.81,1103.62
ORD-000434,e3bfcdbd-04e2-4a88-a250-358045a9c86a,1,866.27,866.27
ORD-000435,94cae71c-088a-4a34-a24f-4a036fd8264a,2,616.67,1233.34
ORD-000435,a41172e5-d44c-45e7-a8b1-243eee76a01d,2,344.89,689.78
ORD-000435,f8fe12a5-1e45-46db-b206-769db4270f04,3,784.92,2354.7599999999998
ORD-000436,37e48379-d810-4be1-90e2-195c0f2f6de5,3,197.34,592.02
ORD-000437,e4f440b3-e2e8-4c4c-b460-5938baf5fc34,3,695.43,2086.29
ORD-000437,63c48bf1-fad6-4da1-8140-67b2bb06d791,1,650.61,650.61
ORD-000437,7bf80092-7e1d-4c0b-9907-d08c279385b7,2,491.5,983.0
ORD-000438,ba6ea82d-d057-4aef-8f9e-030ff94edeea,2,40.67,81.34
ORD-000438,45b5ae49-50c4-4c7a-bc7f-d2216d170c3f,1,213.55,213.55
ORD-000438,0166f91f-430b-4bdb-9f7a-561e622896ec,1,745.72,745.72
ORD-000439,41a3d19b-1c8e-4a8e-a78e-e77252917c55,1,649.62,649.62
ORD-000439,4b62729d-5443-4aea-9021-7b3065cb276f,1,827.61,827.61
ORD-000439,3855fb85-8e60-4c4c-8d0c-d5e1d0b73a24,2,53.93,107.86
ORD-000439,99371c9b-acdd-4ec1-8eb4-e4d45fffae47,2,332.41,664.82
ORD-000440,ef7d92e4-6287-4a2d-8551-d5d2a4a51d5d,1,719.91,719.91
ORD-000441,4e71de59-4d7f-4ba4-908e-5b6eb0550621,3,824.42,2473.2599999999998
ORD-000441,ca25b56a-0fbb-4e75-90e5-e214ad3b390d,3,589.7,1769.1000000000001
ORD-000441,4375b157-2438-422b-aa81-33c6480a48b2,3,280.51,841.53
ORD-000441,315e1105-d13a-4238-9da3-93dd8555b2b0,1,702.5,702.5
ORD-000441,671a5b36-3c48-4567-a517-7dba3fb1d09f,1,853.73,853.73
ORD-000442,7f860829-11cb-4357-9a02-efdfb77649ae,2,677.99,1355.98
ORD-000442,d1f03c1c-8c75-4b6a-856e-4d8177b8e3b5,1,853.97,853.97
ORD-000442,8569c478-c99b-4c60-be7e-5a1563b3a4e2,3,557.35,1672.0500000000002
ORD-000443,87db6283-4935-4d50-b89b-026c1918a3f4,3,160.22,480.65999999999997
ORD-000443,420bcdba-4659-4262-8b2a-e1be49145905,2,227.55,455.1
ORD-000444,7b766140-2096-40c6-bd41-30e19a9cfa16,2,998.29,1996.58
ORD-000444,c9543a40-1b4c-4e7b-9ac1-572e5b495f5e,1,146.0,146.0
ORD-000444,caf918e8-9227-4c43-a07c-5d2636c70c4a,2,164.06,328.12
ORD-000444,3f35308c-7fb2-4c8c-8aaa-2f60914da1cc,2,280.24,560.48
ORD-000444,ef5f3f32-50c4-44aa-a8cf-b70c38a7c67e,3,164.71,494.13
ORD-000445,55ecc7b8-3b15-452b-b56f-ed44d9daea49,3,741.1,2223.3
ORD-000445,c9360b39-4f2d-480b-82ce-6da8c789fa7f,1,587.8,587.8
ORD-000445,b67caa36-478c-44e8-955c-980b0edb39fc,1,946.66,946.66
ORD-000445,9be2b865-2317-4f5b-b405-3f012f0bb8fb,1,36.9,36.9
ORD-000445,6e0a26d0-33df-4412-83c4-f2d36c0ac262,3,871.38,2614.14
ORD-000446,97d6315b-705c-4cdf-a248-799ac6907757,1,46.22,46.22
ORD-000446,bf47ea32-f0cd-4cbe-89ea-3949a76eb378,3,500.44,1501.32
ORD-000446,67ec5461-6b1d-41ec-84d3-3b4ffe2f9592,2,162.92,325.84
ORD-000446,0dc39a14-a7b4-4bef-aed4-4e5d8a05457e,2,331.12,662.24
ORD-000446,f04f4f12-96b4-4d8e-aada-f268607e003c,3,658.68,1976.04
ORD-000447,7b766140-2096-40c6-bd41-30e19a9cfa16,2,988.29,1976.58
ORD-000447,ee6204b7-db26-4235-8b62-6e5b3224061d,2,742.23,1484.46
ORD-000447,d1f03c1c-8c75-4b6a-856e-4d8177b8e3b5,1,935.05,935.05
ORD-000448,1bf69c20-872b-4d71-b68d-62ddaa662a91,1,21.55,21.55
ORD-000448,366aced0-fca0-4552-b005-693380619df5,1,339.87,339.87
ORD-000448,3cecfc42-0caa-4b16-8136-54fbbbef5d7e,2,929.67,1859.34
ORD-000448,23584003-2f84-4c24-b742-910c8bd156f0,2,636.11,1272.22
ORD-000449,6ebe25ff-c064-4e89-8b8a-59882bad12d8,1,180.42,180.42
ORD-000449,90cd07ed-a352-4b36-a0cc-b00bc3a206d0,1,15.48,15.48
ORD-000449,2f0b1d71-f73d-47c1-b0be-55161f273d55,3,712.44,2137.32
ORD-000449,15725fd3-bcc9-4d75-b86d-13a46fb28e30,1,619.63,619.63
ORD-000450,caf918e8-9227-4c43-a07c-5d2636c70c4a,1,161.03,161.03
ORD-000450,7a5f0e72-27b0-4209-a5fc-b169a612ba9f,1,715.56,715.56
ORD-000450,fcbb56a1-b862-4fb2-88fe-ed0472814307,1,401.39,401.39
ORD-000451,60b84dd6-d802-4494-8360-067cf1e8e22e,3,326.62,979.86
ORD-000451,ef7d92e4-6287-4a2d-8551-d5d2a4a51d5d,1,623.92,623.92
ORD-000451,1f2074d5-523f-42fc-b2e4-847619e94cc4,3,11.35,34.05
ORD-000451,405bebd4-be7d-4505-a89f-6ef992011c8b,2,909.33,1818.66
ORD-000451,3278b24e-b3ba-4f5e-b1ac-eee48208f7d9,3,830.39,2491.17
ORD-000452,5f4b66a4-629f-416e-bdb6-36f673204882,1,392.68,392.68
ORD-000452,c9543a40-1b4c-4e7b-9ac1-572e5b495f5e,3,159.01,477.03
ORD-000452,da096c2a-6ee1-4f2c-83b3-0f2f76fe15c9,2,159.84,319.68
ORD-000452,87db6283-4935-4d50-b89b-026c1918a3f4,1,141.8,141.8
ORD-000452,ee6204b7-db26-4235-8b62-6e5b3224061d,3,806.39,2419.17
ORD-000453,10483ae3-3fc2-4384-bd7a-62aea10b3754,2,813.13,1626.26
ORD-000453,10f6e3af-8e9e-4f38-811a-f929a91d59eb,2,249.5,499.0
ORD-000454,0fa5d429-0e39-4bb5-8b14-2d77fd17e378,2,590.86,1181.72
ORD-000454,23ee362b-698c-426d-b18f-b3237ab9e2e7,2,345.42,690.84
ORD-000454,aff02d9a-6315-48db-bf3e-dcdb7e9d4d93,2,23.27,46.54
ORD-000454,7425f7d5-c9e3-4485-b539-cf6ebe8f8a25,2,826.23,1652.46
ORD-000454,67ec5461-6b1d-41ec-84d3-3b4ffe2f9592,1,154.61,154.61
ORD-000455,16664571-6011-4d6e-b585-66afb586279a,1,508.29,508.29
ORD-000455,da096c2a-6ee1-4f2c-83b3-0f2f76fe15c9,1,140.58,140.58
ORD-000455,b0d968cc-2620-4a46-9cdc-3171d64b59b6,1,277.58,277.58
ORD-000455,28ceec8b-a2b2-40ba-a0f6-14292187fede,1,817.5,817.5
ORD-000456,d1f03c1c-8c75-4b6a-856e-4d8177b8e3b5,1,905.98,905.98
ORD-000456,acbfdf46-7f51-4371-bcd1-bd2f84a61541,3,152.79,458.37
ORD-000456,1bf69c20-872b-4d71-b68d-62ddaa662a91,2,21.92,43.84
ORD-000456,f04f4f12-96b4-4d8e-aada-f268607e003c,3,751.64,2254.92
ORD-000457,c3522c3b-6d84-4b59-8d46-dfd3c8e5a9d2,1,456.84,456.84
ORD-000457,8be9d6b9-e56b-4c5e-a460-748e7c075dae,2,653.44,1306.88
ORD-000458,c9360b39-4f2d-480b-82ce-6da8c789fa7f,3,565.54,1696.62
ORD-000459,ede6f4f1-bcc6-44d7-9392-ab4a6ce2a110,2,72.84,145.68
ORD-000459,671a5b36-3c48-4567-a517-7dba3fb1d09f,2,753.18,1506.36
ORD-000460,85426297-26fc-49a2-a69e-0a4e6af9a45c,2,450.72,901.44
ORD-000460,15725fd3-bcc9-4d75-b86d-13a46fb28e30,1,634.32,634.32
ORD-000460,cc9e8554-b363-43de-94d4-cd8918d96dfb,1,420.15,420.15
ORD-000460,893204df-ac13-4689-9a88-7bca558213da,2,839.94,1679.88
ORD-000461,0166f91f-430b-4bdb-9f7a-561e622896ec,3,710.22,2130.66
ORD-000461,60b84dd6-d802-4494-8360-067cf1e8e22e,2,340.41,680.82
ORD-000461,deff3d30-fa21-4823-b63c-3d4e6842e6c5,3,149.41,448.23
ORD-000462,41465d3a-ed68-4b53-8996-44e7f759d179,1,640.25,640.25
ORD-000462,fb016ade-5c71-45c2-9cf9-04683455a4d4,1,930.77,930.77
ORD-000462,bf47ea32-f0cd-4cbe-89ea-3949a76eb378,2,489.09,978.18
ORD-000462,ee6671b0-66ad-4c31-8384-1f21d0621b8d,1,464.72,464.72
ORD-000462,ca25b56a-0fbb-4e75-90e5-e214ad3b390d,3,666.07,1998.21
ORD-000463,f7e68e0f-782c-4aac-a779-0c44ad195769,1,137.48,137.48
ORD-000463,050d253d-22dc-473f-813b-6faf3727d9a4,2,306.58,613.16
ORD-000464,1bf69c20-872b-4d71-b68d-62ddaa662a91,3,23.06,69.17999999999999
ORD-000464,f10acdec-95f8-4977-a21d-8254c9fbf5ba,3,325.45,976.3499999999999
ORD-000464,10f847f0-0a23-402a-bb45-480ffa6e1098,2,277.22,554.44
ORD-000465,9b91e12d-ce6e-4b84-8a85-1e6f0746fc96,3,743.82,2231.46
ORD-000465,8899b0dc-71a0-4fa0-a6b0-ac9f5ce7480c,2,19.68,39.36
ORD-000465,26fdd0a3-d3c1-4b32-958b-645ecf7fc069,2,957.73,1915.46
ORD-000466,cc9e8554-b363-43de-94d4-cd8918d96dfb,2,469.71,939.42
ORD-000466,8be9d6b9-e56b-4c5e-a460-748e7c075dae,2,592.4,1184.8
ORD-000466,c5cb56bf-36b3-4b90-9e9f-1e49aa762838,2,719.51,1439.02
ORD-000466,aff02d9a-6315-48db-bf3e-dcdb7e9d4d93,3,20.83,62.489999999999995
ORD-000467,c9360b39-4f2d-480b-82ce-6da8c789fa7f,3,507.28,1521.84
ORD-000467,419ec84b-1236-48c4-8bc5-a1a124851553,3,1005.39,3016.17
ORD-000467,df68296b-c1d5-4644-96ef-390a77c22380,2,142.13,284.26
ORD-000467,7bf80092-7e1d-4c0b-9907-d08c279385b7,3,547.85,1643.5500000000002
ORD-000468,1a037248-f604-4a40-8f01-a1ec98cba9ba,2,877.68,1755.36
ORD-000468,061a25ae-bdae-4ffd-90d4-f3ab3e8ecefe,1,257.84,257.84
ORD-000468,f9fc8038-04f0-432b-a50c-a7a5af2a2345,2,12.23,24.46
ORD-000468,588a421a-a76c-48f5-b9cc-3d7953860c8a,3,383.61,1150.83
ORD-000469,10483ae3-3fc2-4384-bd7a-62aea10b3754,3,697.48,2092.44
ORD-000470,b93cddf2-6537-4127-8ce2-624f9aa29834,2,222.21,444.42
ORD-000470,6e0a26d0-33df-4412-83c4-f2d36c0ac262,3,810.01,2430.0299999999997
ORD-000470,aaac043e-d176-493d-8b2f-408bdd5e57ad,3,381.48,1144.44
ORD-000470,1f2074d5-523f-42fc-b2e4-847619e94cc4,3,11.44,34.32
ORD-000470,5efd7556-eb0c-4dac-bf16-a67ac3bf34ab,1,495.54,495.54
ORD-000471,b93cddf2-6537-4127-8ce2-624f9aa29834,2,232.81,465.62
ORD-000471,2921a438-07b9-461e-95bf-ae0600aa711e,2,263.04,526.08
ORD-000471,7a5f0e72-27b0-4209-a5fc-b169a612ba9f,2,805.42,1610.84
ORD-000472,9be2b865-2317-4f5b-b405-3f012f0bb8fb,1,38.0,38.0
ORD-000472,8899b0dc-71a0-4fa0-a6b0-ac9f5ce7480c,3,20.89,62.67
ORD-000473,e3bfcdbd-04e2-4a88-a250-358045a9c86a,3,716.37,2149.11
ORD-000473,1f2074d5-523f-42fc-b2e4-847619e94cc4,2,10.23,20.46
ORD-000473,d772ec05-2262-4b97-8c5b-0d43fe6340db,1,97.06,97.06
ORD-000473,23ee362b-698c-426d-b18f-b3237ab9e2e7,2,332.56,665.12
ORD-000474,def4bb75-19e7-4d7c-8886-339395c44fc5,3,996.67,2990.0099999999998
ORD-000474,937bff8a-d5ab-43ab-b22a-f408ac90f9f1,3,1050.16,3150.4800000000005
ORD-000474,7c34cee5-7109-4ee9-9ee2-570dc90f5978,3,857.61,2572.83
ORD-000474,1c70a4e2-230e-46e1-9e16-4002dc16d033,3,1030.2,3090.6000000000004
ORD-000474,366aced0-fca0-4552-b005-693380619df5,3,367.35,1102.0500000000002
ORD-000475,dbbd5b7a-a62d-4a45-be8f-920ae39e8608,1,937.63,937.63
ORD-000476,4e71de59-4d7f-4ba4-908e-5b6eb0550621,3,735.73,2207.19
ORD-000476,97d6315b-705c-4cdf-a248-799ac6907757,3,54.86,164.57999999999998
ORD-000477,bf47ea32-f0cd-4cbe-89ea-3949a76eb378,2,499.1,998.2
ORD-000477,909c4825-1e5b-4389-b3fa-c87e6de42a78,1,506.02,506.02
ORD-000478,dbbd5b7a-a62d-4a45-be8f-920ae39e8608,2,815.58,1631.16
ORD-000478,f04f4f12-96b4-4d8e-aada-f268607e003c,2,712.2,1424.4
ORD-000478,2a9062a5-1a82-4732-863d-fa089ad07586,1,497.96,497.96
ORD-000478,366aced0-fca0-4552-b005-693380619df5,2,341.53,683.06
ORD-000479,5495fe5e-67f1-4652-aedc-41136b95eee7,2,429.01,858.02
ORD-000479,405bebd4-be7d-4505-a89f-6ef992011c8b,3,843.12,2529.36
ORD-000479,c5cb56bf-36b3-4b90-9e9f-1e49aa762838,3,684.74,2054.2200000000003
ORD-000479,dbd238cd-421d-41ef-a210-82c1c00cf62c,2,866.49,1732.98
ORD-000480,bd7b09b1-2139-484c-975c-6adc6bf68daa,3,220.08,660.24
ORD-000480,6059b6db-a71e-4aa4-a462-aa577d13efcd,2,78.77,157.54
ORD-000480,909c4825-1e5b-4389-b3fa-c87e6de42a78,1,545.3,545.3
ORD-000480,3855fb85-8e60-4c4c-8d0c-d5e1d0b73a24,2,55.07,110.14
ORD-000480,55ecc7b8-3b15-452b-b56f-ed44d9daea49,3,715.21,2145.63
ORD-000481,366aced0-fca0-4552-b005-693380619df5,1,374.84,374.84
ORD-000481,4208330c-150b-463f-a7c7-0673090914e8,3,537.6,1612.8000000000002
ORD-000481,7c34cee5-7109-4ee9-9ee2-570dc90f5978,3,870.93,2612.79
ORD-000481,405bebd4-be7d-4505-a89f-6ef992011c8b,1,794.87,794.87
ORD-000482,c9543a40-1b4c-4e7b-9ac1-572e5b495f5e,3,150.31,450.93
ORD-000482,ee6204b7-db26-4235-8b62-6e5b3224061d,3,775.73,2327.19
ORD-000483,631da773-6e64-4717-9bd6-3ea10ab8a8a8,1,539.6,539.6
ORD-000483,6672fd4f-9690-4544-a0aa-73d3d13c3143,3,876.22,2628.66
ORD-000483,41a3d19b-1c8e-4a8e-a78e-e77252917c55,2,725.69,1451.38
ORD-000483,b93cddf2-6537-4127-8ce2-624f9aa29834,3,235.8,707.4000000000001
ORD-000484,5a9eb21e-edd6-45d1-8aca-409e73e04659,3,400.15,1200.4499999999998
ORD-000484,89b21998-89f0-438d-9c22-841ebc194ee5,3,647.29,1941.87
ORD-000485,d11a42dd-8e96-4213-9ac0-1c7d97019f1e,2,81.19,162.38
ORD-000485,0dc39a14-a7b4-4bef-aed4-4e5d8a05457e,2,390.23,780.46
ORD-000485,63a41a01-c853-4665-b54a-1ee98a25cc24,2,549.67,1099.34
ORD-000485,df68296b-c1d5-4644-96ef-390a77c22380,1,142.97,142.97
ORD-000485,b93cddf2-6537-4127-8ce2-624f9aa29834,1,222.36,222.36
ORD-000486,c9360b39-4f2d-480b-82ce-6da8c789fa7f,3,486.63,1459.8899999999999
ORD-000486,588a421a-a76c-48f5-b9cc-3d7953860c8a,1,376.61,376.61
ORD-000487,909c4825-1e5b-4389-b3fa-c87e6de42a78,2,595.77,1191.54
ORD-000487,e3bfcdbd-04e2-4a88-a250-358045a9c86a,2,835.52,1671.04
ORD-000487,71cc17b0-7afa-4146-b237-990ccd566c1c,3,500.17,1500.51
ORD-000487,8a5a9ca5-73e4-4ebd-91df-9e78783ac1fd,1,36.05,36.05
ORD-000488,0166f91f-430b-4bdb-9f7a-561e622896ec,3,626.56,1879.6799999999998
ORD-000489,5efd7556-eb0c-4dac-bf16-a67ac3bf34ab,1,495.11,495.11
ORD-000490,fa407e03-eb2d-4941-86fb-c31db86db758,3,307.29,921.8700000000001
ORD-000491,2a9062a5-1a82-4732-863d-fa089ad07586,2,483.65,967.3
ORD-000491,2921a438-07b9-461e-95bf-ae0600aa711e,2,260.57,521.14
ORD-000492,b70acae6-2103-41b9-a113-f23f9b293a5d,1,423.09,423.09
ORD-000493,2e8fd2aa-3e7f-4fb1-aa6b-1c3738a5a388,2,591.65,1183.3
ORD-000493,6672fd4f-9690-4544-a0aa-73d3d13c3143,1,797.86,797.86
ORD-000493,b93cddf2-6537-4127-8ce2-624f9aa29834,2,221.56,443.12
ORD-000493,c5784eab-50a3-47c7-8dbe-00213caf5933,3,675.57,2026.71
ORD-000494,63c48bf1-fad6-4da1-8140-67b2bb06d791,2,622.9,1245.8
ORD-000494,2aa43396-ca8f-433d-b472-4df14fcbbadf,1,339.99,339.99
ORD-000494,1f2074d5-523f-42fc-b2e4-847619e94cc4,3,10.91,32.730000000000004
ORD-000494,5e97e495-e132-433b-9087-b8df43ed91c6,1,87.97,87.97
ORD-000495,16664571-6011-4d6e-b585-66afb586279a,3,573.95,1721.8500000000001
ORD-000495,b0d968cc-2620-4a46-9cdc-3171d64b59b6,2,304.02,608.04
ORD-000495,28ceec8b-a2b2-40ba-a0f6-14292187fede,2,729.51,1459.02
ORD-000495,1f2074d5-523f-42fc-b2e4-847619e94cc4,1,11.56,11.56
ORD-000496,bfc6e01d-0aeb-4c5c-906e-9c4b32bd6a2c,1,429.29,429.29
ORD-000496,d74ab3e8-a38b-4065-b223-4565aaade398,2,398.14,796.28
ORD-000496,0d7a085b-b4d5-419f-ad5e-9f79d6908bb0,3,886.39,2659.17
ORD-000496,10f6e3af-8e9e-4f38-811a-f929a91d59eb,1,256.86,256.86
ORD-000497,aff02d9a-6315-48db-bf3e-dcdb7e9d4d93,2,21.86,43.72
ORD-000497,6382aa8f-7015-49da-8e2b-33206e5d3fb4,3,26.19,78.57000000000001
ORD-000497,6ebe25ff-c064-4e89-8b8a-59882bad12d8,2,208.87,417.74
ORD-000497,4375b157-2438-422b-aa81-33c6480a48b2,2,335.16,670.32
ORD-000497,ad82f489-80fb-4ab2-bdcb-13e79d0e35fb,1,673.63,673.63
ORD-000498,dbbd5b7a-a62d-4a45-be8f-920ae39e8608,3,884.93,2654.79
ORD-000498,21f90a72-45a0-4a27-aeaa-7f370cca438e,3,86.44,259.32
ORD-000499,28ceec8b-a2b2-40ba-a0f6-14292187fede,3,760.86,2282.58
ORD-000499,c5cb56bf-36b3-4b90-9e9f-1e49aa762838,3,664.44,1993.3200000000002
ORD-000499,d772ec05-2262-4b97-8c5b-0d43fe6340db,1,101.3,101.3
ORD-000499,60d6813e-5f16-468e-9c55-9bef30b5a553,1,504.86,504.86
ORD-000500,ff22512f-6c6f-4752-9f58-caec61b6cb91,3,691.89,2075.67
ORD-000500,90cd07ed-a352-4b36-a0cc-b00bc3a206d0,2,13.58,27.16
ORD-000501,def4bb75-19e7-4d7c-8886-339395c44fc5,3,931.37,2794.11
ORD-000501,9bc4a986-aa96-4d57-b920-cf93e12654d8,1,275.65,275.65
ORD-000501,9b91e12d-ce6e-4b84-8a85-1e6f0746fc96,3,742.21,2226.63
ORD-000502,60d6813e-5f16-468e-9c55-9bef30b5a553,3,513.04,1539.12
ORD-000502,050d253d-22dc-473f-813b-6faf3727d9a4,1,356.84,356.84
ORD-000502,f8fe12a5-1e45-46db-b206-769db4270f04,2,887.42,1774.84
ORD-000502,3278b24e-b3ba-4f5e-b1ac-eee48208f7d9,2,788.27,1576.54
ORD-000503,7bf80092-7e1d-4c0b-9907-d08c279385b7,2,553.06,1106.12
ORD-000503,da096c2a-6ee1-4f2c-83b3-0f2f76fe15c9,1,147.22,147.22
ORD-000503,10483ae3-3fc2-4384-bd7a-62aea10b3754,1,803.1,803.1
ORD-000503,aaac043e-d176-493d-8b2f-408bdd5e57ad,3,427.88,1283.6399999999999
ORD-000504,2f0b1d71-f73d-47c1-b0be-55161f273d55,3,688.62,2065.86
ORD-000504,f8fe12a5-1e45-46db-b206-769db4270f04,2,828.15,1656.3
ORD-000504,3d75e4dd-8c0d-4ca1-b8fc-94899558f59d,3,321.42,964.26
ORD-000504,3855fb85-8e60-4c4c-8d0c-d5e1d0b73a24,1,56.57,56.57
ORD-000504,b70acae6-2103-41b9-a113-f23f9b293a5d,3,430.52,1291.56
ORD-000505,5a9eb21e-edd6-45d1-8aca-409e73e04659,2,421.16,842.32
ORD-000505,6672fd4f-9690-4544-a0aa-73d3d13c3143,1,876.26,876.26
ORD-000506,90ef69e2-4c38-4a58-abf2-7ca075f0ef61,2,379.33,758.66
ORD-000506,2921a438-07b9-461e-95bf-ae0600aa711e,1,243.62,243.62
ORD-000507,c5784eab-50a3-47c7-8dbe-00213caf5933,2,776.91,1553.82
ORD-000507,67ec5461-6b1d-41ec-84d3-3b4ffe2f9592,3,152.87,458.61
ORD-000507,bce24858-fad5-4c3f-98b1-e71187222c2b,2,475.92,951.84
ORD-000507,3d3df6c1-f288-472e-a21b-3132cb59b383,3,555.65,1666.9499999999998
ORD-000507,fa407e03-eb2d-4941-86fb-c31db86db758,2,353.96,707.92
ORD-000508,4ff0f9b1-185b-464f-a09f-8af3db013013,3,382.21,1146.6299999999999
ORD-000508,6672fd4f-9690-4544-a0aa-73d3d13c3143,3,842.9,2528.7
ORD-000508,e4f440b3-e2e8-4c4c-b460-5938baf5fc34,3,694.83,2084.4900000000002
ORD-000508,37e48379-d810-4be1-90e2-195c0f2f6de5,1,180.51,180.51
ORD-000509,0d7a085b-b4d5-419f-ad5e-9f79d6908bb0,3,874.91,2624.73
ORD-000510,9ef2e0e9-2048-4cf7-a441-d92d6fdc3f63,1,925.22,925.22
ORD-000510,7c34cee5-7109-4ee9-9ee2-570dc90f5978,1,859.5,859.5
ORD-000510,60b84dd6-d802-4494-8360-067cf1e8e22e,2,298.93,597.86
ORD-000511,e3bfcdbd-04e2-4a88-a250-358045a9c86a,3,780.4,2341.2
ORD-000511,33842d9c-8a4f-479f-953b-efa0ab91e543,2,733.31,1466.62
ORD-000512,41465d3a-ed68-4b53-8996-44e7f759d179,1,628.15,628.15
ORD-000512,fa407e03-eb2d-4941-86fb-c31db86db758,2,309.02,618.04
ORD-000512,3cecfc42-0caa-4b16-8136-54fbbbef5d7e,1,965.42,965.42
ORD-000512,909c4825-1e5b-4389-b3fa-c87e6de42a78,3,521.59,1564.77
ORD-000513,8569c478-c99b-4c60-be7e-5a1563b3a4e2,2,570.28,1140.56
ORD-000513,cc9e8554-b363-43de-94d4-cd8918d96dfb,3,429.8,1289.4
ORD-000513,ff22512f-6c6f-4752-9f58-caec61b6cb91,1,630.52,630.52
ORD-000513,2921a438-07b9-461e-95bf-ae0600aa711e,2,263.25,526.5
ORD-000514,10f6e3af-8e9e-4f38-811a-f929a91d59eb,3,245.54,736.62
ORD-000515,c5784eab-50a3-47c7-8dbe-00213caf5933,1,789.36,789.36
ORD-000515,7c34cee5-7109-4ee9-9ee2-570dc90f5978,2,923.8,1847.6
ORD-000515,2393bff1-4e45-46ea-a406-e25b2af55019,3,494.01,1482.03
ORD-000515,8899b0dc-71a0-4fa0-a6b0-ac9f5ce7480c,1,19.84,19.84
ORD-000515,c9543a40-1b4c-4e7b-9ac1-572e5b495f5e,3,163.38,490.14
ORD-000516,e4f440b3-e2e8-4c4c-b460-5938baf5fc34,3,761.23,2283.69
ORD-000517,b0bf5af1-fb0c-44d2-a03e-9803a9d3d464,1,165.72,165.72
ORD-000517,315e1105-d13a-4238-9da3-93dd8555b2b0,3,640.74,1922.22
ORD-000517,2393bff1-4e45-46ea-a406-e25b2af55019,2,538.59,1077.18
ORD-000517,8d81191f-438b-4926-bebb-c3e8f4501a6a,1,554.86,554.86
ORD-000517,faab82fa-51cf-4676-bff7-2f7bf7b28cf3,3,670.96,2012.88
ORD-000518,74d41359-c624-44ba-8f3e-f9a3c9978f5a,3,596.55,1789.6499999999999
ORD-000518,dbd238cd-421d-41ef-a210-82c1c00cf62c,3,944.26,2832.7799999999997
ORD-000519,9077a69a-7977-4d2e-bee5-aadf01e84cc6,3,847.87,2543.61
ORD-000519,faab82fa-51cf-4676-bff7-2f7bf7b28cf3,1,693.93,693.93
ORD-000519,68d81f9a-9cc0-4b20-9838-257ad1927777,1,109.49,109.49
ORD-000519,fa85c5bc-4464-4fe6-8dbe-c31c9deff2a4,3,166.18,498.54
ORD-000520,faab82fa-51cf-4676-bff7-2f7bf7b28cf3,2,665.84,1331.68
ORD-000520,3f35308c-7fb2-4c8c-8aaa-2f60914da1cc,2,271.16,542.32
ORD-000521,5efd7556-eb0c-4dac-bf16-a67ac3bf34ab,1,479.44,479.44
ORD-000521,454b7ebc-fee8-4590-a620-8eb467fecb64,2,568.23,1136.46
ORD-000522,75be87b1-b37b-4a23-aed6-08cc34a651ac,2,434.32,868.64
ORD-000522,23584003-2f84-4c24-b742-910c8bd156f0,2,573.55,1147.1
ORD-000523,05d41c69-92c2-48e8-ae4f-ba81c15eb0f9,3,265.8,797.4000000000001
ORD-000523,63a41a01-c853-4665-b54a-1ee98a25cc24,3,601.02,1803.06
ORD-000523,2e8fd2aa-3e7f-4fb1-aa6b-1c3738a5a388,2,611.88,1223.76
ORD-000523,bfc6e01d-0aeb-4c5c-906e-9c4b32bd6a2c,2,396.8,793.6
ORD-000523,67ec5461-6b1d-41ec-84d3-3b4ffe2f9592,2,154.53,309.06
ORD-000524,ee6671b0-66ad-4c31-8384-1f21d0621b8d,2,447.9,895.8
ORD-000525,7f860829-11cb-4357-9a02-efdfb77649ae,2,676.98,1353.96
ORD-000525,9b91e12d-ce6e-4b84-8a85-1e6f0746fc96,2,668.09,1336.18
ORD-000526,6ebe25ff-c064-4e89-8b8a-59882bad12d8,3,219.42,658.26
ORD-000526,6382aa8f-7015-49da-8e2b-33206e5d3fb4,1,25.37,25.37
ORD-000526,faab82fa-51cf-4676-bff7-2f7bf7b28cf3,2,783.03,1566.06
ORD-000527,2393bff1-4e45-46ea-a406-e25b2af55019,2,554.79,1109.58
ORD-000527,68d81f9a-9cc0-4b20-9838-257ad1927777,1,100.26,100.26
ORD-000527,909c4825-1e5b-4389-b3fa-c87e6de42a78,2,517.65,1035.3
ORD-000527,8569c478-c99b-4c60-be7e-5a1563b3a4e2,2,570.81,1141.62
ORD-000527,bfc6e01d-0aeb-4c5c-906e-9c4b32bd6a2c,2,478.47,956.94
ORD-000528,3cecfc42-0caa-4b16-8136-54fbbbef5d7e,1,915.13,915.13
ORD-000528,4f81a909-a41c-4d86-a956-3dfa8676343c,3,627.74,1883.22
ORD-000528,937bff8a-d5ab-43ab-b22a-f408ac90f9f1,2,907.18,1814.36
ORD-000529,454b4bb2-e284-45c4-bbdf-2eb6aa50e3f4,2,592.78,1185.56
ORD-000529,e4f440b3-e2e8-4c4c-b460-5938baf5fc34,1,768.92,768.92
ORD-000529,f8fe12a5-1e45-46db-b206-769db4270f04,2,931.89,1863.78
ORD-000529,7c34cee5-7109-4ee9-9ee2-570dc90f5978,2,906.03,1812.06
ORD-000529,63a41a01-c853-4665-b54a-1ee98a25cc24,3,566.73,1700.19
ORD-000530,68457cfd-15e1-4596-a81f-3df9fe90b61c,1,757.59,757.59
ORD-000530,050d253d-22dc-473f-813b-6faf3727d9a4,3,322.56,967.6800000000001
ORD-000530,d74ab3e8-a38b-4065-b223-4565aaade398,3,350.79,1052.3700000000001
ORD-000531,6f13ee39-c753-4c6e-a1d5-280ae443373b,1,410.53,410.53
ORD-000532,23584003-2f84-4c24-b742-910c8bd156f0,2,592.68,1185.36
ORD-000532,c5cb56bf-36b3-4b90-9e9f-1e49aa762838,3,697.87,2093.61
ORD-000532,454b4bb2-e284-45c4-bbdf-2eb6aa50e3f4,3,499.39,1498.17
ORD-000532,70d242a2-d6e6-49b2-82dd-dc10f9505de7,3,496.79,1490.3700000000001
ORD-000533,193b42ad-40fd-462a-b98e-b77cc9f6e888,3,41.36,124.08
ORD-000533,b67caa36-478c-44e8-955c-980b0edb39fc,1,1061.44,1061.44
ORD-000533,6ebe25ff-c064-4e89-8b8a-59882bad12d8,3,219.36,658.08
ORD-000533,e4f440b3-e2e8-4c4c-b460-5938baf5fc34,1,746.69,746.69
ORD-000534,b0d968cc-2620-4a46-9cdc-3171d64b59b6,3,252.42,757.26
ORD-000534,6e0a26d0-33df-4412-83c4-f2d36c0ac262,2,915.87,1831.74
ORD-000535,9bc4a986-aa96-4d57-b920-cf93e12654d8,3,241.43,724.29
ORD-000535,aff02d9a-6315-48db-bf3e-dcdb7e9d4d93,2,24.3,48.6
ORD-000535,7c34cee5-7109-4ee9-9ee2-570dc90f5978,1,843.5,843.5
ORD-000536,41465d3a-ed68-4b53-8996-44e7f759d179,1,638.17,638.17
ORD-000536,fa407e03-eb2d-4941-86fb-c31db86db758,3,331.25,993.75
ORD-000537,420bcdba-4659-4262-8b2a-e1be49145905,1,232.16,232.16
ORD-000537,7a5f0e72-27b0-4209-a5fc-b169a612ba9f,3,823.5,2470.5
ORD-000537,21f90a72-45a0-4a27-aeaa-7f370cca438e,3,95.21,285.63
ORD-000537,60d6813e-5f16-468e-9c55-9bef30b5a553,3,520.28,1560.84
ORD-000538,dbd238cd-421d-41ef-a210-82c1c00cf62c,2,1037.71,2075.42
ORD-000538,45b5ae49-50c4-4c7a-bc7f-d2216d170c3f,1,239.53,239.53
ORD-000539,5495fe5e-67f1-4652-aedc-41136b95eee7,3,415.31,1245.93
ORD-000540,33842d9c-8a4f-479f-953b-efa0ab91e543,1,739.96,739.96
ORD-000540,da67f0be-e782-4f46-adf3-77b094d80592,3,278.89,836.67
ORD-000540,f04f4f12-96b4-4d8e-aada-f268607e003c,3,637.5,1912.5
ORD-000540,b70acae6-2103-41b9-a113-f23f9b293a5d,2,405.46,810.92
ORD-000541,70d242a2-d6e6-49b2-82dd-dc10f9505de7,2,488.38,976.76
ORD-000541,deff3d30-fa21-4823-b63c-3d4e6842e6c5,1,157.03,157.03
ORD-000541,532fb4b4-b30a-4ecd-a59f-88383b1b4111,1,731.29,731.29
ORD-000541,366aced0-fca0-4552-b005-693380619df5,2,377.66,755.32
ORD-000542,4f81a909-a41c-4d86-a956-3dfa8676343c,1,667.05,667.05
ORD-000542,10f847f0-0a23-402a-bb45-480ffa6e1098,1,304.96,304.96
ORD-000542,94ba6334-cdc4-44a9-ab94-f80a2c07b053,1,629.29,629.29
ORD-000543,d11a42dd-8e96-4213-9ac0-1c7d97019f1e,2,84.89,169.78
ORD-000543,fd8ababa-b19a-4e03-9b81-8402dc09b8b0,3,305.9,917.6999999999999
ORD-000544,2393bff1-4e45-46ea-a406-e25b2af55019,3,570.31,1710.9299999999998
ORD-000545,c5784eab-50a3-47c7-8dbe-00213caf5933,1,719.29,719.29
ORD-000545,8a5a9ca5-73e4-4ebd-91df-9e78783ac1fd,2,35.91,71.82
ORD-000546,6f13ee39-c753-4c6e-a1d5-280ae443373b,1,418.7,418.7
ORD-000546,deff3d30-fa21-4823-b63c-3d4e6842e6c5,3,144.05,432.15000000000003
ORD-000547,fd3507a2-3ab7-491f-984f-099ccd09eb79,1,997.11,997.11
ORD-000548,1a037248-f604-4a40-8f01-a1ec98cba9ba,1,861.33,861.33
ORD-000549,26dc7e49-f0e9-49a9-a86d-6d43c48fcb61,1,518.41,518.41
ORD-000549,fd3507a2-3ab7-491f-984f-099ccd09eb79,1,921.47,921.47
ORD-000549,87db6283-4935-4d50-b89b-026c1918a3f4,2,165.29,330.58
ORD-000549,937bff8a-d5ab-43ab-b22a-f408ac90f9f1,2,908.38,1816.76
ORD-000550,2a9062a5-1a82-4732-863d-fa089ad07586,1,514.43,514.43
ORD-000550,10f6e3af-8e9e-4f38-811a-f929a91d59eb,2,251.75,503.5
ORD-000550,10483ae3-3fc2-4384-bd7a-62aea10b3754,3,774.92,2324.7599999999998
ORD-000550,0a803a1e-a34d-4d81-9dec-33146a0142b7,2,171.42,342.84
ORD-000550,2aa43396-ca8f-433d-b472-4df14fcbbadf,3,386.13,1158.3899999999999
ORD-000551,2f0b1d71-f73d-47c1-b0be-55161f273d55,1,669.54,669.54
ORD-000551,ba6ea82d-d057-4aef-8f9e-030ff94edeea,3,46.19,138.57
ORD-000552,23584003-2f84-4c24-b742-910c8bd156f0,1,604.35,604.35
ORD-000552,061a25ae-bdae-4ffd-90d4-f3ab3e8ecefe,2,241.48,482.96
ORD-000552,6ebe25ff-c064-4e89-8b8a-59882bad12d8,2,209.0,418.0
ORD-000552,0dc39a14-a7b4-4bef-aed4-4e5d8a05457e,2,335.95,671.9
ORD-000552,7425f7d5-c9e3-4485-b539-cf6ebe8f8a25,1,831.46,831.46
ORD-000553,c5784eab-50a3-47c7-8dbe-00213caf5933,3,789.6,2368.8
ORD-000553,5ba9f94f-7c5f-407d-ad88-c5c264376435,2,827.62,1655.24
ORD-000553,909c4825-1e5b-4389-b3fa-c87e6de42a78,3,572.11,1716.33
ORD-000553,1a037248-f604-4a40-8f01-a1ec98cba9ba,1,938.28,938.28
ORD-000554,419ec84b-1236-48c4-8bc5-a1a124851553,3,994.6,2983.8
ORD-000554,fa85c5bc-4464-4fe6-8dbe-c31c9deff2a4,1,157.21,157.21
ORD-000554,5495fe5e-67f1-4652-aedc-41136b95eee7,3,426.65,1279.9499999999998
ORD-000554,b0bf5af1-fb0c-44d2-a03e-9803a9d3d464,3,162.72,488.15999999999997
ORD-000554,f8fe12a5-1e45-46db-b206-769db4270f04,2,838.41,1676.82
ORD-000555,4b8df45f-8e44-4f15-bd8f-a378a0c58905,1,758.49,758.49
ORD-000555,f9fc8038-04f0-432b-a50c-a7a5af2a2345,3,11.39,34.17
ORD-000556,fb016ade-5c71-45c2-9cf9-04683455a4d4,3,889.43,2668.29
ORD-000556,bce24858-fad5-4c3f-98b1-e71187222c2b,2,442.98,885.96
ORD-000556,f8fe12a5-1e45-46db-b206-769db4270f04,2,835.78,1671.56
ORD-000557,15725fd3-bcc9-4d75-b86d-13a46fb28e30,2,560.92,1121.84
ORD-000558,631da773-6e64-4717-9bd6-3ea10ab8a8a8,1,475.03,475.03
ORD-000558,dbd238cd-421d-41ef-a210-82c1c00cf62c,3,1006.16,3018.48
ORD-000558,9b91e12d-ce6e-4b84-8a85-1e6f0746fc96,2,773.51,1547.02
ORD-000558,2a9062a5-1a82-4732-863d-fa089ad07586,2,488.67,977.34
ORD-000558,e4f440b3-e2e8-4c4c-b460-5938baf5fc34,1,801.36,801.36
ORD-000559,63a41a01-c853-4665-b54a-1ee98a25cc24,1,531.22,531.22
ORD-000559,742d2c92-fcf6-4364-9bde-4490b7e5bb90,2,865.03,1730.06
ORD-000559,41465d3a-ed68-4b53-8996-44e7f759d179,3,735.55,2206.6499999999996
ORD-000559,33842d9c-8a4f-479f-953b-efa0ab91e543,2,618.31,1236.62
ORD-000559,ef5f3f32-50c4-44aa-a8cf-b70c38a7c67e,1,163.83,163.83
ORD-000560,fa407e03-eb2d-4941-86fb-c31db86db758,2,361.79,723.58
ORD-000560,70d242a2-d6e6-49b2-82dd-dc10f9505de7,1,470.01,470.01
ORD-000561,45b5ae49-50c4-4c7a-bc7f-d2216d170c3f,1,237.32,237.32
ORD-000562,3a8579a0-82ca-4403-8e61-9e860a8aa440,2,355.55,711.1
ORD-000563,ef5f3f32-50c4-44aa-a8cf-b70c38a7c67e,3,190.95,572.8499999999999
ORD-000563,90cd07ed-a352-4b36-a0cc-b00bc3a206d0,3,15.51,46.53
ORD-000564,a41172e5-d44c-45e7-a8b1-243eee76a01d,1,357.9,357.9
ORD-000564,9077a69a-7977-4d2e-bee5-aadf01e84cc6,2,969.01,1938.02
ORD-000565,419ec84b-1236-48c4-8bc5-a1a124851553,1,1014.92,1014.92
ORD-000565,df68296b-c1d5-4644-96ef-390a77c22380,3,132.57,397.71
ORD-000566,5365a6b3-f8c1-4cba-b21f-bda73e899461,1,148.14,148.14
ORD-000566,d1f03c1c-8c75-4b6a-856e-4d8177b8e3b5,2,985.06,1970.12
ORD-000566,ff22512f-6c6f-4752-9f58-caec61b6cb91,3,688.93,2066.79
ORD-000567,8899b0dc-71a0-4fa0-a6b0-ac9f5ce7480c,3,19.49,58.47
ORD-000567,2aa43396-ca8f-433d-b472-4df14fcbbadf,1,366.08,366.08
ORD-000567,5495fe5e-67f1-4652-aedc-41136b95eee7,3,421.19,1263.57
ORD-000567,fb016ade-5c71-45c2-9cf9-04683455a4d4,2,877.58,1755.16
ORD-000568,10483ae3-3fc2-4384-bd7a-62aea10b3754,3,786.31,2358.93
ORD-000568,7b766140-2096-40c6-bd41-30e19a9cfa16,3,1027.72,3083.16
ORD-000568,fa407e03-eb2d-4941-86fb-c31db86db758,2,322.61,645.22
ORD-000569,631da773-6e64-4717-9bd6-3ea10ab8a8a8,3,454.74,1364.22
ORD-000569,28ceec8b-a2b2-40ba-a0f6-14292187fede,1,847.17,847.17
ORD-000569,8e0f4ddc-7f59-4218-b3c4-d3f34125168a,2,98.25,196.5
ORD-000569,8d81191f-438b-4926-bebb-c3e8f4501a6a,2,566.67,1133.34
ORD-000569,6672fd4f-9690-4544-a0aa-73d3d13c3143,2,906.04,1812.08
ORD-000570,70343e52-0a89-43cb-86df-8ddaaf47dff1,2,598.03,1196.06
ORD-000570,5365a6b3-f8c1-4cba-b21f-bda73e899461,1,170.87,170.87
ORD-000570,6e0a26d0-33df-4412-83c4-f2d36c0ac262,2,874.14,1748.28
ORD-000571,5ba9f94f-7c5f-407d-ad88-c5c264376435,3,880.94,2642.82
ORD-000571,8e0f4ddc-7f59-4218-b3c4-d3f34125168a,2,90.71,181.42
ORD-000571,94ba6334-cdc4-44a9-ab94-f80a2c07b053,2,563.91,1127.82
ORD-000571,671a5b36-3c48-4567-a517-7dba3fb1d09f,2,801.62,1603.24
ORD-000572,ca25b56a-0fbb-4e75-90e5-e214ad3b390d,2,659.91,1319.82
ORD-000573,d11a42dd-8e96-4213-9ac0-1c7d97019f1e,3,80.79,242.37
ORD-000573,cc9e8554-b363-43de-94d4-cd8918d96dfb,2,503.44,1006.88
ORD-000573,63c48bf1-fad6-4da1-8140-67b2bb06d791,1,560.86,560.86
ORD-000573,0a803a1e-a34d-4d81-9dec-33146a0142b7,2,151.03,302.06
ORD-000573,bfc6e01d-0aeb-4c5c-906e-9c4b32bd6a2c,1,420.57,420.57
ORD-000574,8e0f4ddc-7f59-4218-b3c4-d3f34125168a,1,95.37,95.37
ORD-000574,405bebd4-be7d-4505-a89f-6ef992011c8b,1,912.8,912.8
ORD-000574,0fa5d429-0e39-4bb5-8b14-2d77fd17e378,3,617.1,1851.3000000000002
ORD-000575,60d6813e-5f16-468e-9c55-9bef30b5a553,2,606.0,1212.0
ORD-000575,0fa5d429-0e39-4bb5-8b14-2d77fd17e378,3,619.22,1857.66
ORD-000575,405bebd4-be7d-4505-a89f-6ef992011c8b,1,825.41,825.41
ORD-000576,ad82f489-80fb-4ab2-bdcb-13e79d0e35fb,2,597.83,1195.66
ORD-000576,f7aa4564-5e47-4f7b-bf6d-acd15d81d874,3,971.01,2913.0299999999997
ORD-000577,5365a6b3-f8c1-4cba-b21f-bda73e899461,2,169.92,339.84
ORD-000577,ef5f3f32-50c4-44aa-a8cf-b70c38a7c67e,2,168.76,337.52
ORD-000577,da096c2a-6ee1-4f2c-83b3-0f2f76fe15c9,1,143.05,143.05
ORD-000577,a6abb6d5-04a1-44a8-ab10-f1f274300e03,1,845.79,845.79
ORD-000577,63a41a01-c853-4665-b54a-1ee98a25cc24,3,562.72,1688.16
ORD-000578,deff3d30-fa21-4823-b63c-3d4e6842e6c5,2,135.31,270.62
ORD-000579,5ba9f94f-7c5f-407d-ad88-c5c264376435,2,913.5,1827.0
ORD-000580,33842d9c-8a4f-479f-953b-efa0ab91e543,2,705.65,1411.3
ORD-000580,3a8579a0-82ca-4403-8e61-9e860a8aa440,2,344.22,688.44
ORD-000580,67ec5461-6b1d-41ec-84d3-3b4ffe2f9592,3,154.06,462.18
ORD-000580,315e1105-d13a-4238-9da3-93dd8555b2b0,2,695.06,1390.12
ORD-000581,67ec5461-6b1d-41ec-84d3-3b4ffe2f9592,3,156.88,470.64
ORD-000581,ca25b56a-0fbb-4e75-90e5-e214ad3b390d,3,661.41,1984.23
ORD-000581,94cae71c-088a-4a34-a24f-4a036fd8264a,3,634.56,1903.6799999999998
ORD-000582,c3522c3b-6d84-4b59-8d46-dfd3c8e5a9d2,2,407.97,815.94
ORD-000582,faab82fa-51cf-4676-bff7-2f7bf7b28cf3,1,692.34,692.34
ORD-000582,b93cddf2-6537-4127-8ce2-624f9aa29834,2,235.18,470.36
ORD-000582,ef7d92e4-6287-4a2d-8551-d5d2a4a51d5d,2,636.09,1272.18
ORD-000582,d08c345b-0596-4dd7-9867-6b5d4077070d,1,127.12,127.12
ORD-000583,937bff8a-d5ab-43ab-b22a-f408ac90f9f1,2,894.75,1789.5
ORD-000583,8c205c60-3b62-4af1-8e3b-6d36315814ae,1,894.9,894.9
ORD-000583,aff02d9a-6315-48db-bf3e-dcdb7e9d4d93,2,21.26,42.52
ORD-000583,87db6283-4935-4d50-b89b-026c1918a3f4,1,148.03,148.03
ORD-000583,cc9e8554-b363-43de-94d4-cd8918d96dfb,3,423.97,1271.91
ORD-000584,df68296b-c1d5-4644-96ef-390a77c22380,2,151.53,303.06
ORD-000584,6382aa8f-7015-49da-8e2b-33206e5d3fb4,2,24.63,49.26
ORD-000585,cc50103c-c090-40dd-b09e-129491b983e4,2,441.06,882.12
ORD-000586,ede6f4f1-bcc6-44d7-9392-ab4a6ce2a110,3,72.67,218.01
ORD-000586,f8fe12a5-1e45-46db-b206-769db4270f04,1,883.39,883.39
ORD-000586,da67f0be-e782-4f46-adf3-77b094d80592,2,274.28,548.56
ORD-000586,cc50103c-c090-40dd-b09e-129491b983e4,3,421.79,1265.3700000000001
ORD-000587,3855fb85-8e60-4c4c-8d0c-d5e1d0b73a24,1,57.76,57.76
ORD-000587,dbd238cd-421d-41ef-a210-82c1c00cf62c,3,1013.65,3040.95
ORD-000587,9be2b865-2317-4f5b-b405-3f012f0bb8fb,3,39.16,117.47999999999999
ORD-000587,41a3d19b-1c8e-4a8e-a78e-e77252917c55,3,731.97,2195.91
ORD-000588,37e48379-d810-4be1-90e2-195c0f2f6de5,2,187.46,374.92
ORD-000589,0dc39a14-a7b4-4bef-aed4-4e5d8a05457e,2,366.57,733.14
ORD-000589,3855fb85-8e60-4c4c-8d0c-d5e1d0b73a24,1,53.32,53.32
ORD-000589,315e1105-d13a-4238-9da3-93dd8555b2b0,1,737.83,737.83
ORD-000590,ef5f3f32-50c4-44aa-a8cf-b70c38a7c67e,3,176.71,530.13
ORD-000590,aff02d9a-6315-48db-bf3e-dcdb7e9d4d93,2,23.1,46.2
ORD-000591,7425f7d5-c9e3-4485-b539-cf6ebe8f8a25,2,844.89,1689.78
ORD-000591,315e1105-d13a-4238-9da3-93dd8555b2b0,3,654.74,1964.22
ORD-000592,9bc4a986-aa96-4d57-b920-cf93e12654d8,2,251.15,502.3
ORD-000592,6382aa8f-7015-49da-8e2b-33206e5d3fb4,3,23.27,69.81
ORD-000593,8a5a9ca5-73e4-4ebd-91df-9e78783ac1fd,2,33.06,66.12
ORD-000593,63c48bf1-fad6-4da1-8140-67b2bb06d791,1,577.16,577.16
ORD-000593,2e8fd2aa-3e7f-4fb1-aa6b-1c3738a5a388,3,510.29,1530.8700000000001
ORD-000593,75be87b1-b37b-4a23-aed6-08cc34a651ac,1,368.3,368.3
ORD-000593,7b766140-2096-40c6-bd41-30e19a9cfa16,3,974.95,2924.8500000000004
ORD-000594,cc50103c-c090-40dd-b09e-129491b983e4,1,395.91,395.91
ORD-000594,dbbd5b7a-a62d-4a45-be8f-920ae39e8608,1,857.26,857.26
ORD-000594,bf47ea32-f0cd-4cbe-89ea-3949a76eb378,3,549.32,1647.96
ORD-000594,3d3df6c1-f288-472e-a21b-3132cb59b383,2,528.97,1057.94
ORD-000595,7a5f0e72-27b0-4209-a5fc-b169a612ba9f,3,810.64,2431.92
ORD-000596,def4bb75-19e7-4d7c-8886-339395c44fc5,2,1067.59,2135.18
ORD-000596,94ba6334-cdc4-44a9-ab94-f80a2c07b053,1,613.25,613.25
ORD-000596,23584003-2f84-4c24-b742-910c8bd156f0,3,541.2,1623.6000000000001
ORD-000596,3f35308c-7fb2-4c8c-8aaa-2f60914da1cc,2,238.01,476.02
ORD-000597,8c205c60-3b62-4af1-8e3b-6d36315814ae,3,934.8,2804.3999999999996
ORD-000598,b70acae6-2103-41b9-a113-f23f9b293a5d,1,406.24,406.24
ORD-000598,d74ab3e8-a38b-4065-b223-4565aaade398,1,403.99,403.99
ORD-000598,8899b0dc-71a0-4fa0-a6b0-ac9f5ce7480c,3,19.59,58.769999999999996
ORD-000598,4b62729d-5443-4aea-9021-7b3065cb276f,3,802.24,2406.7200000000003
ORD-000598,454b7ebc-fee8-4590-a620-8eb467fecb64,1,593.61,593.61
ORD-000599,63a41a01-c853-4665-b54a-1ee98a25cc24,1,621.21,621.21
ORD-000599,70343e52-0a89-43cb-86df-8ddaaf47dff1,2,640.44,1280.88
ORD-000599,63c48bf1-fad6-4da1-8140-67b2bb06d791,1,557.56,557.56
ORD-000599,420bcdba-4659-4262-8b2a-e1be49145905,2,208.09,416.18
ORD-000600,df68296b-c1d5-4644-96ef-390a77c22380,1,154.33,154.33
ORD-000601,7f860829-11cb-4357-9a02-efdfb77649ae,3,623.39,1870.17
ORD-000601,c3522c3b-6d84-4b59-8d46-dfd3c8e5a9d2,2,436.18,872.36
ORD-000602,23584003-2f84-4c24-b742-910c8bd156f0,3,553.74,1661.22
ORD-000602,6764c33e-0b6b-436f-a668-17d7c7446edd,3,289.74,869.22
ORD-000603,04f3f45b-d1d2-468f-926f-a20d38ffcf53,1,605.09,605.09
ORD-000603,909c4825-1e5b-4389-b3fa-c87e6de42a78,3,522.3,1566.8999999999999
ORD-000603,10f847f0-0a23-402a-bb45-480ffa6e1098,2,261.78,523.56
ORD-000604,9077a69a-7977-4d2e-bee5-aadf01e84cc6,3,955.87,2867.61
ORD-000604,68457cfd-15e1-4596-a81f-3df9fe90b61c,1,697.64,697.64
ORD-000604,588a421a-a76c-48f5-b9cc-3d7953860c8a,1,382.32,382.32
ORD-000605,faab82fa-51cf-4676-bff7-2f7bf7b28cf3,3,722.07,2166.21
ORD-000606,05d41c69-92c2-48e8-ae4f-ba81c15eb0f9,2,306.35,612.7
ORD-000606,cc9e8554-b363-43de-94d4-cd8918d96dfb,3,447.56,1342.68
ORD-000607,6ebe25ff-c064-4e89-8b8a-59882bad12d8,2,187.02,374.04
ORD-000607,dbd238cd-421d-41ef-a210-82c1c00cf62c,3,920.14,2760.42
ORD-000608,c9360b39-4f2d-480b-82ce-6da8c789fa7f,1,548.54,548.54
ORD-000608,fa407e03-eb2d-4941-86fb-c31db86db758,3,334.82,1004.46
ORD-000608,8569c478-c99b-4c60-be7e-5a1563b3a4e2,3,549.55,1648.6499999999999
ORD-000609,742d2c92-fcf6-4364-9bde-4490b7e5bb90,1,833.11,833.11
ORD-000610,faab82fa-51cf-4676-bff7-2f7bf7b28cf3,1,734.05,734.05
ORD-000610,1bf69c20-872b-4d71-b68d-62ddaa662a91,1,20.36,20.36
ORD-000610,1c70a4e2-230e-46e1-9e16-4002dc16d033,2,904.51,1809.02
ORD-000610,8e0f4ddc-7f59-4218-b3c4-d3f34125168a,1,89.32,89.32
ORD-000611,e4f440b3-e2e8-4c4c-b460-5938baf5fc34,3,809.07,2427.21
ORD-000611,fa85c5bc-4464-4fe6-8dbe-c31c9deff2a4,1,164.83,164.83
ORD-000611,2f0b1d71-f73d-47c1-b0be-55161f273d55,3,769.09,2307.27
ORD-000611,70343e52-0a89-43cb-86df-8ddaaf47dff1,1,594.51,594.51
ORD-000612,8c205c60-3b62-4af1-8e3b-6d36315814ae,1,926.14,926.14
ORD-000612,454b4bb2-e284-45c4-bbdf-2eb6aa50e3f4,3,532.49,1597.47
ORD-000612,3278b24e-b3ba-4f5e-b1ac-eee48208f7d9,1,802.25,802.25
ORD-000613,23ee362b-698c-426d-b18f-b3237ab9e2e7,3,332.84,998.52
ORD-000613,405bebd4-be7d-4505-a89f-6ef992011c8b,1,848.0,848.0
ORD-000614,caf918e8-9227-4c43-a07c-5d2636c70c4a,3,157.9,473.70000000000005
ORD-000614,9b91e12d-ce6e-4b84-8a85-1e6f0746fc96,2,666.06,1332.12
ORD-000614,d08c345b-0596-4dd7-9867-6b5d4077070d,1,111.82,111.82
ORD-000614,3cecfc42-0caa-4b16-8136-54fbbbef5d7e,1,1067.64,1067.64
ORD-000615,70d242a2-d6e6-49b2-82dd-dc10f9505de7,1,503.05,503.05
ORD-000615,b67caa36-478c-44e8-955c-980b0edb39fc,2,1038.75,2077.5
ORD-000616,fa407e03-eb2d-4941-86fb-c31db86db758,2,316.39,632.78
ORD-000616,fcbb56a1-b862-4fb2-88fe-ed0472814307,1,387.84,387.84
ORD-000617,89b21998-89f0-438d-9c22-841ebc194ee5,2,661.24,1322.48
ORD-000617,0455be0d-d01b-4d23-9869-de8d353d91ad,2,677.85,1355.7
ORD-000618,0d7a085b-b4d5-419f-ad5e-9f79d6908bb0,2,807.74,1615.48
ORD-000618,bd7b09b1-2139-484c-975c-6adc6bf68daa,3,208.04,624.12
ORD-000619,454b4bb2-e284-45c4-bbdf-2eb6aa50e3f4,1,579.96,579.96
ORD-000619,b70acae6-2103-41b9-a113-f23f9b293a5d,2,440.1,880.2
ORD-000619,26dc7e49-f0e9-49a9-a86d-6d43c48fcb61,2,573.98,1147.96
ORD-000619,90cd07ed-a352-4b36-a0cc-b00bc3a206d0,1,14.56,14.56
ORD-000620,21f90a72-45a0-4a27-aeaa-7f370cca438e,2,87.88,175.76
ORD-000620,631da773-6e64-4717-9bd6-3ea10ab8a8a8,3,511.82,1535.46
ORD-000620,f04f4f12-96b4-4d8e-aada-f268607e003c,1,676.9,676.9
ORD-000621,2e8fd2aa-3e7f-4fb1-aa6b-1c3738a5a388,1,602.03,602.03
ORD-000622,33842d9c-8a4f-479f-953b-efa0ab91e543,2,740.28,1480.56
ORD-000622,5efd7556-eb0c-4dac-bf16-a67ac3bf34ab,3,456.82,1370.46
ORD-000622,4f81a909-a41c-4d86-a956-3dfa8676343c,2,596.09,1192.18
ORD-000622,6059b6db-a71e-4aa4-a462-aa577d13efcd,3,76.09,228.27
ORD-000623,71cc17b0-7afa-4146-b237-990ccd566c1c,2,569.9,1139.8
ORD-000624,893204df-ac13-4689-9a88-7bca558213da,3,763.97,2291.91
ORD-000624,3d75e4dd-8c0d-4ca1-b8fc-94899558f59d,3,316.09,948.27
ORD-000624,2e8fd2aa-3e7f-4fb1-aa6b-1c3738a5a388,3,546.62,1639.8600000000001
ORD-000625,dbd238cd-421d-41ef-a210-82c1c00cf62c,3,906.55,2719.6499999999996
ORD-000625,5efd7556-eb0c-4dac-bf16-a67ac3bf34ab,2,425.07,850.14
ORD-000625,0455be0d-d01b-4d23-9869-de8d353d91ad,2,759.39,1518.78
ORD-000625,454b4bb2-e284-45c4-bbdf-2eb6aa50e3f4,3,499.1,1497.3000000000002
ORD-000626,742d2c92-fcf6-4364-9bde-4490b7e5bb90,2,874.8,1749.6
ORD-000626,23584003-2f84-4c24-b742-910c8bd156f0,3,641.34,1924.02
ORD-000627,6382aa8f-7015-49da-8e2b-33206e5d3fb4,2,26.22,52.44
ORD-000627,ff22512f-6c6f-4752-9f58-caec61b6cb91,1,632.26,632.26
ORD-000627,0fa5d429-0e39-4bb5-8b14-2d77fd17e378,1,633.14,633.14
ORD-000627,c5cb56bf-36b3-4b90-9e9f-1e49aa762838,1,722.05,722.05
ORD-000628,9077a69a-7977-4d2e-bee5-aadf01e84cc6,3,1004.88,3014.64
ORD-000628,3d75e4dd-8c0d-4ca1-b8fc-94899558f59d,3,304.64,913.92
ORD-000628,c9543a40-1b4c-4e7b-9ac1-572e5b495f5e,2,167.28,334.56
ORD-000628,4375b157-2438-422b-aa81-33c6480a48b2,3,332.69,998.0699999999999
ORD-000628,3f35308c-7fb2-4c8c-8aaa-2f60914da1cc,1,264.36,264.36
ORD-000629,d08c345b-0596-4dd7-9867-6b5d4077070d,2,128.93,257.86
ORD-000629,93f20425-7de0-47b2-9093-f087c2711366,3,752.58,2257.7400000000002
ORD-000630,050d253d-22dc-473f-813b-6faf3727d9a4,1,307.09,307.09
ORD-000630,909c4825-1e5b-4389-b3fa-c87e6de42a78,3,533.32,1599.96
ORD-000630,7c7801a8-acca-4ccd-ad40-8a72fc19d689,2,953.98,1907.96
ORD-000630,21f90a72-45a0-4a27-aeaa-7f370cca438e,3,90.59,271.77
ORD-000631,d772ec05-2262-4b97-8c5b-0d43fe6340db,1,94.18,94.18
ORD-000631,a6abb6d5-04a1-44a8-ab10-f1f274300e03,1,849.54,849.54
ORD-000631,c5cb56bf-36b3-4b90-9e9f-1e49aa762838,1,634.79,634.79
ORD-000631,2aa43396-ca8f-433d-b472-4df14fcbbadf,1,383.72,383.72
ORD-000632,050d253d-22dc-473f-813b-6faf3727d9a4,2,342.49,684.98
ORD-000632,1bf69c20-872b-4d71-b68d-62ddaa662a91,3,20.23,60.69
ORD-000632,2aa43396-ca8f-433d-b472-4df14fcbbadf,3,341.05,1023.1500000000001
ORD-000632,89b21998-89f0-438d-9c22-841ebc194ee5,2,565.46,1130.92
ORD-000633,532fb4b4-b30a-4ecd-a59f-88383b1b4111,2,801.77,1603.54
ORD-000633,2f0b1d71-f73d-47c1-b0be-55161f273d55,1,655.99,655.99
ORD-000634,420bcdba-4659-4262-8b2a-e1be49145905,1,211.25,211.25
ORD-000634,631da773-6e64-4717-9bd6-3ea10ab8a8a8,3,530.44,1591.3200000000002
ORD-000634,9b91e12d-ce6e-4b84-8a85-1e6f0746fc96,2,743.74,1487.48
ORD-000634,8be9d6b9-e56b-4c5e-a460-748e7c075dae,2,701.05,1402.1
ORD-000634,5f4b66a4-629f-416e-bdb6-36f673204882,2,433.64,867.28
ORD-000635,1bf69c20-872b-4d71-b68d-62ddaa662a91,2,23.34,46.68
ORD-000635,420bcdba-4659-4262-8b2a-e1be49145905,2,237.37,474.74
ORD-000635,94ba6334-cdc4-44a9-ab94-f80a2c07b053,2,587.1,1174.2
ORD-000636,ef5f3f32-50c4-44aa-a8cf-b70c38a7c67e,1,172.82,172.82
ORD-000637,5ba9f94f-7c5f-407d-ad88-c5c264376435,1,877.63,877.63
ORD-000637,0dc39a14-a7b4-4bef-aed4-4e5d8a05457e,3,342.66,1027.98
ORD-000638,8e0f4ddc-7f59-4218-b3c4-d3f34125168a,2,93.77,187.54
ORD-000638,d772ec05-2262-4b97-8c5b-0d43fe6340db,3,101.09,303.27
ORD-000638,15725fd3-bcc9-4d75-b86d-13a46fb28e30,3,583.94,1751.8200000000002
ORD-000639,0455be0d-d01b-4d23-9869-de8d353d91ad,1,759.81,759.81
ORD-000639,3cecfc42-0caa-4b16-8136-54fbbbef5d7e,1,1073.79,1073.79
ORD-000639,7a5f0e72-27b0-4209-a5fc-b169a612ba9f,3,758.53,2275.59
ORD-000640,90ef69e2-4c38-4a58-abf2-7ca075f0ef61,3,411.34,1234.02
ORD-000640,70343e52-0a89-43cb-86df-8ddaaf47dff1,1,574.08,574.08
ORD-000640,0e5bd978-c61f-4398-846f-ef3d11025b05,2,618.85,1237.7
ORD-000640,dbd238cd-421d-41ef-a210-82c1c00cf62c,3,1032.3,3096.8999999999996
ORD-000641,21f90a72-45a0-4a27-aeaa-7f370cca438e,3,98.77,296.31
ORD-000641,6ebe25ff-c064-4e89-8b8a-59882bad12d8,3,200.2,600.5999999999999
ORD-000642,912e9f9e-9d04-46c6-a552-0b9dd7ce2734,3,944.68,2834.04
ORD-000642,99371c9b-acdd-4ec1-8eb4-e4d45fffae47,2,285.95,571.9
ORD-000642,4e71de59-4d7f-4ba4-908e-5b6eb0550621,2,846.39,1692.78
ORD-000643,0a803a1e-a34d-4d81-9dec-33146a0142b7,1,155.43,155.43
ORD-000643,2e8fd2aa-3e7f-4fb1-aa6b-1c3738a5a388,3,583.87,1751.6100000000001
ORD-000644,c5ff2331-db2f-4ecd-a938-d8b6c34e174d,1,851.43,851.43
ORD-000645,5e97e495-e132-433b-9087-b8df43ed91c6,1,99.0,99.0
ORD-000645,7c7801a8-acca-4ccd-ad40-8a72fc19d689,3,920.99,2762.9700000000003
ORD-000645,71cc17b0-7afa-4146-b237-990ccd566c1c,3,485.02,1455.06
ORD-000646,454b7ebc-fee8-4590-a620-8eb467fecb64,1,642.76,642.76
ORD-000646,85426297-26fc-49a2-a69e-0a4e6af9a45c,2,475.65,951.3
ORD-000646,60d6813e-5f16-468e-9c55-9bef30b5a553,3,586.03,1758.09
ORD-000646,b70acae6-2103-41b9-a113-f23f9b293a5d,3,375.22,1125.66
ORD-000647,6382aa8f-7015-49da-8e2b-33206e5d3fb4,3,25.9,77.69999999999999
ORD-000647,9077a69a-7977-4d2e-bee5-aadf01e84cc6,3,1019.73,3059.19
ORD-000647,6059b6db-a71e-4aa4-a462-aa577d13efcd,2,88.36,176.72
ORD-000647,671a5b36-3c48-4567-a517-7dba3fb1d09f,1,791.98,791.98
ORD-000648,912e9f9e-9d04-46c6-a552-0b9dd7ce2734,1,901.42,901.42
ORD-000648,26fdd0a3-d3c1-4b32-958b-645ecf7fc069,1,969.23,969.23
ORD-000648,0166f91f-430b-4bdb-9f7a-561e622896ec,1,737.11,737.11
ORD-000648,fd3507a2-3ab7-491f-984f-099ccd09eb79,2,924.69,1849.38
ORD-000648,4b62729d-5443-4aea-9021-7b3065cb276f,1,747.94,747.94
ORD-000649,3d3df6c1-f288-472e-a21b-3132cb59b383,2,539.3,1078.6
ORD-000649,0ec71bd2-524d-47f9-9684-3a2ea9fea671,3,115.91,347.73
ORD-000649,ab85e304-fe27-44fd-b1ac-6bb0bc578a3e,1,945.45,945.45
ORD-000649,9bc4a986-aa96-4d57-b920-cf93e12654d8,3,260.33,780.99
ORD-000650,ee6204b7-db26-4235-8b62-6e5b3224061d,1,852.19,852.19
ORD-000650,faab82fa-51cf-4676-bff7-2f7bf7b28cf3,2,765.23,1530.46
ORD-000650,89b21998-89f0-438d-9c22-841ebc194ee5,2,638.74,1277.48
ORD-000651,419ec84b-1236-48c4-8bc5-a1a124851553,3,929.51,2788.5299999999997
ORD-000652,f04f4f12-96b4-4d8e-aada-f268607e003c,3,710.62,2131.86
ORD-000652,89b21998-89f0-438d-9c22-841ebc194ee5,3,657.08,1971.2400000000002
ORD-000652,d9cc0d7e-ba3d-4639-a308-14db91d71d96,2,324.77,649.54
ORD-000653,68457cfd-15e1-4596-a81f-3df9fe90b61c,3,719.53,2158.59
ORD-000653,21f90a72-45a0-4a27-aeaa-7f370cca438e,3,99.84,299.52
ORD-000654,fd3507a2-3ab7-491f-984f-099ccd09eb79,2,952.1,1904.2
ORD-000654,10483ae3-3fc2-4384-bd7a-62aea10b3754,2,830.19,1660.38
ORD-000655,10f847f0-0a23-402a-bb45-480ffa6e1098,3,271.75,815.25
ORD-000656,bd7b09b1-2139-484c-975c-6adc6bf68daa,2,199.15,398.3
ORD-000656,fd3507a2-3ab7-491f-984f-099ccd09eb79,3,951.98,2855.94
ORD-000656,ba6ea82d-d057-4aef-8f9e-030ff94edeea,2,46.04,92.08
ORD-000657,da67f0be-e782-4f46-adf3-77b094d80592,1,249.66,249.66
ORD-000657,15725fd3-bcc9-4d75-b86d-13a46fb28e30,3,637.75,1913.25
ORD-000657,671a5b36-3c48-4567-a517-7dba3fb1d09f,1,890.28,890.28
ORD-000657,3855fb85-8e60-4c4c-8d0c-d5e1d0b73a24,3,52.11,156.32999999999998
ORD-000658,dc0d3770-971f-4886-a3a5-52d5d3432e38,3,324.41,973.23
ORD-000658,ede6f4f1-bcc6-44d7-9392-ab4a6ce2a110,1,66.27,66.27
ORD-000658,90cd07ed-a352-4b36-a0cc-b00bc3a206d0,3,13.53,40.589999999999996
ORD-000658,6382aa8f-7015-49da-8e2b-33206e5d3fb4,3,22.71,68.13
ORD-000659,8c205c60-3b62-4af1-8e3b-6d36315814ae,2,1067.42,2134.84
ORD-000659,4b8df45f-8e44-4f15-bd8f-a378a0c58905,2,811.42,1622.84
ORD-000660,ee6671b0-66ad-4c31-8384-1f21d0621b8d,1,482.55,482.55
ORD-000660,631da773-6e64-4717-9bd6-3ea10ab8a8a8,1,549.33,549.33
ORD-000660,63a41a01-c853-4665-b54a-1ee98a25cc24,3,553.66,1660.98
ORD-000660,41465d3a-ed68-4b53-8996-44e7f759d179,2,743.3,1486.6
ORD-000661,b0bf5af1-fb0c-44d2-a03e-9803a9d3d464,1,143.96,143.96
ORD-000662,2921a438-07b9-461e-95bf-ae0600aa711e,3,262.43,787.29
ORD-000662,f04f4f12-96b4-4d8e-aada-f268607e003c,3,769.05,2307.1499999999996
ORD-000663,55ecc7b8-3b15-452b-b56f-ed44d9daea49,2,804.36,1608.72
ORD-000663,0a803a1e-a34d-4d81-9dec-33146a0142b7,2,161.98,323.96
ORD-000663,23ee362b-698c-426d-b18f-b3237ab9e2e7,1,295.71,295.71
ORD-000663,da096c2a-6ee1-4f2c-83b3-0f2f76fe15c9,1,148.29,148.29
ORD-000664,8be9d6b9-e56b-4c5e-a460-748e7c075dae,3,654.7,1964.1000000000001
ORD-000665,dbd238cd-421d-41ef-a210-82c1c00cf62c,1,932.75,932.75
ORD-000665,f8fe12a5-1e45-46db-b206-769db4270f04,3,900.53,2701.59
ORD-000665,a41172e5-d44c-45e7-a8b1-243eee76a01d,2,386.87,773.74
ORD-000665,5f4b66a4-629f-416e-bdb6-36f673204882,1,398.03,398.03
ORD-000665,6764c33e-0b6b-436f-a668-17d7c7446edd,3,320.15,960.4499999999999
ORD-000666,df68296b-c1d5-4644-96ef-390a77c22380,2,142.94,285.88
ORD-000667,21f90a72-45a0-4a27-aeaa-7f370cca438e,1,92.21,92.21
ORD-000667,3278b24e-b3ba-4f5e-b1ac-eee48208f7d9,3,859.05,2577.1499999999996
ORD-000667,811e2471-6b40-4188-95ed-ace81f69d335,3,299.19,897.5699999999999
ORD-000667,45614ebe-6ff3-4afa-b719-15f5a9fb2ecd,1,102.81,102.81
ORD-000668,405bebd4-be7d-4505-a89f-6ef992011c8b,1,839.14,839.14
ORD-000668,67ec5461-6b1d-41ec-84d3-3b4ffe2f9592,2,141.38,282.76
ORD-000669,b70acae6-2103-41b9-a113-f23f9b293a5d,2,439.89,879.78
ORD-000669,60b84dd6-d802-4494-8360-067cf1e8e22e,1,285.32,285.32
ORD-000669,193b42ad-40fd-462a-b98e-b77cc9f6e888,1,42.62,42.62
ORD-000669,4208330c-150b-463f-a7c7-0673090914e8,2,606.32,1212.64
ORD-000669,0d7a085b-b4d5-419f-ad5e-9f79d6908bb0,1,804.74,804.74
ORD-000670,ae458e21-3770-4079-9fed-c30b7ac9308d,2,867.34,1734.68
ORD-000670,f371f7f7-a2de-4914-8f74-9432cc9522f4,2,602.75,1205.5
ORD-000670,f10acdec-95f8-4977-a21d-8254c9fbf5ba,2,363.28,726.56
ORD-000670,cc9e8554-b363-43de-94d4-cd8918d96dfb,3,501.97,1505.91
ORD-000670,63a41a01-c853-4665-b54a-1ee98a25cc24,2,584.29,1168.58
ORD-000671,ab85e304-fe27-44fd-b1ac-6bb0bc578a3e,1,854.48,854.48
ORD-000672,75be87b1-b37b-4a23-aed6-08cc34a651ac,1,410.9,410.9
ORD-000672,c5cb56bf-36b3-4b90-9e9f-1e49aa762838,1,689.81,689.81
ORD-000673,7bf80092-7e1d-4c0b-9907-d08c279385b7,1,550.6,550.6
ORD-000673,8569c478-c99b-4c60-be7e-5a1563b3a4e2,2,521.88,1043.76
ORD-000673,912e9f9e-9d04-46c6-a552-0b9dd7ce2734,1,842.2,842.2
ORD-000673,4208330c-150b-463f-a7c7-0673090914e8,1,603.93,603.93
ORD-000674,4b62729d-5443-4aea-9021-7b3065cb276f,3,731.3,2193.8999999999996
ORD-000674,da096c2a-6ee1-4f2c-83b3-0f2f76fe15c9,3,155.53,466.59000000000003
ORD-000675,55ecc7b8-3b15-452b-b56f-ed44d9daea49,3,763.58,2290.7400000000002
ORD-000675,45b5ae49-50c4-4c7a-bc7f-d2216d170c3f,3,229.15,687.45
ORD-000676,ee6204b7-db26-4235-8b62-6e5b3224061d,2,782.1,1564.2
ORD-000676,909c4825-1e5b-4389-b3fa-c87e6de42a78,3,514.85,1544.5500000000002
ORD-000676,8899b0dc-71a0-4fa0-a6b0-ac9f5ce7480c,2,17.62,35.24
ORD-000677,45b5ae49-50c4-4c7a-bc7f-d2216d170c3f,2,228.81,457.62
ORD-000678,811e2471-6b40-4188-95ed-ace81f69d335,1,347.38,347.38
ORD-000678,4375b157-2438-422b-aa81-33c6480a48b2,1,295.78,295.78
ORD-000678,ef7d92e4-6287-4a2d-8551-d5d2a4a51d5d,1,675.41,675.41
ORD-000679,85426297-26fc-49a2-a69e-0a4e6af9a45c,1,414.01,414.01
ORD-000680,405bebd4-be7d-4505-a89f-6ef992011c8b,1,834.87,834.87
ORD-000680,aff02d9a-6315-48db-bf3e-dcdb7e9d4d93,3,22.54,67.62
ORD-000680,193b42ad-40fd-462a-b98e-b77cc9f6e888,2,43.01,86.02
ORD-000680,893204df-ac13-4689-9a88-7bca558213da,3,724.66,2173.98
ORD-000681,5495fe5e-67f1-4652-aedc-41136b95eee7,1,388.63,388.63
ORD-000681,deebf19b-f879-4e94-96dd-7544e5a8241b,3,942.68,2828.04
ORD-000681,3cecfc42-0caa-4b16-8136-54fbbbef5d7e,3,991.74,2975.2200000000003
ORD-000681,cc50103c-c090-40dd-b09e-129491b983e4,2,402.39,804.78
ORD-000682,6059b6db-a71e-4aa4-a462-aa577d13efcd,3,77.01,231.03000000000003
ORD-000682,68d81f9a-9cc0-4b20-9838-257ad1927777,2,112.9,225.8
ORD-000683,419ec84b-1236-48c4-8bc5-a1a124851553,3,1017.71,3053.13
ORD-000683,99371c9b-acdd-4ec1-8eb4-e4d45fffae47,3,312.94,938.8199999999999
ORD-000683,71cc17b0-7afa-4146-b237-990ccd566c1c,3,520.13,1560.3899999999999
ORD-000684,acbfdf46-7f51-4371-bcd1-bd2f84a61541,3,144.51,433.53
ORD-000684,ca25b56a-0fbb-4e75-90e5-e214ad3b390d,2,613.38,1226.76
ORD-000684,7b766140-2096-40c6-bd41-30e19a9cfa16,3,1013.71,3041.13
ORD-000684,45614ebe-6ff3-4afa-b719-15f5a9fb2ecd,1,90.39,90.39
ORD-000685,2e8fd2aa-3e7f-4fb1-aa6b-1c3738a5a388,2,600.19,1200.38
ORD-000685,9a612763-a18d-4647-9ea3-77af34124d8a,3,308.62,925.86
ORD-000685,454b7ebc-fee8-4590-a620-8eb467fecb64,3,575.34,1726.02
ORD-000685,912e9f9e-9d04-46c6-a552-0b9dd7ce2734,1,801.82,801.82
ORD-000686,05d41c69-92c2-48e8-ae4f-ba81c15eb0f9,2,297.89,595.78
ORD-000686,3d75e4dd-8c0d-4ca1-b8fc-94899558f59d,1,346.09,346.09
ORD-000686,b0d968cc-2620-4a46-9cdc-3171d64b59b6,2,289.13,578.26
ORD-000686,419ec84b-1236-48c4-8bc5-a1a124851553,3,894.08,2682.2400000000002
ORD-000686,c5784eab-50a3-47c7-8dbe-00213caf5933,2,725.28,1450.56
ORD-000687,dbbd5b7a-a62d-4a45-be8f-920ae39e8608,2,814.54,1629.08
ORD-000688,bce24858-fad5-4c3f-98b1-e71187222c2b,3,426.43,1279.29
ORD-000689,1f2074d5-523f-42fc-b2e4-847619e94cc4,3,11.32,33.96
ORD-000689,811e2471-6b40-4188-95ed-ace81f69d335,3,320.19,960.5699999999999
ORD-000689,5365a6b3-f8c1-4cba-b21f-bda73e899461,1,168.36,168.36
ORD-000689,deebf19b-f879-4e94-96dd-7544e5a8241b,3,983.83,2951.4900000000002
ORD-000689,60b84dd6-d802-4494-8360-067cf1e8e22e,1,284.73,284.73
ORD-000690,d772ec05-2262-4b97-8c5b-0d43fe6340db,2,94.05,188.1
ORD-000691,b70acae6-2103-41b9-a113-f23f9b293a5d,3,390.43,1171.29
ORD-000691,3a8579a0-82ca-4403-8e61-9e860a8aa440,3,349.97,1049.91
ORD-000691,97d6315b-705c-4cdf-a248-799ac6907757,1,49.04,49.04
ORD-000692,c3522c3b-6d84-4b59-8d46-dfd3c8e5a9d2,2,410.5,821.0
ORD-000692,d1f03c1c-8c75-4b6a-856e-4d8177b8e3b5,2,995.37,1990.74
ORD-000692,94cae71c-088a-4a34-a24f-4a036fd8264a,3,593.01,1779.03
ORD-000692,5e97e495-e132-433b-9087-b8df43ed91c6,1,103.1,103.1
ORD-000692,94ba6334-cdc4-44a9-ab94-f80a2c07b053,3,614.39,1843.17
ORD-000693,d74ab3e8-a38b-4065-b223-4565aaade398,2,348.78,697.56
ORD-000693,deebf19b-f879-4e94-96dd-7544e5a8241b,2,981.35,1962.7
ORD-000693,8a5a9ca5-73e4-4ebd-91df-9e78783ac1fd,1,33.01,33.01
ORD-000694,8899b0dc-71a0-4fa0-a6b0-ac9f5ce7480c,1,19.16,19.16
ORD-000694,caf918e8-9227-4c43-a07c-5d2636c70c4a,1,172.08,172.08
ORD-000695,c5784eab-50a3-47c7-8dbe-00213caf5933,1,718.87,718.87
ORD-000695,912e9f9e-9d04-46c6-a552-0b9dd7ce2734,2,824.88,1649.76
ORD-000695,b70acae6-2103-41b9-a113-f23f9b293a5d,2,443.24,886.48
ORD-000696,0166f91f-430b-4bdb-9f7a-561e622896ec,1,638.87,638.87
ORD-000696,6f13ee39-c753-4c6e-a1d5-280ae443373b,3,391.58,1174.74
ORD-000696,bce24858-fad5-4c3f-98b1-e71187222c2b,2,466.14,932.28
ORD-000696,7a5f0e72-27b0-4209-a5fc-b169a612ba9f,3,738.56,2215.68
ORD-000697,63c48bf1-fad6-4da1-8140-67b2bb06d791,1,565.93,565.93
ORD-000697,f7e68e0f-782c-4aac-a779-0c44ad195769,1,137.06,137.06
ORD-000697,454b4bb2-e284-45c4-bbdf-2eb6aa50e3f4,3,604.32,1812.96
ORD-000698,37e48379-d810-4be1-90e2-195c0f2f6de5,3,189.94,569.8199999999999
ORD-000698,87db6283-4935-4d50-b89b-026c1918a3f4,2,162.24,324.48
ORD-000698,acbfdf46-7f51-4371-bcd1-bd2f84a61541,2,151.01,302.02
ORD-000698,0d7a085b-b4d5-419f-ad5e-9f79d6908bb0,3,873.4,2620.2
ORD-000699,8569c478-c99b-4c60-be7e-5a1563b3a4e2,1,497.7,497.7
ORD-000700,9a612763-a18d-4647-9ea3-77af34124d8a,1,348.98,348.98
ORD-000700,41465d3a-ed68-4b53-8996-44e7f759d179,2,669.91,1339.82
ORD-000701,b0d968cc-2620-4a46-9cdc-3171d64b59b6,2,255.93,511.86
ORD-000701,da67f0be-e782-4f46-adf3-77b094d80592,2,255.96,511.92
ORD-000701,420bcdba-4659-4262-8b2a-e1be49145905,1,240.32,240.32
ORD-000702,7c7801a8-acca-4ccd-ad40-8a72fc19d689,3,878.62,2635.86
ORD-000702,6672fd4f-9690-4544-a0aa-73d3d13c3143,2,789.97,1579.94
ORD-000702,21f90a72-45a0-4a27-aeaa-7f370cca438e,3,97.05,291.15
ORD-000703,33842d9c-8a4f-479f-953b-efa0ab91e543,1,638.01,638.01
ORD-000703,28ceec8b-a2b2-40ba-a0f6-14292187fede,3,805.4,2416.2
ORD-000703,937bff8a-d5ab-43ab-b22a-f408ac90f9f1,1,934.78,934.78
ORD-000703,3693fe0b-4ec7-46b0-a018-f78f6cbd809b,1,410.01,410.01
ORD-000703,a41172e5-d44c-45e7-a8b1-243eee76a01d,2,418.83,837.66
ORD-000704,deff3d30-fa21-4823-b63c-3d4e6842e6c5,1,133.91,133.91
ORD-000704,9bc4a986-aa96-4d57-b920-cf93e12654d8,1,249.57,249.57
ORD-000704,d08c345b-0596-4dd7-9867-6b5d4077070d,3,118.07,354.21
ORD-000704,90cd07ed-a352-4b36-a0cc-b00bc3a206d0,3,15.79,47.37
ORD-000704,6ebe25ff-c064-4e89-8b8a-59882bad12d8,1,193.46,193.46
ORD-000705,5a9eb21e-edd6-45d1-8aca-409e73e04659,2,391.89,783.78
ORD-000706,94cae71c-088a-4a34-a24f-4a036fd8264a,1,569.87,569.87
ORD-000706,811e2471-6b40-4188-95ed-ace81f69d335,1,302.92,302.92
ORD-000706,8e0f4ddc-7f59-4218-b3c4-d3f34125168a,1,83.4,83.4
ORD-000706,454b4bb2-e284-45c4-bbdf-2eb6aa50e3f4,3,531.43,1594.29
ORD-000707,4ff0f9b1-185b-464f-a09f-8af3db013013,1,366.37,366.37
ORD-000707,912e9f9e-9d04-46c6-a552-0b9dd7ce2734,2,835.93,1671.86
ORD-000707,ef5f3f32-50c4-44aa-a8cf-b70c38a7c67e,2,160.78,321.56
ORD-000707,10f847f0-0a23-402a-bb45-480ffa6e1098,3,250.72,752.16
ORD-000708,fa85c5bc-4464-4fe6-8dbe-c31c9deff2a4,2,180.8,361.6
ORD-000708,7425f7d5-c9e3-4485-b539-cf6ebe8f8a25,2,822.97,1645.94
ORD-000708,dbbd5b7a-a62d-4a45-be8f-920ae39e8608,3,907.47,2722.41
ORD-000709,6764c33e-0b6b-436f-a668-17d7c7446edd,3,289.09,867.27
ORD-000709,7a5f0e72-27b0-4209-a5fc-b169a612ba9f,1,727.88,727.88
ORD-000710,5365a6b3-f8c1-4cba-b21f-bda73e899461,1,169.34,169.34
ORD-000710,f7aa4564-5e47-4f7b-bf6d-acd15d81d874,1,846.28,846.28
ORD-000711,ad82f489-80fb-4ab2-bdcb-13e79d0e35fb,1,636.52,636.52
ORD-000711,16664571-6011-4d6e-b585-66afb586279a,1,492.56,492.56
ORD-000711,893204df-ac13-4689-9a88-7bca558213da,1,774.94,774.94
ORD-000711,2e8fd2aa-3e7f-4fb1-aa6b-1c3738a5a388,3,533.63,1600.8899999999999
ORD-000712,04f3f45b-d1d2-468f-926f-a20d38ffcf53,2,723.02,1446.04
ORD-000712,fa407e03-eb2d-4941-86fb-c31db86db758,2,347.07,694.14
ORD-000712,67ec5461-6b1d-41ec-84d3-3b4ffe2f9592,1,165.47,165.47
ORD-000712,3278b24e-b3ba-4f5e-b1ac-eee48208f7d9,1,849.47,849.47
ORD-000712,c5784eab-50a3-47c7-8dbe-00213caf5933,3,785.49,2356.4700000000003
ORD-000713,1f2074d5-523f-42fc-b2e4-847619e94cc4,2,10.07,20.14
ORD-000713,63c48bf1-fad6-4da1-8140-67b2bb06d791,3,553.84,1661.52
ORD-000714,f7e68e0f-782c-4aac-a779-0c44ad195769,3,126.6,379.79999999999995
ORD-000714,def4bb75-19e7-4d7c-8886-339395c44fc5,3,1093.56,3280.68
ORD-000714,f10acdec-95f8-4977-a21d-8254c9fbf5ba,1,345.29,345.29
ORD-000714,aff02d9a-6315-48db-bf3e-dcdb7e9d4d93,3,21.71,65.13
ORD-000715,e3bfcdbd-04e2-4a88-a250-358045a9c86a,1,742.71,742.71
ORD-000715,90cd07ed-a352-4b36-a0cc-b00bc3a206d0,1,14.62,14.62
ORD-000715,aaac043e-d176-493d-8b2f-408bdd5e57ad,3,438.96,1316.8799999999999
ORD-000716,bf47ea32-f0cd-4cbe-89ea-3949a76eb378,3,528.09,1584.27
ORD-000716,4b62729d-5443-4aea-9021-7b3065cb276f,3,739.87,2219.61
ORD-000716,fa407e03-eb2d-4941-86fb-c31db86db758,1,324.5,324.5
ORD-000716,366aced0-fca0-4552-b005-693380619df5,2,379.14,758.28
ORD-000717,75be87b1-b37b-4a23-aed6-08cc34a651ac,3,374.33,1122.99
ORD-000718,5e97e495-e132-433b-9087-b8df43ed91c6,1,97.54,97.54
ORD-000718,7c34cee5-7109-4ee9-9ee2-570dc90f5978,1,968.55,968.55
ORD-000718,fa407e03-eb2d-4941-86fb-c31db86db758,1,340.62,340.62
ORD-000719,15725fd3-bcc9-4d75-b86d-13a46fb28e30,2,573.42,1146.84
ORD-000719,ee6671b0-66ad-4c31-8384-1f21d0621b8d,3,477.14,1431.42
ORD-000719,f7aa4564-5e47-4f7b-bf6d-acd15d81d874,2,966.0,1932.0
ORD-000719,405ad395-d291-49d4-9bd4-d211ffc22eea,2,529.56,1059.12
ORD-000719,74d41359-c624-44ba-8f3e-f9a3c9978f5a,2,539.09,1078.18
ORD-000720,f7aa4564-5e47-4f7b-bf6d-acd15d81d874,1,967.55,967.55
ORD-000720,ef7d92e4-6287-4a2d-8551-d5d2a4a51d5d,2,647.65,1295.3
ORD-000720,3d75e4dd-8c0d-4ca1-b8fc-94899558f59d,1,319.18,319.18
ORD-000721,23ee362b-698c-426d-b18f-b3237ab9e2e7,1,334.53,334.53
ORD-000721,def4bb75-19e7-4d7c-8886-339395c44fc5,3,975.73,2927.19
ORD-000721,99371c9b-acdd-4ec1-8eb4-e4d45fffae47,3,291.42,874.26
ORD-000721,0a803a1e-a34d-4d81-9dec-33146a0142b7,3,170.87,512.61
ORD-000721,2f0b1d71-f73d-47c1-b0be-55161f273d55,3,684.6,2053.8
ORD-000722,8e0f4ddc-7f59-4218-b3c4-d3f34125168a,3,93.98,281.94
ORD-000722,6ebe25ff-c064-4e89-8b8a-59882bad12d8,2,186.23,372.46
ORD-000723,9077a69a-7977-4d2e-bee5-aadf01e84cc6,1,1007.77,1007.77
ORD-000723,23584003-2f84-4c24-b742-910c8bd156f0,1,587.71,587.71
ORD-000723,caf918e8-9227-4c43-a07c-5d2636c70c4a,2,164.17,328.34
ORD-000724,23584003-2f84-4c24-b742-910c8bd156f0,3,562.55,1687.6499999999999
ORD-000724,fd3507a2-3ab7-491f-984f-099ccd09eb79,2,849.29,1698.58
ORD-000725,41465d3a-ed68-4b53-8996-44e7f759d179,1,620.96,620.96
ORD-000725,f7aa4564-5e47-4f7b-bf6d-acd15d81d874,1,911.3,911.3
ORD-000725,8899b0dc-71a0-4fa0-a6b0-ac9f5ce7480c,2,20.61,41.22
ORD-000725,cc50103c-c090-40dd-b09e-129491b983e4,2,371.94,743.88
ORD-000725,811e2471-6b40-4188-95ed-ace81f69d335,3,300.04,900.1200000000001
ORD-000726,b0bf5af1-fb0c-44d2-a03e-9803a9d3d464,1,139.99,139.99
ORD-000726,f371f7f7-a2de-4914-8f74-9432cc9522f4,1,683.75,683.75
ORD-000726,68d81f9a-9cc0-4b20-9838-257ad1927777,3,121.07,363.21
ORD-000726,94cae71c-088a-4a34-a24f-4a036fd8264a,1,561.42,561.42
ORD-000727,4375b157-2438-422b-aa81-33c6480a48b2,1,338.15,338.15
ORD-000728,da096c2a-6ee1-4f2c-83b3-0f2f76fe15c9,3,136.27,408.81000000000006
ORD-000728,893204df-ac13-4689-9a88-7bca558213da,1,784.75,784.75
ORD-000728,588a421a-a76c-48f5-b9cc-3d7953860c8a,3,419.79,1259.3700000000001
ORD-000729,c3522c3b-6d84-4b59-8d46-dfd3c8e5a9d2,1,412.8,412.8
ORD-000729,3693fe0b-4ec7-46b0-a018-f78f6cbd809b,3,434.34,1303.02
ORD-000729,85426297-26fc-49a2-a69e-0a4e6af9a45c,3,446.58,1339.74
ORD-000729,937bff8a-d5ab-43ab-b22a-f408ac90f9f1,1,1052.49,1052.49
ORD-000730,deff3d30-fa21-4823-b63c-3d4e6842e6c5,1,131.29,131.29
ORD-000730,faab82fa-51cf-4676-bff7-2f7bf7b28cf3,1,648.63,648.63
ORD-000730,6382aa8f-7015-49da-8e2b-33206e5d3fb4,2,24.6,49.2
ORD-000730,454b4bb2-e284-45c4-bbdf-2eb6aa50e3f4,2,568.21,1136.42
ORD-000731,9bc4a986-aa96-4d57-b920-cf93e12654d8,3,275.34,826.02
ORD-000731,aaac043e-d176-493d-8b2f-408bdd5e57ad,1,421.65,421.65
ORD-000731,2e8fd2aa-3e7f-4fb1-aa6b-1c3738a5a388,1,530.49,530.49
ORD-000731,ba6ea82d-d057-4aef-8f9e-030ff94edeea,2,43.04,86.08
ORD-000732,fb016ade-5c71-45c2-9cf9-04683455a4d4,1,896.18,896.18
ORD-000733,70343e52-0a89-43cb-86df-8ddaaf47dff1,1,613.29,613.29
ORD-000733,d08c345b-0596-4dd7-9867-6b5d4077070d,1,132.48,132.48
ORD-000733,c3522c3b-6d84-4b59-8d46-dfd3c8e5a9d2,3,417.82,1253.46
ORD-000733,1f2074d5-523f-42fc-b2e4-847619e94cc4,2,10.74,21.48
ORD-000733,420bcdba-4659-4262-8b2a-e1be49145905,1,219.26,219.26
ORD-000734,0e5bd978-c61f-4398-846f-ef3d11025b05,3,597.63,1792.8899999999999
ORD-000734,d9cc0d7e-ba3d-4639-a308-14db91d71d96,1,363.42,363.42
ORD-000734,d772ec05-2262-4b97-8c5b-0d43fe6340db,1,99.36,99.36
ORD-000735,7425f7d5-c9e3-4485-b539-cf6ebe8f8a25,1,724.12,724.12
ORD-000735,ca25b56a-0fbb-4e75-90e5-e214ad3b390d,2,667.01,1334.02
ORD-000735,3f35308c-7fb2-4c8c-8aaa-2f60914da1cc,2,239.06,478.12
ORD-000735,8c205c60-3b62-4af1-8e3b-6d36315814ae,2,1076.11,2152.22
ORD-000736,dc0d3770-971f-4886-a3a5-52d5d3432e38,2,320.59,641.18
ORD-000736,405ad395-d291-49d4-9bd4-d211ffc22eea,3,536.86,1610.58
ORD-000736,e3bfcdbd-04e2-4a88-a250-358045a9c86a,3,839.35,2518.05
ORD-000737,2e8fd2aa-3e7f-4fb1-aa6b-1c3738a5a388,2,552.29,1104.58
ORD-000737,454b7ebc-fee8-4590-a620-8eb467fecb64,2,611.59,1223.18
ORD-000738,75be87b1-b37b-4a23-aed6-08cc34a651ac,2,369.14,738.28
ORD-000738,8c205c60-3b62-4af1-8e3b-6d36315814ae,3,963.9,2891.7
ORD-000739,fa407e03-eb2d-4941-86fb-c31db86db758,3,310.36,931.08
ORD-000739,ab85e304-fe27-44fd-b1ac-6bb0bc578a3e,2,848.1,1696.2
ORD-000740,a41172e5-d44c-45e7-a8b1-243eee76a01d,1,347.82,347.82
ORD-000740,454b7ebc-fee8-4590-a620-8eb467fecb64,2,590.0,1180.0
ORD-000741,5ba9f94f-7c5f-407d-ad88-c5c264376435,2,853.29,1706.58
ORD-000741,405ad395-d291-49d4-9bd4-d211ffc22eea,3,536.76,1610.28
ORD-000742,6672fd4f-9690-4544-a0aa-73d3d13c3143,3,779.78,2339.34
ORD-000743,dbd238cd-421d-41ef-a210-82c1c00cf62c,3,864.45,2593.3500000000004
ORD-000743,fd8ababa-b19a-4e03-9b81-8402dc09b8b0,2,290.76,581.52
ORD-000743,fa85c5bc-4464-4fe6-8dbe-c31c9deff2a4,3,158.89,476.66999999999996
ORD-000743,c5784eab-50a3-47c7-8dbe-00213caf5933,3,661.47,1984.41
ORD-000744,fb016ade-5c71-45c2-9cf9-04683455a4d4,1,854.17,854.17
ORD-000745,9be2b865-2317-4f5b-b405-3f012f0bb8fb,1,42.7,42.7
ORD-000745,d772ec05-2262-4b97-8c5b-0d43fe6340db,2,98.72,197.44
ORD-000745,21f90a72-45a0-4a27-aeaa-7f370cca438e,3,92.36,277.08
ORD-000745,aaac043e-d176-493d-8b2f-408bdd5e57ad,2,419.82,839.64
ORD-000746,3cecfc42-0caa-4b16-8136-54fbbbef5d7e,2,905.28,1810.56
ORD-000747,6059b6db-a71e-4aa4-a462-aa577d13efcd,1,83.28,83.28
ORD-000747,4208330c-150b-463f-a7c7-0673090914e8,1,543.11,543.11
ORD-000747,9ef2e0e9-2048-4cf7-a441-d92d6fdc3f63,2,954.16,1908.32
ORD-000747,631da773-6e64-4717-9bd6-3ea10ab8a8a8,2,506.62,1013.24
ORD-000747,f8fe12a5-1e45-46db-b206-769db4270f04,2,937.99,1875.98
ORD-000748,df68296b-c1d5-4644-96ef-390a77c22380,1,134.91,134.91
ORD-000748,c5ff2331-db2f-4ecd-a938-d8b6c34e174d,1,787.52,787.52
ORD-000748,7a5f0e72-27b0-4209-a5fc-b169a612ba9f,1,824.18,824.18
ORD-000748,c3522c3b-6d84-4b59-8d46-dfd3c8e5a9d2,2,445.45,890.9
ORD-000749,ef7d92e4-6287-4a2d-8551-d5d2a4a51d5d,3,739.74,2219.2200000000003
ORD-000749,ee6671b0-66ad-4c31-8384-1f21d0621b8d,3,440.31,1320.93
ORD-000749,7b766140-2096-40c6-bd41-30e19a9cfa16,2,970.63,1941.26
ORD-000749,2f0b1d71-f73d-47c1-b0be-55161f273d55,2,774.94,1549.88
ORD-000749,454b7ebc-fee8-4590-a620-8eb467fecb64,1,552.84,552.84
ORD-000750,3a8579a0-82ca-4403-8e61-9e860a8aa440,1,301.16,301.16
ORD-000750,fb016ade-5c71-45c2-9cf9-04683455a4d4,2,895.95,1791.9
ORD-000750,45614ebe-6ff3-4afa-b719-15f5a9fb2ecd,2,85.17,170.34
ORD-000751,5ba9f94f-7c5f-407d-ad88-c5c264376435,1,876.8,876.8
ORD-000752,c3522c3b-6d84-4b59-8d46-dfd3c8e5a9d2,1,447.13,447.13
ORD-000752,d772ec05-2262-4b97-8c5b-0d43fe6340db,1,89.24,89.24
ORD-000752,70343e52-0a89-43cb-86df-8ddaaf47dff1,1,648.48,648.48
ORD-000752,1c70a4e2-230e-46e1-9e16-4002dc16d033,3,857.04,2571.12
ORD-000752,1f2074d5-523f-42fc-b2e4-847619e94cc4,2,10.07,20.14
ORD-000753,d9cc0d7e-ba3d-4639-a308-14db91d71d96,2,355.96,711.92
ORD-000754,405ad395-d291-49d4-9bd4-d211ffc22eea,2,512.62,1025.24
ORD-000754,742d2c92-fcf6-4364-9bde-4490b7e5bb90,1,958.68,958.68
ORD-000754,b0bf5af1-fb0c-44d2-a03e-9803a9d3d464,1,146.71,146.71
ORD-000755,60b84dd6-d802-4494-8360-067cf1e8e22e,1,281.53,281.53
ORD-000755,63c48bf1-fad6-4da1-8140-67b2bb06d791,2,604.38,1208.76
ORD-000755,21f90a72-45a0-4a27-aeaa-7f370cca438e,1,88.0,88.0
ORD-000755,85426297-26fc-49a2-a69e-0a4e6af9a45c,1,458.87,458.87
ORD-000755,b0d968cc-2620-4a46-9cdc-3171d64b59b6,1,300.75,300.75
ORD-000756,10f847f0-0a23-402a-bb45-480ffa6e1098,3,286.3,858.9000000000001
ORD-000756,e8a79c65-89d1-45db-90cd-7e145b3c7e3a,3,503.75,1511.25
ORD-000757,1bf69c20-872b-4d71-b68d-62ddaa662a91,3,22.05,66.15
ORD-000757,37e48379-d810-4be1-90e2-195c0f2f6de5,2,180.22,360.44
ORD-000757,3a8579a0-82ca-4403-8e61-9e860a8aa440,1,316.5,316.5
ORD-000757,742d2c92-fcf6-4364-9bde-4490b7e5bb90,2,944.09,1888.18
ORD-000757,a41172e5-d44c-45e7-a8b1-243eee76a01d,2,346.33,692.66
ORD-000758,8e0f4ddc-7f59-4218-b3c4-d3f34125168a,1,100.71,100.71
ORD-000758,70d242a2-d6e6-49b2-82dd-dc10f9505de7,3,459.6,1378.8000000000002
ORD-000759,6059b6db-a71e-4aa4-a462-aa577d13efcd,1,88.3,88.3
ORD-000759,0dc39a14-a7b4-4bef-aed4-4e5d8a05457e,1,377.56,377.56
ORD-000759,c9360b39-4f2d-480b-82ce-6da8c789fa7f,2,541.95,1083.9
ORD-000759,b93cddf2-6537-4127-8ce2-624f9aa29834,1,228.77,228.77
ORD-000760,67ec5461-6b1d-41ec-84d3-3b4ffe2f9592,2,155.25,310.5
ORD-000761,419ec84b-1236-48c4-8bc5-a1a124851553,2,1057.94,2115.88
ORD-000761,63a41a01-c853-4665-b54a-1ee98a25cc24,2,602.25,1204.5
ORD-000761,9077a69a-7977-4d2e-bee5-aadf01e84cc6,2,960.79,1921.58
ORD-000761,893204df-ac13-4689-9a88-7bca558213da,1,857.13,857.13
ORD-000762,c5784eab-50a3-47c7-8dbe-00213caf5933,2,708.78,1417.56
ORD-000762,41465d3a-ed68-4b53-8996-44e7f759d179,3,736.16,2208.48
ORD-000762,fa85c5bc-4464-4fe6-8dbe-c31c9deff2a4,1,170.44,170.44
ORD-000763,3a8579a0-82ca-4403-8e61-9e860a8aa440,2,299.79,599.58
ORD-000763,0dc39a14-a7b4-4bef-aed4-4e5d8a05457e,2,358.9,717.8
ORD-000763,366aced0-fca0-4552-b005-693380619df5,2,403.55,807.1
ORD-000764,97d6315b-705c-4cdf-a248-799ac6907757,3,54.17,162.51
ORD-000765,4ff0f9b1-185b-464f-a09f-8af3db013013,1,369.33,369.33
ORD-000765,41a3d19b-1c8e-4a8e-a78e-e77252917c55,1,689.91,689.91
ORD-000766,7425f7d5-c9e3-4485-b539-cf6ebe8f8a25,2,779.48,1558.96
ORD-000767,7c7801a8-acca-4ccd-ad40-8a72fc19d689,1,848.73,848.73
ORD-000767,ca25b56a-0fbb-4e75-90e5-e214ad3b390d,3,563.01,1689.03
ORD-000767,454b7ebc-fee8-4590-a620-8eb467fecb64,2,639.45,1278.9
ORD-000767,c5cb56bf-36b3-4b90-9e9f-1e49aa762838,1,664.04,664.04
ORD-000768,9b91e12d-ce6e-4b84-8a85-1e6f0746fc96,2,686.85,1373.7
ORD-000768,9ef2e0e9-2048-4cf7-a441-d92d6fdc3f63,3,916.64,2749.92
ORD-000768,2aa43396-ca8f-433d-b472-4df14fcbbadf,2,362.13,724.26
ORD-000768,6ebe25ff-c064-4e89-8b8a-59882bad12d8,3,186.24,558.72
ORD-000768,fcbb56a1-b862-4fb2-88fe-ed0472814307,2,375.12,750.24
ORD-000769,1f2074d5-523f-42fc-b2e4-847619e94cc4,2,10.11,20.22
ORD-000769,5f4b66a4-629f-416e-bdb6-36f673204882,2,436.34,872.68
ORD-000769,f8fe12a5-1e45-46db-b206-769db4270f04,2,815.84,1631.68
ORD-000769,deebf19b-f879-4e94-96dd-7544e5a8241b,1,977.31,977.31
ORD-000769,41a3d19b-1c8e-4a8e-a78e-e77252917c55,3,669.88,2009.6399999999999
ORD-000770,420bcdba-4659-4262-8b2a-e1be49145905,2,210.56,421.12
ORD-000770,c5784eab-50a3-47c7-8dbe-00213caf5933,3,716.08,2148.2400000000002
ORD-000770,aaac043e-d176-493d-8b2f-408bdd5e57ad,2,424.43,848.86
ORD-000771,8a5a9ca5-73e4-4ebd-91df-9e78783ac1fd,2,32.61,65.22
ORD-000772,909c4825-1e5b-4389-b3fa-c87e6de42a78,2,539.57,1079.14
ORD-000772,420bcdba-4659-4262-8b2a-e1be49145905,3,242.82,728.46
ORD-000772,45614ebe-6ff3-4afa-b719-15f5a9fb2ecd,3,92.86,278.58
ORD-000772,fd8ababa-b19a-4e03-9b81-8402dc09b8b0,3,302.62,907.86
ORD-000773,10483ae3-3fc2-4384-bd7a-62aea10b3754,1,692.96,692.96
ORD-000773,3f35308c-7fb2-4c8c-8aaa-2f60914da1cc,3,261.39,784.17
ORD-000773,0dc39a14-a7b4-4bef-aed4-4e5d8a05457e,1,345.83,345.83
ORD-000773,3855fb85-8e60-4c4c-8d0c-d5e1d0b73a24,3,56.87,170.60999999999999
ORD-000773,97d6315b-705c-4cdf-a248-799ac6907757,3,53.58,160.74
ORD-000774,da096c2a-6ee1-4f2c-83b3-0f2f76fe15c9,2,159.44,318.88
ORD-000774,0a803a1e-a34d-4d81-9dec-33146a0142b7,1,176.12,176.12
ORD-000775,d9cc0d7e-ba3d-4639-a308-14db91d71d96,1,348.0,348.0
ORD-000775,23584003-2f84-4c24-b742-910c8bd156f0,3,643.42,1930.2599999999998
ORD-000775,caf918e8-9227-4c43-a07c-5d2636c70c4a,1,158.97,158.97
ORD-000775,4e71de59-4d7f-4ba4-908e-5b6eb0550621,3,850.12,2550.36
ORD-000776,4b62729d-5443-4aea-9021-7b3065cb276f,3,758.32,2274.96
ORD-000776,26dc7e49-f0e9-49a9-a86d-6d43c48fcb61,2,530.56,1061.12
ORD-000777,a41172e5-d44c-45e7-a8b1-243eee76a01d,2,405.36,810.72
ORD-000778,f7aa4564-5e47-4f7b-bf6d-acd15d81d874,1,961.79,961.79
ORD-000778,acbfdf46-7f51-4371-bcd1-bd2f84a61541,3,166.02,498.06000000000006
ORD-000778,3d75e4dd-8c0d-4ca1-b8fc-94899558f59d,2,311.13,622.26
ORD-000778,67ec5461-6b1d-41ec-84d3-3b4ffe2f9592,2,162.95,325.9
ORD-000778,8c205c60-3b62-4af1-8e3b-6d36315814ae,2,983.75,1967.5
ORD-000779,8c205c60-3b62-4af1-8e3b-6d36315814ae,2,915.93,1831.86
ORD-000779,85426297-26fc-49a2-a69e-0a4e6af9a45c,3,412.85,1238.5500000000002
ORD-000779,05d41c69-92c2-48e8-ae4f-ba81c15eb0f9,2,273.94,547.88
ORD-000779,f9fc8038-04f0-432b-a50c-a7a5af2a2345,3,11.88,35.64
ORD-000780,4e71de59-4d7f-4ba4-908e-5b6eb0550621,1,823.26,823.26
ORD-000781,99371c9b-acdd-4ec1-8eb4-e4d45fffae47,2,282.0,564.0
ORD-000781,4375b157-2438-422b-aa81-33c6480a48b2,3,325.4,976.1999999999999
ORD-000781,33b1781a-3a1b-419d-ab45-8633ffb25560,3,244.92,734.76
ORD-000781,60d6813e-5f16-468e-9c55-9bef30b5a553,2,556.76,1113.52
ORD-000781,0455be0d-d01b-4d23-9869-de8d353d91ad,1,764.83,764.83
ORD-000782,ad82f489-80fb-4ab2-bdcb-13e79d0e35fb,2,583.53,1167.06
ORD-000782,0455be0d-d01b-4d23-9869-de8d353d91ad,2,806.69,1613.38
ORD-000782,7b766140-2096-40c6-bd41-30e19a9cfa16,2,1029.96,2059.92
ORD-000782,0d7a085b-b4d5-419f-ad5e-9f79d6908bb0,2,803.09,1606.18
ORD-000782,aaac043e-d176-493d-8b2f-408bdd5e57ad,3,439.56,1318.68
ORD-000783,df68296b-c1d5-4644-96ef-390a77c22380,3,135.24,405.72
ORD-000783,26fdd0a3-d3c1-4b32-958b-645ecf7fc069,3,910.31,2730.93
ORD-000784,fcbb56a1-b862-4fb2-88fe-ed0472814307,3,382.87,1148.6100000000001
ORD-000784,7c34cee5-7109-4ee9-9ee2-570dc90f5978,2,799.73,1599.46
ORD-000784,c5ff2331-db2f-4ecd-a938-d8b6c34e174d,1,729.79,729.79
ORD-000784,89b21998-89f0-438d-9c22-841ebc194ee5,2,658.57,1317.14
ORD-000785,671a5b36-3c48-4567-a517-7dba3fb1d09f,2,777.22,1554.44
ORD-000785,b70acae6-2103-41b9-a113-f23f9b293a5d,3,451.51,1354.53
ORD-000785,4b8df45f-8e44-4f15-bd8f-a378a0c58905,1,792.04,792.04
ORD-000786,a6abb6d5-04a1-44a8-ab10-f1f274300e03,1,909.72,909.72
ORD-000786,2921a438-07b9-461e-95bf-ae0600aa711e,3,246.61,739.83
ORD-000786,2f0b1d71-f73d-47c1-b0be-55161f273d55,3,711.4,2134.2
ORD-000786,7c7801a8-acca-4ccd-ad40-8a72fc19d689,3,864.99,2594.9700000000003
ORD-000787,68d81f9a-9cc0-4b20-9838-257ad1927777,1,102.47,102.47
ORD-000787,9b91e12d-ce6e-4b84-8a85-1e6f0746fc96,1,729.35,729.35
ORD-000787,33842d9c-8a4f-479f-953b-efa0ab91e543,3,690.84,2072.52
ORD-000787,2393bff1-4e45-46ea-a406-e25b2af55019,2,575.24,1150.48
ORD-000788,6e0a26d0-33df-4412-83c4-f2d36c0ac262,1,812.04,812.04
ORD-000788,41465d3a-ed68-4b53-8996-44e7f759d179,1,670.97,670.97
ORD-000788,f7e68e0f-782c-4aac-a779-0c44ad195769,3,132.57,397.71
ORD-000789,9a612763-a18d-4647-9ea3-77af34124d8a,1,341.8,341.8
ORD-000789,405ad395-d291-49d4-9bd4-d211ffc22eea,1,514.25,514.25
ORD-000789,63c48bf1-fad6-4da1-8140-67b2bb06d791,1,665.88,665.88
ORD-000789,99371c9b-acdd-4ec1-8eb4-e4d45fffae47,3,314.34,943.02
ORD-000789,e3bfcdbd-04e2-4a88-a250-358045a9c86a,2,743.11,1486.22
ORD-000790,6764c33e-0b6b-436f-a668-17d7c7446edd,3,312.52,937.56
ORD-000790,0d7a085b-b4d5-419f-ad5e-9f79d6908bb0,2,861.52,1723.04
ORD-000791,70d242a2-d6e6-49b2-82dd-dc10f9505de7,3,551.0,1653.0
ORD-000792,05d41c69-92c2-48e8-ae4f-ba81c15eb0f9,1,260.49,260.49
ORD-000793,9be2b865-2317-4f5b-b405-3f012f0bb8fb,1,39.66,39.66
ORD-000793,ad82f489-80fb-4ab2-bdcb-13e79d0e35fb,2,669.64,1339.28
ORD-000793,def4bb75-19e7-4d7c-8886-339395c44fc5,2,914.09,1828.18
ORD-000794,10f847f0-0a23-402a-bb45-480ffa6e1098,2,285.15,570.3
ORD-000794,dbd238cd-421d-41ef-a210-82c1c00cf62c,2,1013.84,2027.68
ORD-000794,0e5bd978-c61f-4398-846f-ef3d11025b05,1,541.24,541.24
ORD-000794,acbfdf46-7f51-4371-bcd1-bd2f84a61541,1,155.77,155.77
ORD-000795,6f13ee39-c753-4c6e-a1d5-280ae443373b,2,436.01,872.02
ORD-000796,70d242a2-d6e6-49b2-82dd-dc10f9505de7,1,467.98,467.98
ORD-000796,7c34cee5-7109-4ee9-9ee2-570dc90f5978,3,838.87,2516.61
ORD-000796,1bf69c20-872b-4d71-b68d-62ddaa662a91,1,20.6,20.6
ORD-000796,b93cddf2-6537-4127-8ce2-624f9aa29834,1,230.47,230.47
ORD-000796,1c70a4e2-230e-46e1-9e16-4002dc16d033,3,945.07,2835.21
ORD-000797,23584003-2f84-4c24-b742-910c8bd156f0,1,532.84,532.84
ORD-000798,ab85e304-fe27-44fd-b1ac-6bb0bc578a3e,2,899.1,1798.2
ORD-000798,671a5b36-3c48-4567-a517-7dba3fb1d09f,1,907.49,907.49
ORD-000799,ab85e304-fe27-44fd-b1ac-6bb0bc578a3e,2,987.91,1975.82
ORD-000799,ae458e21-3770-4079-9fed-c30b7ac9308d,2,829.83,1659.66
ORD-000799,e3bfcdbd-04e2-4a88-a250-358045a9c86a,2,859.78,1719.56
ORD-000800,23584003-2f84-4c24-b742-910c8bd156f0,2,541.48,1082.96
ORD-000800,1f2074d5-523f-42fc-b2e4-847619e94cc4,3,10.66,31.98
ORD-000800,c9543a40-1b4c-4e7b-9ac1-572e5b495f5e,1,173.69,173.69
ORD-000801,c5784eab-50a3-47c7-8dbe-00213caf5933,3,758.84,2276.52
ORD-000801,71cc17b0-7afa-4146-b237-990ccd566c1c,2,537.45,1074.9
ORD-000801,c9360b39-4f2d-480b-82ce-6da8c789fa7f,3,524.33,1572.9900000000002
ORD-000801,87db6283-4935-4d50-b89b-026c1918a3f4,1,156.55,156.55
ORD-000802,3760e57c-2f23-40d2-ae8d-1b6bcee93dfb,2,393.42,786.84
ORD-000803,16664571-6011-4d6e-b585-66afb586279a,2,519.62,1039.24
ORD-000803,9bc4a986-aa96-4d57-b920-cf93e12654d8,3,278.72,836.1600000000001
ORD-000803,63a41a01-c853-4665-b54a-1ee98a25cc24,3,555.23,1665.69
ORD-000803,e8a79c65-89d1-45db-90cd-7e145b3c7e3a,1,498.73,498.73
ORD-000803,90cd07ed-a352-4b36-a0cc-b00bc3a206d0,2,14.21,28.42
ORD-000804,da096c2a-6ee1-4f2c-83b3-0f2f76fe15c9,2,138.06,276.12
ORD-000804,3693fe0b-4ec7-46b0-a018-f78f6cbd809b,2,386.67,773.34
ORD-000804,da67f0be-e782-4f46-adf3-77b094d80592,2,279.71,559.42
ORD-000805,3760e57c-2f23-40d2-ae8d-1b6bcee93dfb,1,426.67,426.67
ORD-000805,45614ebe-6ff3-4afa-b719-15f5a9fb2ecd,2,89.98,179.96
ORD-000805,3a8579a0-82ca-4403-8e61-9e860a8aa440,1,328.81,328.81
ORD-000806,7bf80092-7e1d-4c0b-9907-d08c279385b7,3,587.97,1763.91
ORD-000807,3d75e4dd-8c0d-4ca1-b8fc-94899558f59d,2,297.68,595.36
ORD-000807,97d6315b-705c-4cdf-a248-799ac6907757,1,54.29,54.29
ORD-000807,8be9d6b9-e56b-4c5e-a460-748e7c075dae,2,586.79,1173.58
ORD-000808,8be9d6b9-e56b-4c5e-a460-748e7c075dae,2,657.05,1314.1
ORD-000808,ae458e21-3770-4079-9fed-c30b7ac9308d,1,853.43,853.43
ORD-000808,d74ab3e8-a38b-4065-b223-4565aaade398,2,342.02,684.04
ORD-000808,63c48bf1-fad6-4da1-8140-67b2bb06d791,3,666.44,1999.3200000000002
ORD-000808,d11a42dd-8e96-4213-9ac0-1c7d97019f1e,2,84.42,168.84
ORD-000809,26dc7e49-f0e9-49a9-a86d-6d43c48fcb61,3,511.34,1534.02
ORD-000809,dbbd5b7a-a62d-4a45-be8f-920ae39e8608,3,814.97,2444.91
ORD-000809,ee6671b0-66ad-4c31-8384-1f21d0621b8d,2,407.23,814.46
ORD-000809,4375b157-2438-422b-aa81-33c6480a48b2,2,323.63,647.26
ORD-000809,10483ae3-3fc2-4384-bd7a-62aea10b3754,2,729.2,1458.4
ORD-000810,0ec71bd2-524d-47f9-9684-3a2ea9fea671,3,96.99,290.96999999999997
ORD-000810,05d41c69-92c2-48e8-ae4f-ba81c15eb0f9,2,291.61,583.22
ORD-000810,7c34cee5-7109-4ee9-9ee2-570dc90f5978,2,881.0,1762.0
ORD-000810,63c48bf1-fad6-4da1-8140-67b2bb06d791,3,663.91,1991.73
ORD-000811,ba6ea82d-d057-4aef-8f9e-030ff94edeea,1,40.13,40.13
ORD-000811,7bf80092-7e1d-4c0b-9907-d08c279385b7,1,580.65,580.65
ORD-000811,90cd07ed-a352-4b36-a0cc-b00bc3a206d0,1,13.27,13.27
ORD-000811,e4f440b3-e2e8-4c4c-b460-5938baf5fc34,2,806.67,1613.34
ORD-000811,6f13ee39-c753-4c6e-a1d5-280ae443373b,3,391.72,1175.16
ORD-000812,21f90a72-45a0-4a27-aeaa-7f370cca438e,3,100.85,302.54999999999995
ORD-000812,420bcdba-4659-4262-8b2a-e1be49145905,3,246.69,740.0699999999999
ORD-000812,97d6315b-705c-4cdf-a248-799ac6907757,2,55.11,110.22
ORD-000813,419ec84b-1236-48c4-8bc5-a1a124851553,2,1000.43,2000.86
ORD-000813,23ee362b-698c-426d-b18f-b3237ab9e2e7,2,305.53,611.06
ORD-000813,97d6315b-705c-4cdf-a248-799ac6907757,1,55.54,55.54
ORD-000814,90cd07ed-a352-4b36-a0cc-b00bc3a206d0,3,15.53,46.589999999999996
ORD-000814,acbfdf46-7f51-4371-bcd1-bd2f84a61541,2,155.08,310.16
ORD-000815,cc9e8554-b363-43de-94d4-cd8918d96dfb,3,461.81,1385.43
ORD-000815,8569c478-c99b-4c60-be7e-5a1563b3a4e2,2,585.44,1170.88
ORD-000816,85426297-26fc-49a2-a69e-0a4e6af9a45c,1,421.81,421.81
ORD-000816,8be9d6b9-e56b-4c5e-a460-748e7c075dae,2,672.56,1345.12
ORD-000817,def4bb75-19e7-4d7c-8886-339395c44fc5,3,1028.73,3086.19
ORD-000817,bfc6e01d-0aeb-4c5c-906e-9c4b32bd6a2c,1,451.99,451.99
ORD-000818,8899b0dc-71a0-4fa0-a6b0-ac9f5ce7480c,1,19.7,19.7
ORD-000818,193b42ad-40fd-462a-b98e-b77cc9f6e888,2,45.28,90.56
ORD-000819,71cc17b0-7afa-4146-b237-990ccd566c1c,3,526.02,1578.06
ORD-000819,3278b24e-b3ba-4f5e-b1ac-eee48208f7d9,2,896.81,1793.62
ORD-000819,aff02d9a-6315-48db-bf3e-dcdb7e9d4d93,2,23.15,46.3
ORD-000819,419ec84b-1236-48c4-8bc5-a1a124851553,3,897.47,2692.41
ORD-000819,3cecfc42-0caa-4b16-8136-54fbbbef5d7e,3,904.18,2712.54
ORD-000820,3f35308c-7fb2-4c8c-8aaa-2f60914da1cc,2,276.28,552.56
ORD-000820,c9543a40-1b4c-4e7b-9ac1-572e5b495f5e,3,149.78,449.34000000000003
ORD-000820,5a9eb21e-edd6-45d1-8aca-409e73e04659,2,398.51,797.02
ORD-000820,ab85e304-fe27-44fd-b1ac-6bb0bc578a3e,2,927.25,1854.5
ORD-000821,f10acdec-95f8-4977-a21d-8254c9fbf5ba,3,321.81,965.4300000000001
ORD-000821,c5784eab-50a3-47c7-8dbe-00213caf5933,2,777.52,1555.04
ORD-000821,c9543a40-1b4c-4e7b-9ac1-572e5b495f5e,3,146.83,440.49
ORD-000821,811e2471-6b40-4188-95ed-ace81f69d335,1,349.01,349.01
ORD-000821,405bebd4-be7d-4505-a89f-6ef992011c8b,1,791.34,791.34
ORD-000822,5f4b66a4-629f-416e-bdb6-36f673204882,2,380.97,761.94
ORD-000822,3693fe0b-4ec7-46b0-a018-f78f6cbd809b,3,383.48,1150.44
ORD-000822,0166f91f-430b-4bdb-9f7a-561e622896ec,2,648.81,1297.62
ORD-000823,0dc39a14-a7b4-4bef-aed4-4e5d8a05457e,1,354.26,354.26
ORD-000823,fd3507a2-3ab7-491f-984f-099ccd09eb79,2,837.43,1674.86
ORD-000823,10f847f0-0a23-402a-bb45-480ffa6e1098,3,271.2,813.5999999999999
ORD-000824,f371f7f7-a2de-4914-8f74-9432cc9522f4,3,620.42,1861.2599999999998
ORD-000824,7c7801a8-acca-4ccd-ad40-8a72fc19d689,3,924.2,2772.6000000000004
ORD-000825,3d3df6c1-f288-472e-a21b-3132cb59b383,1,482.86,482.86
ORD-000825,a41172e5-d44c-45e7-a8b1-243eee76a01d,1,411.56,411.56
ORD-000826,cc50103c-c090-40dd-b09e-129491b983e4,1,435.19,435.19
ORD-000826,5495fe5e-67f1-4652-aedc-41136b95eee7,3,418.36,1255.08
ORD-000826,315e1105-d13a-4238-9da3-93dd8555b2b0,2,668.54,1337.08
ORD-000827,faab82fa-51cf-4676-bff7-2f7bf7b28cf3,2,674.69,1349.38
ORD-000827,0a803a1e-a34d-4d81-9dec-33146a0142b7,1,161.33,161.33
ORD-000827,6f13ee39-c753-4c6e-a1d5-280ae443373b,2,413.16,826.32
ORD-000828,fd8ababa-b19a-4e03-9b81-8402dc09b8b0,2,312.69,625.38
ORD-000828,d08c345b-0596-4dd7-9867-6b5d4077070d,3,116.4,349.20000000000005
ORD-000828,94cae71c-088a-4a34-a24f-4a036fd8264a,2,612.62,1225.24
ORD-000828,c3522c3b-6d84-4b59-8d46-dfd3c8e5a9d2,1,407.88,407.88
ORD-000828,6382aa8f-7015-49da-8e2b-33206e5d3fb4,2,23.38,46.76
ORD-000829,ef7d92e4-6287-4a2d-8551-d5d2a4a51d5d,1,647.76,647.76
ORD-000829,912e9f9e-9d04-46c6-a552-0b9dd7ce2734,2,924.91,1849.82
ORD-000829,e4f440b3-e2e8-4c4c-b460-5938baf5fc34,1,779.26,779.26
ORD-000830,ad82f489-80fb-4ab2-bdcb-13e79d0e35fb,3,569.18,1707.54
ORD-000830,8a5a9ca5-73e4-4ebd-91df-9e78783ac1fd,1,33.49,33.49
ORD-000830,60b84dd6-d802-4494-8360-067cf1e8e22e,1,331.02,331.02
ORD-000830,0dc39a14-a7b4-4bef-aed4-4e5d8a05457e,3,371.38,1114.1399999999999
ORD-000831,c9543a40-1b4c-4e7b-9ac1-572e5b495f5e,1,146.5,146.5
ORD-000831,5a9eb21e-edd6-45d1-8aca-409e73e04659,3,411.07,1233.21
ORD-000832,da67f0be-e782-4f46-adf3-77b094d80592,2,278.37,556.74
ORD-000832,acbfdf46-7f51-4371-bcd1-bd2f84a61541,2,146.85,293.7
ORD-000832,68d81f9a-9cc0-4b20-9838-257ad1927777,1,118.69,118.69
ORD-000832,3855fb85-8e60-4c4c-8d0c-d5e1d0b73a24,2,56.52,113.04
ORD-000832,5f4b66a4-629f-416e-bdb6-36f673204882,3,435.1,1305.3000000000002
ORD-000833,45614ebe-6ff3-4afa-b719-15f5a9fb2ecd,2,86.77,173.54
ORD-000833,7425f7d5-c9e3-4485-b539-cf6ebe8f8a25,3,787.87,2363.61
ORD-000833,33b1781a-3a1b-419d-ab45-8633ffb25560,3,240.71,722.13
ORD-000833,0d7a085b-b4d5-419f-ad5e-9f79d6908bb0,2,875.56,1751.12
ORD-000833,8899b0dc-71a0-4fa0-a6b0-ac9f5ce7480c,3,20.93,62.79
ORD-000834,45b5ae49-50c4-4c7a-bc7f-d2216d170c3f,2,209.5,419.0
ORD-000834,26fdd0a3-d3c1-4b32-958b-645ecf7fc069,1,896.81,896.81
ORD-000834,4375b157-2438-422b-aa81-33c6480a48b2,2,318.4,636.8
ORD-000834,937bff8a-d5ab-43ab-b22a-f408ac90f9f1,2,1062.81,2125.62
ORD-000835,b67caa36-478c-44e8-955c-980b0edb39fc,3,929.4,2788.2
ORD-000835,3d75e4dd-8c0d-4ca1-b8fc-94899558f59d,3,307.23,921.69
ORD-000835,fcbb56a1-b862-4fb2-88fe-ed0472814307,2,394.94,789.88
ORD-000835,0fa5d429-0e39-4bb5-8b14-2d77fd17e378,2,641.3,1282.6
ORD-000836,671a5b36-3c48-4567-a517-7dba3fb1d09f,3,769.33,2307.9900000000002
ORD-000836,acbfdf46-7f51-4371-bcd1-bd2f84a61541,2,152.96,305.92
ORD-000836,f9fc8038-04f0-432b-a50c-a7a5af2a2345,2,10.97,21.94
ORD-000837,a6abb6d5-04a1-44a8-ab10-f1f274300e03,2,889.06,1778.12
ORD-000837,8e0f4ddc-7f59-4218-b3c4-d3f34125168a,3,100.15,300.45000000000005
ORD-000838,671a5b36-3c48-4567-a517-7dba3fb1d09f,2,796.83,1593.66
ORD-000838,4208330c-150b-463f-a7c7-0673090914e8,2,500.87,1001.74
ORD-000838,c9360b39-4f2d-480b-82ce-6da8c789fa7f,1,506.54,506.54
ORD-000839,89b21998-89f0-438d-9c22-841ebc194ee5,2,598.33,1196.66
ORD-000840,fb016ade-5c71-45c2-9cf9-04683455a4d4,3,906.86,2720.58
ORD-000840,71cc17b0-7afa-4146-b237-990ccd566c1c,3,488.37,1465.1100000000001
ORD-000840,193b42ad-40fd-462a-b98e-b77cc9f6e888,1,44.39,44.39
ORD-000841,0455be0d-d01b-4d23-9869-de8d353d91ad,3,801.91,2405.73
ORD-000841,dbd238cd-421d-41ef-a210-82c1c00cf62c,2,901.22,1802.44
ORD-000841,7a5f0e72-27b0-4209-a5fc-b169a612ba9f,2,854.01,1708.02
ORD-000841,315e1105-d13a-4238-9da3-93dd8555b2b0,1,725.77,725.77
ORD-000842,fb016ade-5c71-45c2-9cf9-04683455a4d4,2,951.6,1903.2
ORD-000843,21f90a72-45a0-4a27-aeaa-7f370cca438e,3,85.23,255.69
ORD-000843,ff22512f-6c6f-4752-9f58-caec61b6cb91,1,598.43,598.43
ORD-000843,cc9e8554-b363-43de-94d4-cd8918d96dfb,2,468.9,937.8
ORD-000844,ef7d92e4-6287-4a2d-8551-d5d2a4a51d5d,3,648.57,1945.71
ORD-000844,99371c9b-acdd-4ec1-8eb4-e4d45fffae47,2,281.54,563.08
ORD-000844,5f4b66a4-629f-416e-bdb6-36f673204882,3,407.66,1222.98
ORD-000844,8a5a9ca5-73e4-4ebd-91df-9e78783ac1fd,2,33.7,67.4
ORD-000845,68457cfd-15e1-4596-a81f-3df9fe90b61c,2,758.62,1517.24
ORD-000845,2a9062a5-1a82-4732-863d-fa089ad07586,2,515.25,1030.5
ORD-000845,7a5f0e72-27b0-4209-a5fc-b169a612ba9f,3,711.52,2134.56
ORD-000846,dbd238cd-421d-41ef-a210-82c1c00cf62c,1,970.25,970.25
ORD-000846,707ddaf2-2092-4b20-8ea8-a38a49a705bb,2,619.52,1239.04
ORD-000846,d08c345b-0596-4dd7-9867-6b5d4077070d,3,132.64,397.91999999999996
ORD-000847,ee6204b7-db26-4235-8b62-6e5b3224061d,2,828.77,1657.54
ORD-000847,3d75e4dd-8c0d-4ca1-b8fc-94899558f59d,2,336.29,672.58
ORD-000848,90cd07ed-a352-4b36-a0cc-b00bc3a206d0,1,13.13,13.13
ORD-000849,bfc6e01d-0aeb-4c5c-906e-9c4b32bd6a2c,3,400.0,1200.0
ORD-000849,7b766140-2096-40c6-bd41-30e19a9cfa16,2,954.2,1908.4
ORD-000849,d11a42dd-8e96-4213-9ac0-1c7d97019f1e,3,85.25,255.75
ORD-000850,3855fb85-8e60-4c4c-8d0c-d5e1d0b73a24,3,56.59,169.77
ORD-000850,3d75e4dd-8c0d-4ca1-b8fc-94899558f59d,3,298.12,894.36
ORD-000850,b0bf5af1-fb0c-44d2-a03e-9803a9d3d464,1,153.71,153.71
ORD-000850,0fa5d429-0e39-4bb5-8b14-2d77fd17e378,2,546.04,1092.08
ORD-000850,454b4bb2-e284-45c4-bbdf-2eb6aa50e3f4,3,566.48,1699.44
ORD-000851,9a612763-a18d-4647-9ea3-77af34124d8a,2,345.29,690.58
ORD-000852,3d75e4dd-8c0d-4ca1-b8fc-94899558f59d,3,291.27,873.81
ORD-000853,fb016ade-5c71-45c2-9cf9-04683455a4d4,2,858.64,1717.28
ORD-000853,366aced0-fca0-4552-b005-693380619df5,1,360.22,360.22
ORD-000853,6382aa8f-7015-49da-8e2b-33206e5d3fb4,2,27.61,55.22
ORD-000853,55ecc7b8-3b15-452b-b56f-ed44d9daea49,1,837.18,837.18
ORD-000853,fa85c5bc-4464-4fe6-8dbe-c31c9deff2a4,3,164.21,492.63
ORD-000854,e3bfcdbd-04e2-4a88-a250-358045a9c86a,1,782.08,782.08
ORD-000854,707ddaf2-2092-4b20-8ea8-a38a49a705bb,3,605.38,1816.1399999999999
ORD-000854,5efd7556-eb0c-4dac-bf16-a67ac3bf34ab,1,498.57,498.57
ORD-000854,7f860829-11cb-4357-9a02-efdfb77649ae,3,633.22,1899.66
ORD-000854,193b42ad-40fd-462a-b98e-b77cc9f6e888,3,44.63,133.89000000000001
ORD-000855,63c48bf1-fad6-4da1-8140-67b2bb06d791,2,627.52,1255.04
ORD-000855,fa85c5bc-4464-4fe6-8dbe-c31c9deff2a4,3,172.24,516.72
ORD-000855,bd7b09b1-2139-484c-975c-6adc6bf68daa,3,194.44,583.3199999999999
ORD-000856,ba6ea82d-d057-4aef-8f9e-030ff94edeea,2,47.08,94.16
ORD-000856,16664571-6011-4d6e-b585-66afb586279a,1,490.84,490.84
ORD-000856,4b8df45f-8e44-4f15-bd8f-a378a0c58905,2,723.8,1447.6
ORD-000856,1f2074d5-523f-42fc-b2e4-847619e94cc4,2,10.0,20.0
ORD-000857,7c7801a8-acca-4ccd-ad40-8a72fc19d689,2,840.73,1681.46
ORD-000857,9be2b865-2317-4f5b-b405-3f012f0bb8fb,2,44.3,88.6
ORD-000857,d1f03c1c-8c75-4b6a-856e-4d8177b8e3b5,2,986.81,1973.62
ORD-000857,94ba6334-cdc4-44a9-ab94-f80a2c07b053,2,548.74,1097.48
ORD-000857,6382aa8f-7015-49da-8e2b-33206e5d3fb4,1,24.46,24.46
ORD-000858,2a9062a5-1a82-4732-863d-fa089ad07586,3,521.87,1565.6100000000001
ORD-000858,4208330c-150b-463f-a7c7-0673090914e8,3,506.1,1518.3000000000002
ORD-000858,912e9f9e-9d04-46c6-a552-0b9dd7ce2734,3,799.46,2398.38
ORD-000859,2a9062a5-1a82-4732-863d-fa089ad07586,3,556.52,1669.56
ORD-000859,420bcdba-4659-4262-8b2a-e1be49145905,1,219.59,219.59
ORD-000859,b93cddf2-6537-4127-8ce2-624f9aa29834,3,219.8,659.4000000000001
ORD-000859,912e9f9e-9d04-46c6-a552-0b9dd7ce2734,2,785.17,1570.34
ORD-000860,63a41a01-c853-4665-b54a-1ee98a25cc24,3,590.33,1770.9900000000002
ORD-000860,caf918e8-9227-4c43-a07c-5d2636c70c4a,3,182.52,547.5600000000001
ORD-000860,405bebd4-be7d-4505-a89f-6ef992011c8b,3,875.78,2627.34
ORD-000860,52c020c9-f59b-4eb7-a254-a01478fc4614,3,720.35,2161.05
ORD-000861,5e97e495-e132-433b-9087-b8df43ed91c6,2,96.44,192.88
ORD-000861,2a9062a5-1a82-4732-863d-fa089ad07586,2,474.36,948.72
ORD-000861,68457cfd-15e1-4596-a81f-3df9fe90b61c,1,817.5,817.5
ORD-000861,9b91e12d-ce6e-4b84-8a85-1e6f0746fc96,1,689.63,689.63
ORD-000861,deebf19b-f879-4e94-96dd-7544e5a8241b,3,838.62,2515.86
ORD-000862,8569c478-c99b-4c60-be7e-5a1563b3a4e2,3,566.12,1698.3600000000001
ORD-000862,5a9eb21e-edd6-45d1-8aca-409e73e04659,1,459.03,459.03
ORD-000863,c5cb56bf-36b3-4b90-9e9f-1e49aa762838,1,618.03,618.03
ORD-000863,d9cc0d7e-ba3d-4639-a308-14db91d71d96,2,312.77,625.54
ORD-000863,60b84dd6-d802-4494-8360-067cf1e8e22e,3,284.59,853.77
ORD-000863,4e71de59-4d7f-4ba4-908e-5b6eb0550621,2,792.32,1584.64
ORD-000864,f7e68e0f-782c-4aac-a779-0c44ad195769,1,130.78,130.78
ORD-000864,60d6813e-5f16-468e-9c55-9bef30b5a553,2,515.58,1031.16
ORD-000864,7bf80092-7e1d-4c0b-9907-d08c279385b7,3,553.2,1659.6000000000001
ORD-000865,7425f7d5-c9e3-4485-b539-cf6ebe8f8a25,1,737.94,737.94
ORD-000865,75be87b1-b37b-4a23-aed6-08cc34a651ac,1,397.36,397.36
ORD-000865,60d6813e-5f16-468e-9c55-9bef30b5a553,3,590.74,1772.22
ORD-000866,454b7ebc-fee8-4590-a620-8eb467fecb64,1,550.24,550.24
ORD-000867,16664571-6011-4d6e-b585-66afb586279a,3,581.52,1744.56
ORD-000867,7c34cee5-7109-4ee9-9ee2-570dc90f5978,2,826.66,1653.32
ORD-000867,fcbb56a1-b862-4fb2-88fe-ed0472814307,3,440.7,1322.1
ORD-000867,6764c33e-0b6b-436f-a668-17d7c7446edd,3,304.37,913.11
ORD-000867,c5cb56bf-36b3-4b90-9e9f-1e49aa762838,2,635.4,1270.8
ORD-000868,7bf80092-7e1d-4c0b-9907-d08c279385b7,2,529.51,1059.02
ORD-000868,b67caa36-478c-44e8-955c-980b0edb39fc,3,1064.28,3192.84
ORD-000868,85426297-26fc-49a2-a69e-0a4e6af9a45c,1,437.31,437.31
ORD-000868,9a612763-a18d-4647-9ea3-77af34124d8a,3,328.61,985.83
ORD-000868,da67f0be-e782-4f46-adf3-77b094d80592,1,273.29,273.29
ORD-000869,68457cfd-15e1-4596-a81f-3df9fe90b61c,1,763.53,763.53
ORD-000870,7a5f0e72-27b0-4209-a5fc-b169a612ba9f,1,836.47,836.47
ORD-000871,a6abb6d5-04a1-44a8-ab10-f1f274300e03,3,833.63,2500.89
ORD-000871,366aced0-fca0-4552-b005-693380619df5,1,410.36,410.36
ORD-000871,fd8ababa-b19a-4e03-9b81-8402dc09b8b0,1,300.47,300.47
ORD-000871,d772ec05-2262-4b97-8c5b-0d43fe6340db,1,100.78,100.78
ORD-000872,d11a42dd-8e96-4213-9ac0-1c7d97019f1e,3,80.41,241.23
ORD-000872,7b766140-2096-40c6-bd41-30e19a9cfa16,3,1015.68,3047.04
ORD-000872,3cecfc42-0caa-4b16-8136-54fbbbef5d7e,3,975.9,2927.7
ORD-000872,90cd07ed-a352-4b36-a0cc-b00bc3a206d0,2,14.85,29.7
ORD-000873,21f90a72-45a0-4a27-aeaa-7f370cca438e,2,98.99,197.98
ORD-000873,bf47ea32-f0cd-4cbe-89ea-3949a76eb378,1,470.44,470.44
ORD-000874,8c205c60-3b62-4af1-8e3b-6d36315814ae,1,977.95,977.95
ORD-000875,dbd238cd-421d-41ef-a210-82c1c00cf62c,3,1018.89,3056.67
ORD-000875,87db6283-4935-4d50-b89b-026c1918a3f4,1,149.72,149.72
ORD-000875,2e8fd2aa-3e7f-4fb1-aa6b-1c3738a5a388,1,611.94,611.94
ORD-000875,8569c478-c99b-4c60-be7e-5a1563b3a4e2,3,560.1,1680.3000000000002
ORD-000875,7b766140-2096-40c6-bd41-30e19a9cfa16,1,1014.87,1014.87
ORD-000876,c5784eab-50a3-47c7-8dbe-00213caf5933,1,722.62,722.62
ORD-000877,cc50103c-c090-40dd-b09e-129491b983e4,2,427.02,854.04
ORD-000877,0166f91f-430b-4bdb-9f7a-561e622896ec,1,622.57,622.57
ORD-000877,c5ff2331-db2f-4ecd-a938-d8b6c34e174d,1,709.87,709.87
ORD-000877,9a612763-a18d-4647-9ea3-77af34124d8a,1,339.26,339.26
ORD-000878,70343e52-0a89-43cb-86df-8ddaaf47dff1,3,589.93,1769.79
ORD-000879,5ba9f94f-7c5f-407d-ad88-c5c264376435,2,894.73,1789.46
ORD-000879,671a5b36-3c48-4567-a517-7dba3fb1d09f,3,771.79,2315.37
ORD-000880,4e71de59-4d7f-4ba4-908e-5b6eb0550621,2,728.26,1456.52
ORD-000880,6764c33e-0b6b-436f-a668-17d7c7446edd,2,320.7,641.4
ORD-000880,ee6204b7-db26-4235-8b62-6e5b3224061d,1,758.55,758.55
ORD-000881,3f35308c-7fb2-4c8c-8aaa-2f60914da1cc,3,233.97,701.91
ORD-000881,10483ae3-3fc2-4384-bd7a-62aea10b3754,1,813.37,813.37
ORD-000881,70343e52-0a89-43cb-86df-8ddaaf47dff1,1,629.06,629.06
ORD-000881,f8fe12a5-1e45-46db-b206-769db4270f04,1,788.7,788.7
ORD-000881,9077a69a-7977-4d2e-bee5-aadf01e84cc6,2,873.16,1746.32
ORD-000882,061a25ae-bdae-4ffd-90d4-f3ab3e8ecefe,2,230.25,460.5
ORD-000882,9a612763-a18d-4647-9ea3-77af34124d8a,2,335.52,671.04
ORD-000883,532fb4b4-b30a-4ecd-a59f-88383b1b4111,1,803.33,803.33
ORD-000883,7bf80092-7e1d-4c0b-9907-d08c279385b7,3,579.33,1737.9900000000002
ORD-000883,ff22512f-6c6f-4752-9f58-caec61b6cb91,1,622.81,622.81
ORD-000883,26fdd0a3-d3c1-4b32-958b-645ecf7fc069,2,1039.65,2079.3
ORD-000883,b67caa36-478c-44e8-955c-980b0edb39fc,3,952.8,2858.3999999999996
ORD-000884,94ba6334-cdc4-44a9-ab94-f80a2c07b053,2,597.09,1194.18
ORD-000884,2aa43396-ca8f-433d-b472-4df14fcbbadf,3,336.53,1009.5899999999999
ORD-000884,3f35308c-7fb2-4c8c-8aaa-2f60914da1cc,2,277.96,555.92
ORD-000885,ab85e304-fe27-44fd-b1ac-6bb0bc578a3e,1,885.9,885.9
ORD-000885,7c34cee5-7109-4ee9-9ee2-570dc90f5978,1,942.42,942.42
ORD-000885,7a5f0e72-27b0-4209-a5fc-b169a612ba9f,3,743.6,2230.8
ORD-000886,b70acae6-2103-41b9-a113-f23f9b293a5d,1,450.28,450.28
ORD-000886,5ba9f94f-7c5f-407d-ad88-c5c264376435,3,849.83,2549.4900000000002
ORD-000887,0ec71bd2-524d-47f9-9684-3a2ea9fea671,2,113.82,227.64
ORD-000888,b0d968cc-2620-4a46-9cdc-3171d64b59b6,1,254.65,254.65
ORD-000888,405bebd4-be7d-4505-a89f-6ef992011c8b,3,810.79,2432.37
ORD-000888,454b4bb2-e284-45c4-bbdf-2eb6aa50e3f4,1,591.07,591.07
ORD-000889,90ef69e2-4c38-4a58-abf2-7ca075f0ef61,3,396.74,1190.22
ORD-000889,52c020c9-f59b-4eb7-a254-a01478fc4614,1,781.07,781.07
ORD-000890,050d253d-22dc-473f-813b-6faf3727d9a4,3,351.02,1053.06
ORD-000891,bf47ea32-f0cd-4cbe-89ea-3949a76eb378,3,478.28,1434.84
ORD-000891,bce24858-fad5-4c3f-98b1-e71187222c2b,1,419.16,419.16
ORD-000891,3cecfc42-0caa-4b16-8136-54fbbbef5d7e,3,968.66,2905.98
ORD-000892,3760e57c-2f23-40d2-ae8d-1b6bcee93dfb,1,425.96,425.96
ORD-000893,70343e52-0a89-43cb-86df-8ddaaf47dff1,3,587.72,1763.16
ORD-000893,f7aa4564-5e47-4f7b-bf6d-acd15d81d874,3,965.47,2896.41
ORD-000893,94cae71c-088a-4a34-a24f-4a036fd8264a,3,562.81,1688.4299999999998
ORD-000894,faab82fa-51cf-4676-bff7-2f7bf7b28cf3,1,775.34,775.34
ORD-000894,ad82f489-80fb-4ab2-bdcb-13e79d0e35fb,2,670.16,1340.32
ORD-000895,d1f03c1c-8c75-4b6a-856e-4d8177b8e3b5,2,886.91,1773.82
ORD-000895,4375b157-2438-422b-aa81-33c6480a48b2,2,281.21,562.42
ORD-000895,8be9d6b9-e56b-4c5e-a460-748e7c075dae,2,627.43,1254.86
ORD-000895,bf47ea32-f0cd-4cbe-89ea-3949a76eb378,3,481.72,1445.16
ORD-000895,94ba6334-cdc4-44a9-ab94-f80a2c07b053,3,610.01,1830.03
ORD-000896,0d7a085b-b4d5-419f-ad5e-9f79d6908bb0,2,874.14,1748.28
ORD-000896,c3522c3b-6d84-4b59-8d46-dfd3c8e5a9d2,2,431.85,863.7
ORD-000896,0e5bd978-c61f-4398-846f-ef3d11025b05,2,508.55,1017.1
ORD-000897,68457cfd-15e1-4596-a81f-3df9fe90b61c,1,749.77,749.77
ORD-000897,fd8ababa-b19a-4e03-9b81-8402dc09b8b0,3,324.61,973.83
ORD-000897,aaac043e-d176-493d-8b2f-408bdd5e57ad,2,455.88,911.76
ORD-000897,45614ebe-6ff3-4afa-b719-15f5a9fb2ecd,3,90.55,271.65
ORD-000897,9be2b865-2317-4f5b-b405-3f012f0bb8fb,1,40.07,40.07
ORD-000898,3760e57c-2f23-40d2-ae8d-1b6bcee93dfb,2,390.05,780.1
ORD-000898,67ec5461-6b1d-41ec-84d3-3b4ffe2f9592,3,142.96,428.88
ORD-000898,28ceec8b-a2b2-40ba-a0f6-14292187fede,3,809.65,2428.95
ORD-000899,16664571-6011-4d6e-b585-66afb586279a,3,542.74,1628.22
ORD-000899,37e48379-d810-4be1-90e2-195c0f2f6de5,2,185.04,370.08
ORD-000900,26dc7e49-f0e9-49a9-a86d-6d43c48fcb61,3,618.68,1856.04
ORD-000901,3cecfc42-0caa-4b16-8136-54fbbbef5d7e,3,1024.46,3073.38
ORD-000901,d08c345b-0596-4dd7-9867-6b5d4077070d,3,116.3,348.9
ORD-000901,2aa43396-ca8f-433d-b472-4df14fcbbadf,1,334.57,334.57
ORD-000902,faab82fa-51cf-4676-bff7-2f7bf7b28cf3,1,691.9,691.9
ORD-000902,70343e52-0a89-43cb-86df-8ddaaf47dff1,2,631.01,1262.02
ORD-000903,671a5b36-3c48-4567-a517-7dba3fb1d09f,1,752.97,752.97
ORD-000903,7c34cee5-7109-4ee9-9ee2-570dc90f5978,3,933.02,2799.06
ORD-000903,68d81f9a-9cc0-4b20-9838-257ad1927777,2,121.97,243.94
ORD-000904,87db6283-4935-4d50-b89b-026c1918a3f4,3,139.99,419.97
ORD-000904,0166f91f-430b-4bdb-9f7a-561e622896ec,2,625.76,1251.52
ORD-000904,bce24858-fad5-4c3f-98b1-e71187222c2b,1,468.59,468.59
ORD-000905,10f847f0-0a23-402a-bb45-480ffa6e1098,3,289.72,869.1600000000001
ORD-000905,caf918e8-9227-4c43-a07c-5d2636c70c4a,3,175.5,526.5
ORD-000905,1a037248-f604-4a40-8f01-a1ec98cba9ba,3,984.22,2952.66
ORD-000906,d74ab3e8-a38b-4065-b223-4565aaade398,1,390.41,390.41
ORD-000906,33842d9c-8a4f-479f-953b-efa0ab91e543,1,664.19,664.19
ORD-000906,8c205c60-3b62-4af1-8e3b-6d36315814ae,3,896.65,2689.95
ORD-000906,d772ec05-2262-4b97-8c5b-0d43fe6340db,1,102.76,102.76
ORD-000906,fcbb56a1-b862-4fb2-88fe-ed0472814307,1,409.02,409.02
ORD-000907,90cd07ed-a352-4b36-a0cc-b00bc3a206d0,3,15.08,45.24
ORD-000907,e3bfcdbd-04e2-4a88-a250-358045a9c86a,3,840.09,2520.27
ORD-000907,99371c9b-acdd-4ec1-8eb4-e4d45fffae47,3,304.58,913.74
ORD-000907,8899b0dc-71a0-4fa0-a6b0-ac9f5ce7480c,3,19.13,57.39
ORD-000908,315e1105-d13a-4238-9da3-93dd8555b2b0,2,648.07,1296.14
ORD-000908,671a5b36-3c48-4567-a517-7dba3fb1d09f,2,787.29,1574.58
ORD-000909,3693fe0b-4ec7-46b0-a018-f78f6cbd809b,2,437.74,875.48
ORD-000909,454b7ebc-fee8-4590-a620-8eb467fecb64,2,590.13,1180.26
ORD-000910,bf47ea32-f0cd-4cbe-89ea-3949a76eb378,3,505.41,1516.23
ORD-000910,1f2074d5-523f-42fc-b2e4-847619e94cc4,1,10.97,10.97
ORD-000910,c9543a40-1b4c-4e7b-9ac1-572e5b495f5e,2,150.63,301.26
ORD-000911,15725fd3-bcc9-4d75-b86d-13a46fb28e30,1,627.13,627.13
ORD-000911,fcbb56a1-b862-4fb2-88fe-ed0472814307,2,417.8,835.6
ORD-000911,050d253d-22dc-473f-813b-6faf3727d9a4,3,309.85,929.5500000000001
ORD-000911,e8a79c65-89d1-45db-90cd-7e145b3c7e3a,2,572.35,1144.7
ORD-000911,8e0f4ddc-7f59-4218-b3c4-d3f34125168a,2,88.19,176.38
ORD-000912,ca25b56a-0fbb-4e75-90e5-e214ad3b390d,3,610.15,1830.4499999999998
ORD-000912,b93cddf2-6537-4127-8ce2-624f9aa29834,1,247.12,247.12
ORD-000913,6e0a26d0-33df-4412-83c4-f2d36c0ac262,3,921.32,2763.96
ORD-000913,c5ff2331-db2f-4ecd-a938-d8b6c34e174d,2,822.24,1644.48
ORD-000913,d11a42dd-8e96-4213-9ac0-1c7d97019f1e,1,94.75,94.75
ORD-000914,d74ab3e8-a38b-4065-b223-4565aaade398,1,379.65,379.65
ORD-000915,5365a6b3-f8c1-4cba-b21f-bda73e899461,2,150.56,301.12
ORD-000915,5a9eb21e-edd6-45d1-8aca-409e73e04659,3,429.88,1289.6399999999999
ORD-000915,454b4bb2-e284-45c4-bbdf-2eb6aa50e3f4,3,528.32,1584.96
ORD-000915,315e1105-d13a-4238-9da3-93dd8555b2b0,2,737.48,1474.96
ORD-000916,3a8579a0-82ca-4403-8e61-9e860a8aa440,1,359.35,359.35
ORD-000916,366aced0-fca0-4552-b005-693380619df5,1,343.24,343.24
ORD-000916,9077a69a-7977-4d2e-bee5-aadf01e84cc6,2,1016.68,2033.36
ORD-000916,bd7b09b1-2139-484c-975c-6adc6bf68daa,2,208.92,417.84
ORD-000916,420bcdba-4659-4262-8b2a-e1be49145905,3,245.17,735.51
ORD-000917,33b1781a-3a1b-419d-ab45-8633ffb25560,3,249.38,748.14
ORD-000917,dc0d3770-971f-4886-a3a5-52d5d3432e38,3,352.66,1057.98
ORD-000918,ee6671b0-66ad-4c31-8384-1f21d0621b8d,3,431.58,1294.74
ORD-000918,deebf19b-f879-4e94-96dd-7544e5a8241b,3,901.85,2705.55
ORD-000918,7425f7d5-c9e3-4485-b539-cf6ebe8f8a25,2,775.2,1550.4
ORD-000918,d74ab3e8-a38b-4065-b223-4565aaade398,3,395.37,1186.1100000000001
ORD-000918,4ff0f9b1-185b-464f-a09f-8af3db013013,2,419.76,839.52
ORD-000919,aaac043e-d176-493d-8b2f-408bdd5e57ad,3,455.9,1367.6999999999998
ORD-000919,6764c33e-0b6b-436f-a668-17d7c7446edd,3,296.44,889.3199999999999
ORD-000919,e4f440b3-e2e8-4c4c-b460-5938baf5fc34,2,719.99,1439.98
ORD-000919,ae458e21-3770-4079-9fed-c30b7ac9308d,2,810.08,1620.16
ORD-000919,90cd07ed-a352-4b36-a0cc-b00bc3a206d0,1,15.72,15.72
ORD-000920,0d7a085b-b4d5-419f-ad5e-9f79d6908bb0,2,820.45,1640.9
ORD-000920,ab85e304-fe27-44fd-b1ac-6bb0bc578a3e,3,1013.22,3039.66
ORD-000921,2aa43396-ca8f-433d-b472-4df14fcbbadf,1,349.94,349.94
ORD-000921,3278b24e-b3ba-4f5e-b1ac-eee48208f7d9,2,841.99,1683.98
ORD-000922,420bcdba-4659-4262-8b2a-e1be49145905,1,249.29,249.29
ORD-000922,0dc39a14-a7b4-4bef-aed4-4e5d8a05457e,3,342.6,1027.8000000000002
ORD-000922,3d3df6c1-f288-472e-a21b-3132cb59b383,1,481.56,481.56
ORD-000922,050d253d-22dc-473f-813b-6faf3727d9a4,3,351.05,1053.15
ORD-000922,fd8ababa-b19a-4e03-9b81-8402dc09b8b0,1,304.29,304.29
ORD-000923,b67caa36-478c-44e8-955c-980b0edb39fc,1,895.94,895.94
ORD-000923,70d242a2-d6e6-49b2-82dd-dc10f9505de7,1,489.19,489.19
ORD-000923,893204df-ac13-4689-9a88-7bca558213da,2,857.44,1714.88
ORD-000923,050d253d-22dc-473f-813b-6faf3727d9a4,3,329.11,987.33
ORD-000923,5e97e495-e132-433b-9087-b8df43ed91c6,2,95.24,190.48
ORD-000924,7b766140-2096-40c6-bd41-30e19a9cfa16,2,1015.12,2030.24
ORD-000925,60d6813e-5f16-468e-9c55-9bef30b5a553,3,575.16,1725.48
ORD-000925,937bff8a-d5ab-43ab-b22a-f408ac90f9f1,2,1048.29,2096.58
ORD-000925,7c34cee5-7109-4ee9-9ee2-570dc90f5978,3,933.93,2801.79
ORD-000926,2a9062a5-1a82-4732-863d-fa089ad07586,2,496.02,992.04
ORD-000926,405bebd4-be7d-4505-a89f-6ef992011c8b,3,869.16,2607.48
ORD-000926,b93cddf2-6537-4127-8ce2-624f9aa29834,3,241.5,724.5
ORD-000926,061a25ae-bdae-4ffd-90d4-f3ab3e8ecefe,3,258.02,774.06
ORD-000926,94ba6334-cdc4-44a9-ab94-f80a2c07b053,1,566.72,566.72
ORD-000927,63a41a01-c853-4665-b54a-1ee98a25cc24,1,611.21,611.21
ORD-000927,050d253d-22dc-473f-813b-6faf3727d9a4,3,356.58,1069.74
ORD-000927,ae458e21-3770-4079-9fed-c30b7ac9308d,3,762.51,2287.5299999999997
ORD-000928,405ad395-d291-49d4-9bd4-d211ffc22eea,1,507.48,507.48
ORD-000928,68d81f9a-9cc0-4b20-9838-257ad1927777,2,110.72,221.44
ORD-000928,4208330c-150b-463f-a7c7-0673090914e8,2,589.41,1178.82
ORD-000928,f04f4f12-96b4-4d8e-aada-f268607e003c,3,699.8,2099.3999999999996
ORD-000929,6e0a26d0-33df-4412-83c4-f2d36c0ac262,3,947.09,2841.27
ORD-000930,f7aa4564-5e47-4f7b-bf6d-acd15d81d874,3,871.01,2613.0299999999997
ORD-000930,33842d9c-8a4f-479f-953b-efa0ab91e543,1,617.61,617.61
ORD-000930,ad82f489-80fb-4ab2-bdcb-13e79d0e35fb,3,602.32,1806.96
ORD-000930,c5ff2331-db2f-4ecd-a938-d8b6c34e174d,2,804.7,1609.4
ORD-000930,811e2471-6b40-4188-95ed-ace81f69d335,1,332.42,332.42
ORD-000931,85426297-26fc-49a2-a69e-0a4e6af9a45c,2,472.89,945.78
ORD-000931,937bff8a-d5ab-43ab-b22a-f408ac90f9f1,2,1021.47,2042.94
ORD-000932,67ec5461-6b1d-41ec-84d3-3b4ffe2f9592,2,154.24,308.48
ORD-000932,bf47ea32-f0cd-4cbe-89ea-3949a76eb378,2,466.11,932.22
ORD-000932,f10acdec-95f8-4977-a21d-8254c9fbf5ba,1,382.01,382.01
ORD-000932,68d81f9a-9cc0-4b20-9838-257ad1927777,2,109.6,219.2
ORD-000932,da096c2a-6ee1-4f2c-83b3-0f2f76fe15c9,2,143.42,286.84
ORD-000933,4f81a909-a41c-4d86-a956-3dfa8676343c,3,572.0,1716.0
ORD-000933,68457cfd-15e1-4596-a81f-3df9fe90b61c,3,748.16,2244.48
ORD-000933,f8fe12a5-1e45-46db-b206-769db4270f04,1,912.81,912.81
ORD-000934,bf47ea32-f0cd-4cbe-89ea-3949a76eb378,3,498.1,1494.3000000000002
ORD-000934,70343e52-0a89-43cb-86df-8ddaaf47dff1,1,536.27,536.27
ORD-000934,0455be0d-d01b-4d23-9869-de8d353d91ad,2,741.12,1482.24
ORD-000934,10f847f0-0a23-402a-bb45-480ffa6e1098,2,253.33,506.66
ORD-000935,454b4bb2-e284-45c4-bbdf-2eb6aa50e3f4,2,542.85,1085.7
ORD-000935,405ad395-d291-49d4-9bd4-d211ffc22eea,2,530.93,1061.86
ORD-000935,cc9e8554-b363-43de-94d4-cd8918d96dfb,2,462.52,925.04
ORD-000935,70343e52-0a89-43cb-86df-8ddaaf47dff1,1,573.08,573.08
ORD-000936,deebf19b-f879-4e94-96dd-7544e5a8241b,1,923.51,923.51
ORD-000936,d772ec05-2262-4b97-8c5b-0d43fe6340db,1,94.81,94.81
ORD-000936,fb016ade-5c71-45c2-9cf9-04683455a4d4,3,809.41,2428.23
ORD-000936,f371f7f7-a2de-4914-8f74-9432cc9522f4,3,663.92,1991.7599999999998
ORD-000937,419ec84b-1236-48c4-8bc5-a1a124851553,2,885.18,1770.36
ORD-000938,315e1105-d13a-4238-9da3-93dd8555b2b0,1,704.35,704.35
ORD-000938,da67f0be-e782-4f46-adf3-77b094d80592,3,253.95,761.8499999999999
ORD-000938,909c4825-1e5b-4389-b3fa-c87e6de42a78,3,509.53,1528.59
ORD-000938,fd3507a2-3ab7-491f-984f-099ccd09eb79,1,972.27,972.27
ORD-000938,3d75e4dd-8c0d-4ca1-b8fc-94899558f59d,2,339.6,679.2
ORD-000939,2921a438-07b9-461e-95bf-ae0600aa711e,2,245.83,491.66
ORD-000939,89b21998-89f0-438d-9c22-841ebc194ee5,3,645.32,1935.96
ORD-000939,68457cfd-15e1-4596-a81f-3df9fe90b61c,1,692.87,692.87
ORD-000940,16664571-6011-4d6e-b585-66afb586279a,3,530.95,1592.8500000000001
ORD-000941,e8a79c65-89d1-45db-90cd-7e145b3c7e3a,3,569.82,1709.46
ORD-000941,f04f4f12-96b4-4d8e-aada-f268607e003c,1,634.96,634.96
ORD-000942,193b42ad-40fd-462a-b98e-b77cc9f6e888,3,41.72,125.16
ORD-000942,ef5f3f32-50c4-44aa-a8cf-b70c38a7c67e,3,187.45,562.3499999999999
ORD-000942,4375b157-2438-422b-aa81-33c6480a48b2,1,283.56,283.56
ORD-000942,ee6204b7-db26-4235-8b62-6e5b3224061d,3,837.12,2511.36
ORD-000943,6f13ee39-c753-4c6e-a1d5-280ae443373b,3,423.03,1269.09
ORD-000944,3855fb85-8e60-4c4c-8d0c-d5e1d0b73a24,1,57.84,57.84
ORD-000944,67ec5461-6b1d-41ec-84d3-3b4ffe2f9592,2,161.62,323.24
ORD-000944,bd7b09b1-2139-484c-975c-6adc6bf68daa,2,204.09,408.18
ORD-000944,cc9e8554-b363-43de-94d4-cd8918d96dfb,1,445.51,445.51
ORD-000945,f8fe12a5-1e45-46db-b206-769db4270f04,2,844.08,1688.16
ORD-000945,def4bb75-19e7-4d7c-8886-339395c44fc5,2,917.99,1835.98
ORD-000945,ad82f489-80fb-4ab2-bdcb-13e79d0e35fb,2,639.99,1279.98
ORD-000945,caf918e8-9227-4c43-a07c-5d2636c70c4a,2,167.66,335.32
ORD-000945,7a5f0e72-27b0-4209-a5fc-b169a612ba9f,3,791.18,2373.54
ORD-000946,55ecc7b8-3b15-452b-b56f-ed44d9daea49,2,824.79,1649.58
ORD-000946,d11a42dd-8e96-4213-9ac0-1c7d97019f1e,3,81.32,243.95999999999998
ORD-000946,0455be0d-d01b-4d23-9869-de8d353d91ad,1,751.54,751.54
ORD-000946,0166f91f-430b-4bdb-9f7a-561e622896ec,1,674.33,674.33
ORD-000947,5365a6b3-f8c1-4cba-b21f-bda73e899461,1,167.33,167.33
ORD-000947,ab85e304-fe27-44fd-b1ac-6bb0bc578a3e,2,874.64,1749.28
ORD-000947,52c020c9-f59b-4eb7-a254-a01478fc4614,3,828.81,2486.43
ORD-000947,99371c9b-acdd-4ec1-8eb4-e4d45fffae47,1,310.01,310.01
ORD-000947,1bf69c20-872b-4d71-b68d-62ddaa662a91,1,23.55,23.55
ORD-000948,d08c345b-0596-4dd7-9867-6b5d4077070d,2,123.39,246.78
ORD-000948,75be87b1-b37b-4a23-aed6-08cc34a651ac,3,423.66,1270.98
ORD-000948,c9543a40-1b4c-4e7b-9ac1-572e5b495f5e,1,167.76,167.76
ORD-000948,2f0b1d71-f73d-47c1-b0be-55161f273d55,2,714.52,1429.04
ORD-000948,4e71de59-4d7f-4ba4-908e-5b6eb0550621,3,750.63,2251.89
ORD-000949,d1f03c1c-8c75-4b6a-856e-4d8177b8e3b5,3,899.56,2698.68
ORD-000949,ede6f4f1-bcc6-44d7-9392-ab4a6ce2a110,1,67.09,67.09
ORD-000949,e4f440b3-e2e8-4c4c-b460-5938baf5fc34,1,790.67,790.67
ORD-000949,7a5f0e72-27b0-4209-a5fc-b169a612ba9f,2,793.13,1586.26
ORD-000949,f10acdec-95f8-4977-a21d-8254c9fbf5ba,2,381.77,763.54
ORD-000950,c5784eab-50a3-47c7-8dbe-00213caf5933,3,731.04,2193.12
ORD-000950,ba6ea82d-d057-4aef-8f9e-030ff94edeea,3,48.67,146.01
ORD-000950,45b5ae49-50c4-4c7a-bc7f-d2216d170c3f,1,241.32,241.32
ORD-000950,faab82fa-51cf-4676-bff7-2f7bf7b28cf3,2,745.45,1490.9
ORD-000951,85426297-26fc-49a2-a69e-0a4e6af9a45c,3,464.69,1394.07
ORD-000951,671a5b36-3c48-4567-a517-7dba3fb1d09f,1,781.71,781.71
ORD-000952,631da773-6e64-4717-9bd6-3ea10ab8a8a8,1,513.84,513.84
ORD-000952,a41172e5-d44c-45e7-a8b1-243eee76a01d,3,380.44,1141.32
ORD-000952,ad82f489-80fb-4ab2-bdcb-13e79d0e35fb,3,679.6,2038.8000000000002
ORD-000952,2e8fd2aa-3e7f-4fb1-aa6b-1c3738a5a388,2,550.12,1100.24
ORD-000953,10f6e3af-8e9e-4f38-811a-f929a91d59eb,3,257.78,773.3399999999999
ORD-000953,4b62729d-5443-4aea-9021-7b3065cb276f,3,741.77,2225.31
ORD-000953,fb016ade-5c71-45c2-9cf9-04683455a4d4,2,898.04,1796.08
ORD-000954,94ba6334-cdc4-44a9-ab94-f80a2c07b053,2,577.04,1154.08
ORD-000954,bce24858-fad5-4c3f-98b1-e71187222c2b,1,459.15,459.15
ORD-000955,da096c2a-6ee1-4f2c-83b3-0f2f76fe15c9,2,147.78,295.56
ORD-000955,f371f7f7-a2de-4914-8f74-9432cc9522f4,1,706.2,706.2
ORD-000955,7a5f0e72-27b0-4209-a5fc-b169a612ba9f,3,820.56,2461.68
ORD-000955,5f4b66a4-629f-416e-bdb6-36f673204882,1,384.75,384.75
ORD-000955,a6abb6d5-04a1-44a8-ab10-f1f274300e03,3,914.54,2743.62
ORD-000956,04f3f45b-d1d2-468f-926f-a20d38ffcf53,2,612.07,1224.14
ORD-000956,e3bfcdbd-04e2-4a88-a250-358045a9c86a,1,762.98,762.98
ORD-000957,26dc7e49-f0e9-49a9-a86d-6d43c48fcb61,2,544.23,1088.46
ORD-000957,dbd238cd-421d-41ef-a210-82c1c00cf62c,1,978.78,978.78
ORD-000957,74d41359-c624-44ba-8f3e-f9a3c9978f5a,3,520.29,1560.87
ORD-000957,10f847f0-0a23-402a-bb45-480ffa6e1098,2,285.3,570.6
ORD-000957,5365a6b3-f8c1-4cba-b21f-bda73e899461,1,157.64,157.64
ORD-000958,707ddaf2-2092-4b20-8ea8-a38a49a705bb,3,700.12,2100.36
ORD-000958,2921a438-07b9-461e-95bf-ae0600aa711e,2,256.39,512.78
ORD-000958,8e0f4ddc-7f59-4218-b3c4-d3f34125168a,2,99.56,199.12
ORD-000958,45b5ae49-50c4-4c7a-bc7f-d2216d170c3f,3,224.4,673.2
ORD-000959,16664571-6011-4d6e-b585-66afb586279a,2,507.14,1014.28
ORD-000959,9ef2e0e9-2048-4cf7-a441-d92d6fdc3f63,3,847.77,2543.31
ORD-000960,9a612763-a18d-4647-9ea3-77af34124d8a,2,342.06,684.12
ORD-000960,90cd07ed-a352-4b36-a0cc-b00bc3a206d0,3,14.71,44.13
ORD-000960,742d2c92-fcf6-4364-9bde-4490b7e5bb90,3,989.77,2969.31
ORD-000960,21f90a72-45a0-4a27-aeaa-7f370cca438e,3,99.38,298.14
ORD-000961,3855fb85-8e60-4c4c-8d0c-d5e1d0b73a24,1,58.9,58.9
ORD-000961,6059b6db-a71e-4aa4-a462-aa577d13efcd,3,77.35,232.04999999999998
ORD-000962,3a8579a0-82ca-4403-8e61-9e860a8aa440,1,352.93,352.93
ORD-000962,315e1105-d13a-4238-9da3-93dd8555b2b0,1,633.58,633.58
ORD-000962,ca25b56a-0fbb-4e75-90e5-e214ad3b390d,2,601.75,1203.5
ORD-000963,0166f91f-430b-4bdb-9f7a-561e622896ec,1,696.74,696.74
ORD-000964,fcbb56a1-b862-4fb2-88fe-ed0472814307,2,388.54,777.08
ORD-000964,63c48bf1-fad6-4da1-8140-67b2bb06d791,3,584.95,1754.8500000000001
ORD-000964,3d75e4dd-8c0d-4ca1-b8fc-94899558f59d,1,341.1,341.1
ORD-000964,4ff0f9b1-185b-464f-a09f-8af3db013013,1,420.58,420.58
ORD-000965,193b42ad-40fd-462a-b98e-b77cc9f6e888,2,43.08,86.16
ORD-000965,5365a6b3-f8c1-4cba-b21f-bda73e899461,2,169.03,338.06
ORD-000966,3855fb85-8e60-4c4c-8d0c-d5e1d0b73a24,1,49.09,49.09
ORD-000966,2e8fd2aa-3e7f-4fb1-aa6b-1c3738a5a388,2,601.32,1202.64
ORD-000966,fcbb56a1-b862-4fb2-88fe-ed0472814307,3,391.3,1173.9
ORD-000967,67ec5461-6b1d-41ec-84d3-3b4ffe2f9592,2,149.06,298.12
ORD-000967,55ecc7b8-3b15-452b-b56f-ed44d9daea49,3,861.27,2583.81
ORD-000968,8c205c60-3b62-4af1-8e3b-6d36315814ae,1,996.09,996.09
ORD-000968,b0d968cc-2620-4a46-9cdc-3171d64b59b6,2,256.57,513.14
ORD-000969,588a421a-a76c-48f5-b9cc-3d7953860c8a,2,352.93,705.86
ORD-000969,21f90a72-45a0-4a27-aeaa-7f370cca438e,2,94.46,188.92
ORD-000969,7c7801a8-acca-4ccd-ad40-8a72fc19d689,2,840.97,1681.94
ORD-000969,532fb4b4-b30a-4ecd-a59f-88383b1b4111,3,837.0,2511.0
ORD-000969,ff22512f-6c6f-4752-9f58-caec61b6cb91,2,645.7,1291.4
ORD-000970,454b4bb2-e284-45c4-bbdf-2eb6aa50e3f4,3,565.67,1697.0099999999998
ORD-000970,faab82fa-51cf-4676-bff7-2f7bf7b28cf3,2,670.11,1340.22
ORD-000970,5495fe5e-67f1-4652-aedc-41136b95eee7,3,431.12,1293.3600000000001
ORD-000970,71cc17b0-7afa-4146-b237-990ccd566c1c,3,556.81,1670.4299999999998
ORD-000971,4b62729d-5443-4aea-9021-7b3065cb276f,3,814.08,2442.2400000000002
ORD-000971,9bc4a986-aa96-4d57-b920-cf93e12654d8,1,234.36,234.36
ORD-000972,a41172e5-d44c-45e7-a8b1-243eee76a01d,2,350.71,701.42
ORD-000973,193b42ad-40fd-462a-b98e-b77cc9f6e888,3,43.54,130.62
ORD-000973,366aced0-fca0-4552-b005-693380619df5,1,362.67,362.67
ORD-000974,fa407e03-eb2d-4941-86fb-c31db86db758,3,353.31,1059.93
ORD-000974,05d41c69-92c2-48e8-ae4f-ba81c15eb0f9,2,281.51,563.02
ORD-000975,deff3d30-fa21-4823-b63c-3d4e6842e6c5,1,136.88,136.88
ORD-000976,3278b24e-b3ba-4f5e-b1ac-eee48208f7d9,2,774.75,1549.5
ORD-000976,c9360b39-4f2d-480b-82ce-6da8c789fa7f,3,504.54,1513.6200000000001
ORD-000977,ef5f3f32-50c4-44aa-a8cf-b70c38a7c67e,2,166.43,332.86
ORD-000978,6059b6db-a71e-4aa4-a462-aa577d13efcd,3,76.34,229.02
ORD-000978,588a421a-a76c-48f5-b9cc-3d7953860c8a,2,357.18,714.36
ORD-000978,68d81f9a-9cc0-4b20-9838-257ad1927777,1,104.32,104.32
ORD-000978,3693fe0b-4ec7-46b0-a018-f78f6cbd809b,1,391.97,391.97
ORD-000978,7a5f0e72-27b0-4209-a5fc-b169a612ba9f,3,805.86,2417.58
ORD-000979,26dc7e49-f0e9-49a9-a86d-6d43c48fcb61,2,516.09,1032.18
ORD-000979,89b21998-89f0-438d-9c22-841ebc194ee5,3,671.21,2013.63
ORD-000979,da096c2a-6ee1-4f2c-83b3-0f2f76fe15c9,2,158.64,317.28
ORD-000980,2393bff1-4e45-46ea-a406-e25b2af55019,3,565.85,1697.5500000000002
ORD-000980,ff22512f-6c6f-4752-9f58-caec61b6cb91,1,606.04,606.04
ORD-000981,5a9eb21e-edd6-45d1-8aca-409e73e04659,2,417.73,835.46
ORD-000981,0d7a085b-b4d5-419f-ad5e-9f79d6908bb0,1,780.18,780.18
ORD-000981,9be2b865-2317-4f5b-b405-3f012f0bb8fb,1,37.93,37.93
ORD-000981,c5cb56bf-36b3-4b90-9e9f-1e49aa762838,2,644.78,1289.56
ORD-000981,70343e52-0a89-43cb-86df-8ddaaf47dff1,2,564.16,1128.32
ORD-000982,f8fe12a5-1e45-46db-b206-769db4270f04,3,869.43,2608.29
ORD-000982,c9360b39-4f2d-480b-82ce-6da8c789fa7f,3,556.97,1670.91
ORD-000982,26dc7e49-f0e9-49a9-a86d-6d43c48fcb61,1,511.07,511.07
ORD-000983,6059b6db-a71e-4aa4-a462-aa577d13efcd,3,78.41,235.23
ORD-000983,7c7801a8-acca-4ccd-ad40-8a72fc19d689,3,913.14,2739.42
ORD-000983,366aced0-fca0-4552-b005-693380619df5,3,398.56,1195.68
ORD-000983,8a5a9ca5-73e4-4ebd-91df-9e78783ac1fd,2,31.7,63.4
ORD-000983,41a3d19b-1c8e-4a8e-a78e-e77252917c55,3,744.12,2232.36
ORD-000984,588a421a-a76c-48f5-b9cc-3d7953860c8a,1,390.27,390.27
ORD-000984,9a612763-a18d-4647-9ea3-77af34124d8a,1,320.67,320.67
ORD-000984,0455be0d-d01b-4d23-9869-de8d353d91ad,2,704.61,1409.22
ORD-000985,3cecfc42-0caa-4b16-8136-54fbbbef5d7e,2,910.89,1821.78
ORD-000985,6f13ee39-c753-4c6e-a1d5-280ae443373b,3,382.77,1148.31
ORD-000986,60d6813e-5f16-468e-9c55-9bef30b5a553,2,578.79,1157.58
ORD-000987,3693fe0b-4ec7-46b0-a018-f78f6cbd809b,1,411.7,411.7
ORD-000988,da096c2a-6ee1-4f2c-83b3-0f2f76fe15c9,1,160.89,160.89
ORD-000989,26fdd0a3-d3c1-4b32-958b-645ecf7fc069,1,943.66,943.66
ORD-000989,85426297-26fc-49a2-a69e-0a4e6af9a45c,3,438.86,1316.58
ORD-000990,ff22512f-6c6f-4752-9f58-caec61b6cb91,2,672.01,1344.02
ORD-000990,94ba6334-cdc4-44a9-ab94-f80a2c07b053,2,600.03,1200.06
ORD-000990,60b84dd6-d802-4494-8360-067cf1e8e22e,3,301.08,903.24
ORD-000990,f10acdec-95f8-4977-a21d-8254c9fbf5ba,3,342.73,1028.19
ORD-000991,c5cb56bf-36b3-4b90-9e9f-1e49aa762838,3,624.25,1872.75
ORD-000991,c5784eab-50a3-47c7-8dbe-00213caf5933,2,762.75,1525.5
ORD-000992,99371c9b-acdd-4ec1-8eb4-e4d45fffae47,1,307.03,307.03
ORD-000993,85426297-26fc-49a2-a69e-0a4e6af9a45c,1,482.7,482.7
ORD-000993,fd3507a2-3ab7-491f-984f-099ccd09eb79,3,956.55,2869.6499999999996
ORD-000993,315e1105-d13a-4238-9da3-93dd8555b2b0,1,705.51,705.51
ORD-000993,5365a6b3-f8c1-4cba-b21f-bda73e899461,1,177.98,177.98
ORD-000993,8c205c60-3b62-4af1-8e3b-6d36315814ae,2,1036.56,2073.12
ORD-000994,937bff8a-d5ab-43ab-b22a-f408ac90f9f1,1,980.48,980.48
ORD-000994,0e5bd978-c61f-4398-846f-ef3d11025b05,3,524.18,1572.54
ORD-000994,94cae71c-088a-4a34-a24f-4a036fd8264a,1,567.67,567.67
ORD-000994,bf47ea32-f0cd-4cbe-89ea-3949a76eb378,1,475.04,475.04
ORD-000995,71cc17b0-7afa-4146-b237-990ccd566c1c,1,543.94,543.94
ORD-000995,90cd07ed-a352-4b36-a0cc-b00bc3a206d0,2,12.98,25.96
ORD-000996,fd8ababa-b19a-4e03-9b81-8402dc09b8b0,3,281.26,843.78
ORD-000996,fcbb56a1-b862-4fb2-88fe-ed0472814307,2,417.34,834.68
ORD-000996,3f35308c-7fb2-4c8c-8aaa-2f60914da1cc,2,267.96,535.92
ORD-000996,1bf69c20-872b-4d71-b68d-62ddaa662a91,1,21.46,21.46
ORD-000997,ee6204b7-db26-4235-8b62-6e5b3224061d,2,865.31,1730.62
ORD-000997,7b766140-2096-40c6-bd41-30e19a9cfa16,3,985.27,2955.81
ORD-000997,588a421a-a76c-48f5-b9cc-3d7953860c8a,2,396.79,793.58
ORD-000997,7bf80092-7e1d-4c0b-9907-d08c279385b7,3,498.46,1495.3799999999999
ORD-000998,7c34cee5-7109-4ee9-9ee2-570dc90f5978,1,833.08,833.08
ORD-000998,631da773-6e64-4717-9bd6-3ea10ab8a8a8,3,468.93,1406.79
ORD-000998,3a8579a0-82ca-4403-8e61-9e860a8aa440,1,318.47,318.47
ORD-000998,23584003-2f84-4c24-b742-910c8bd156f0,2,588.36,1176.72
ORD-000998,c9543a40-1b4c-4e7b-9ac1-572e5b495f5e,1,162.76,162.76
ORD-000999,df68296b-c1d5-4644-96ef-390a77c22380,1,141.36,141.36
ORD-000999,b67caa36-478c-44e8-955c-980b0edb39fc,1,936.61,936.61
ORD-001000,55ecc7b8-3b15-452b-b56f-ed44d9daea49,2,728.88,1457.76
ORD-001000,fb016ade-5c71-45c2-9cf9-04683455a4d4,2,857.96,1715.92
ORD-001001,420bcdba-4659-4262-8b2a-e1be49145905,1,214.32,214.32
ORD-001001,ef5f3f32-50c4-44aa-a8cf-b70c38a7c67e,3,174.92,524.76
ORD-001001,2a9062a5-1a82-4732-863d-fa089ad07586,1,515.63,515.63
ORD-001001,74d41359-c624-44ba-8f3e-f9a3c9978f5a,1,541.5,541.5
ORD-001002,ede6f4f1-bcc6-44d7-9392-ab4a6ce2a110,1,65.58,65.58
ORD-001002,9bc4a986-aa96-4d57-b920-cf93e12654d8,1,259.51,259.51
ORD-001002,1bf69c20-872b-4d71-b68d-62ddaa662a91,2,22.77,45.54
ORD-001002,67ec5461-6b1d-41ec-84d3-3b4ffe2f9592,1,152.49,152.49
ORD-001003,6f13ee39-c753-4c6e-a1d5-280ae443373b,2,390.87,781.74
ORD-001004,ede6f4f1-bcc6-44d7-9392-ab4a6ce2a110,3,68.56,205.68
ORD-001004,c3522c3b-6d84-4b59-8d46-dfd3c8e5a9d2,2,453.54,907.08
ORD-001004,16664571-6011-4d6e-b585-66afb586279a,3,593.15,1779.4499999999998
ORD-001004,2e8fd2aa-3e7f-4fb1-aa6b-1c3738a5a388,1,593.48,593.48
ORD-001005,b70acae6-2103-41b9-a113-f23f9b293a5d,3,376.48,1129.44
ORD-001005,9b91e12d-ce6e-4b84-8a85-1e6f0746fc96,1,704.99,704.99
ORD-001005,f9fc8038-04f0-432b-a50c-a7a5af2a2345,3,11.66,34.980000000000004
ORD-001005,0e5bd978-c61f-4398-846f-ef3d11025b05,1,565.62,565.62
ORD-001006,1bf69c20-872b-4d71-b68d-62ddaa662a91,1,21.8,21.8
ORD-001006,3278b24e-b3ba-4f5e-b1ac-eee48208f7d9,1,787.88,787.88
ORD-001006,10f847f0-0a23-402a-bb45-480ffa6e1098,2,275.52,551.04
ORD-001006,0d7a085b-b4d5-419f-ad5e-9f79d6908bb0,1,880.93,880.93
ORD-001007,ae458e21-3770-4079-9fed-c30b7ac9308d,1,847.77,847.77
ORD-001007,df68296b-c1d5-4644-96ef-390a77c22380,1,135.51,135.51
ORD-001007,3f35308c-7fb2-4c8c-8aaa-2f60914da1cc,2,232.52,465.04
ORD-001008,d9cc0d7e-ba3d-4639-a308-14db91d71d96,1,329.22,329.22
ORD-001008,21f90a72-45a0-4a27-aeaa-7f370cca438e,1,92.43,92.43
ORD-001008,93f20425-7de0-47b2-9093-f087c2711366,2,729.64,1459.28
ORD-001008,5e97e495-e132-433b-9087-b8df43ed91c6,1,95.5,95.5
ORD-001008,67ec5461-6b1d-41ec-84d3-3b4ffe2f9592,1,159.85,159.85
ORD-001009,811e2471-6b40-4188-95ed-ace81f69d335,2,354.04,708.08
ORD-001009,60d6813e-5f16-468e-9c55-9bef30b5a553,3,569.44,1708.3200000000002
ORD-001009,937bff8a-d5ab-43ab-b22a-f408ac90f9f1,3,1051.62,3154.8599999999997
ORD-001010,2a9062a5-1a82-4732-863d-fa089ad07586,1,530.63,530.63
ORD-001011,23ee362b-698c-426d-b18f-b3237ab9e2e7,2,321.08,642.16
ORD-001012,3f35308c-7fb2-4c8c-8aaa-2f60914da1cc,2,252.24,504.48
ORD-001012,bf47ea32-f0cd-4cbe-89ea-3949a76eb378,1,552.69,552.69
ORD-001012,6672fd4f-9690-4544-a0aa-73d3d13c3143,2,877.94,1755.88
ORD-001013,99371c9b-acdd-4ec1-8eb4-e4d45fffae47,1,310.62,310.62
ORD-001014,ad82f489-80fb-4ab2-bdcb-13e79d0e35fb,1,656.84,656.84
ORD-001014,193b42ad-40fd-462a-b98e-b77cc9f6e888,1,41.5,41.5
ORD-001014,c5ff2331-db2f-4ecd-a938-d8b6c34e174d,2,739.49,1478.98
ORD-001014,2a9062a5-1a82-4732-863d-fa089ad07586,2,495.88,991.76
ORD-001014,9ef2e0e9-2048-4cf7-a441-d92d6fdc3f63,3,972.29,2916.87
ORD-001015,dbbd5b7a-a62d-4a45-be8f-920ae39e8608,2,976.2,1952.4
ORD-001015,60b84dd6-d802-4494-8360-067cf1e8e22e,3,297.78,893.3399999999999
ORD-001015,f10acdec-95f8-4977-a21d-8254c9fbf5ba,1,343.15,343.15
ORD-001015,2a9062a5-1a82-4732-863d-fa089ad07586,1,548.56,548.56
ORD-001015,742d2c92-fcf6-4364-9bde-4490b7e5bb90,3,853.12,2559.36
ORD-001016,60b84dd6-d802-4494-8360-067cf1e8e22e,1,293.83,293.83
ORD-001016,0e5bd978-c61f-4398-846f-ef3d11025b05,1,587.51,587.51
ORD-001016,63a41a01-c853-4665-b54a-1ee98a25cc24,1,522.22,522.22
ORD-001017,8899b0dc-71a0-4fa0-a6b0-ac9f5ce7480c,3,18.75,56.25
ORD-001017,3cecfc42-0caa-4b16-8136-54fbbbef5d7e,3,947.98,2843.94
ORD-001017,2aa43396-ca8f-433d-b472-4df14fcbbadf,2,363.67,727.34
ORD-001017,419ec84b-1236-48c4-8bc5-a1a124851553,3,870.19,2610.57
ORD-001018,5efd7556-eb0c-4dac-bf16-a67ac3bf34ab,1,465.14,465.14
ORD-001018,1c70a4e2-230e-46e1-9e16-4002dc16d033,3,942.67,2828.0099999999998
ORD-001018,909c4825-1e5b-4389-b3fa-c87e6de42a78,3,563.67,1691.0099999999998
ORD-001018,193b42ad-40fd-462a-b98e-b77cc9f6e888,3,41.63,124.89000000000001
ORD-001019,707ddaf2-2092-4b20-8ea8-a38a49a705bb,1,687.01,687.01
ORD-001019,5f4b66a4-629f-416e-bdb6-36f673204882,3,452.45,1357.35
ORD-001019,9b91e12d-ce6e-4b84-8a85-1e6f0746fc96,1,686.11,686.11
ORD-001019,c9543a40-1b4c-4e7b-9ac1-572e5b495f5e,3,155.07,465.21
ORD-001019,6764c33e-0b6b-436f-a668-17d7c7446edd,2,310.8,621.6
ORD-001020,9ef2e0e9-2048-4cf7-a441-d92d6fdc3f63,3,936.67,2810.0099999999998
ORD-001020,63c48bf1-fad6-4da1-8140-67b2bb06d791,3,589.16,1767.48
ORD-001021,8e0f4ddc-7f59-4218-b3c4-d3f34125168a,2,92.63,185.26
ORD-001022,90ef69e2-4c38-4a58-abf2-7ca075f0ef61,2,410.9,821.8
ORD-001022,5f4b66a4-629f-416e-bdb6-36f673204882,1,379.2,379.2
ORD-001023,8e0f4ddc-7f59-4218-b3c4-d3f34125168a,2,85.71,171.42
ORD-001023,23ee362b-698c-426d-b18f-b3237ab9e2e7,1,337.36,337.36
ORD-001023,061a25ae-bdae-4ffd-90d4-f3ab3e8ecefe,3,272.49,817.47
ORD-001023,10f847f0-0a23-402a-bb45-480ffa6e1098,3,272.65,817.9499999999999
ORD-001023,d9cc0d7e-ba3d-4639-a308-14db91d71d96,1,333.35,333.35
ORD-001024,d11a42dd-8e96-4213-9ac0-1c7d97019f1e,3,81.27,243.81
ORD-001024,93f20425-7de0-47b2-9093-f087c2711366,3,838.98,2516.94
ORD-001024,94ba6334-cdc4-44a9-ab94-f80a2c07b053,3,553.44,1660.3200000000002
ORD-001025,acbfdf46-7f51-4371-bcd1-bd2f84a61541,2,158.7,317.4
ORD-001025,7a5f0e72-27b0-4209-a5fc-b169a612ba9f,2,837.23,1674.46
ORD-001025,8899b0dc-71a0-4fa0-a6b0-ac9f5ce7480c,2,17.74,35.48
ORD-001025,3d3df6c1-f288-472e-a21b-3132cb59b383,1,501.32,501.32
ORD-001026,d08c345b-0596-4dd7-9867-6b5d4077070d,3,114.77,344.31
ORD-001026,10f847f0-0a23-402a-bb45-480ffa6e1098,1,271.25,271.25
ORD-001026,5a9eb21e-edd6-45d1-8aca-409e73e04659,3,418.08,1254.24
ORD-001026,70d242a2-d6e6-49b2-82dd-dc10f9505de7,2,493.29,986.58
ORD-001027,8a5a9ca5-73e4-4ebd-91df-9e78783ac1fd,3,34.48,103.44
ORD-001027,aff02d9a-6315-48db-bf3e-dcdb7e9d4d93,1,22.66,22.66
ORD-001028,dbbd5b7a-a62d-4a45-be8f-920ae39e8608,3,857.14,2571.42
ORD-001028,ef7d92e4-6287-4a2d-8551-d5d2a4a51d5d,3,709.8,2129.3999999999996
ORD-001028,588a421a-a76c-48f5-b9cc-3d7953860c8a,3,357.4,1072.1999999999998
ORD-001029,60b84dd6-d802-4494-8360-067cf1e8e22e,3,311.88,935.64
ORD-001029,6382aa8f-7015-49da-8e2b-33206e5d3fb4,1,26.94,26.94
ORD-001029,41a3d19b-1c8e-4a8e-a78e-e77252917c55,1,674.62,674.62
ORD-001029,26fdd0a3-d3c1-4b32-958b-645ecf7fc069,3,1026.89,3080.67
ORD-001030,ae458e21-3770-4079-9fed-c30b7ac9308d,2,778.82,1557.64
ORD-001030,3cecfc42-0caa-4b16-8136-54fbbbef5d7e,1,1059.04,1059.04
ORD-001031,15725fd3-bcc9-4d75-b86d-13a46fb28e30,3,606.54,1819.62
ORD-001031,588a421a-a76c-48f5-b9cc-3d7953860c8a,1,412.34,412.34
ORD-001032,da096c2a-6ee1-4f2c-83b3-0f2f76fe15c9,3,158.65,475.95000000000005
ORD-001033,0455be0d-d01b-4d23-9869-de8d353d91ad,2,772.87,1545.74
ORD-001033,90ef69e2-4c38-4a58-abf2-7ca075f0ef61,1,362.61,362.61
ORD-001034,68d81f9a-9cc0-4b20-9838-257ad1927777,2,119.46,238.92
ORD-001034,ede6f4f1-bcc6-44d7-9392-ab4a6ce2a110,1,74.33,74.33
ORD-001034,315e1105-d13a-4238-9da3-93dd8555b2b0,2,735.56,1471.12
ORD-001034,acbfdf46-7f51-4371-bcd1-bd2f84a61541,3,139.51,418.53
ORD-001034,fcbb56a1-b862-4fb2-88fe-ed0472814307,3,415.62,1246.8600000000001
ORD-001035,05d41c69-92c2-48e8-ae4f-ba81c15eb0f9,2,298.08,596.16
ORD-001036,16664571-6011-4d6e-b585-66afb586279a,2,531.11,1062.22
ORD-001037,4ff0f9b1-185b-464f-a09f-8af3db013013,2,407.63,815.26
ORD-001037,8569c478-c99b-4c60-be7e-5a1563b3a4e2,1,496.67,496.67
ORD-001037,5365a6b3-f8c1-4cba-b21f-bda73e899461,2,171.07,342.14
ORD-001037,fa85c5bc-4464-4fe6-8dbe-c31c9deff2a4,3,181.23,543.6899999999999
ORD-001038,9ef2e0e9-2048-4cf7-a441-d92d6fdc3f63,1,997.09,997.09
ORD-001038,dc0d3770-971f-4886-a3a5-52d5d3432e38,2,306.67,613.34
ORD-001038,70343e52-0a89-43cb-86df-8ddaaf47dff1,1,571.91,571.91
ORD-001039,caf918e8-9227-4c43-a07c-5d2636c70c4a,1,184.22,184.22
ORD-001039,68457cfd-15e1-4596-a81f-3df9fe90b61c,2,732.46,1464.92
ORD-001039,55ecc7b8-3b15-452b-b56f-ed44d9daea49,2,757.08,1514.16
ORD-001039,deebf19b-f879-4e94-96dd-7544e5a8241b,2,946.64,1893.28
ORD-001040,8e0f4ddc-7f59-4218-b3c4-d3f34125168a,1,92.0,92.0
ORD-001040,ee6204b7-db26-4235-8b62-6e5b3224061d,1,756.79,756.79
ORD-001041,6672fd4f-9690-4544-a0aa-73d3d13c3143,2,915.47,1830.94
ORD-001041,bfc6e01d-0aeb-4c5c-906e-9c4b32bd6a2c,1,440.92,440.92
ORD-001041,acbfdf46-7f51-4371-bcd1-bd2f84a61541,2,150.2,300.4
ORD-001042,33842d9c-8a4f-479f-953b-efa0ab91e543,1,694.99,694.99
ORD-001042,70343e52-0a89-43cb-86df-8ddaaf47dff1,2,563.3,1126.6
ORD-001043,9ef2e0e9-2048-4cf7-a441-d92d6fdc3f63,2,856.25,1712.5
ORD-001043,60d6813e-5f16-468e-9c55-9bef30b5a553,1,529.62,529.62
ORD-001043,0d7a085b-b4d5-419f-ad5e-9f79d6908bb0,3,818.72,2456.16
ORD-001043,deff3d30-fa21-4823-b63c-3d4e6842e6c5,3,143.09,429.27
ORD-001043,e4f440b3-e2e8-4c4c-b460-5938baf5fc34,3,812.48,2437.44
ORD-001044,41465d3a-ed68-4b53-8996-44e7f759d179,3,654.23,1962.69
ORD-001044,b93cddf2-6537-4127-8ce2-624f9aa29834,2,223.24,446.48
ORD-001044,366aced0-fca0-4552-b005-693380619df5,2,386.37,772.74
ORD-001044,8a5a9ca5-73e4-4ebd-91df-9e78783ac1fd,3,33.55,100.64999999999999
ORD-001044,28ceec8b-a2b2-40ba-a0f6-14292187fede,2,847.52,1695.04
ORD-001045,5e97e495-e132-433b-9087-b8df43ed91c6,1,91.22,91.22
ORD-001045,912e9f9e-9d04-46c6-a552-0b9dd7ce2734,1,799.24,799.24
ORD-001045,90ef69e2-4c38-4a58-abf2-7ca075f0ef61,3,424.65,1273.9499999999998
ORD-001046,aaac043e-d176-493d-8b2f-408bdd5e57ad,2,418.9,837.8
ORD-001046,0ec71bd2-524d-47f9-9684-3a2ea9fea671,3,115.32,345.96
ORD-001046,aff02d9a-6315-48db-bf3e-dcdb7e9d4d93,3,23.76,71.28
ORD-001047,2393bff1-4e45-46ea-a406-e25b2af55019,3,506.28,1518.84
ORD-001047,b70acae6-2103-41b9-a113-f23f9b293a5d,3,372.6,1117.8000000000002
ORD-001048,0166f91f-430b-4bdb-9f7a-561e622896ec,1,656.99,656.99
ORD-001048,41a3d19b-1c8e-4a8e-a78e-e77252917c55,3,727.53,2182.59
ORD-001048,2f0b1d71-f73d-47c1-b0be-55161f273d55,3,781.54,2344.62
ORD-001048,33842d9c-8a4f-479f-953b-efa0ab91e543,1,673.11,673.11
ORD-001048,d772ec05-2262-4b97-8c5b-0d43fe6340db,3,89.39,268.17
ORD-001049,deff3d30-fa21-4823-b63c-3d4e6842e6c5,1,151.37,151.37
ORD-001049,faab82fa-51cf-4676-bff7-2f7bf7b28cf3,2,670.63,1341.26
ORD-001050,6672fd4f-9690-4544-a0aa-73d3d13c3143,3,896.28,2688.84
ORD-001050,bce24858-fad5-4c3f-98b1-e71187222c2b,1,468.1,468.1
ORD-001051,45b5ae49-50c4-4c7a-bc7f-d2216d170c3f,1,211.17,211.17
ORD-001051,9be2b865-2317-4f5b-b405-3f012f0bb8fb,3,40.37,121.10999999999999
ORD-001052,45b5ae49-50c4-4c7a-bc7f-d2216d170c3f,2,235.48,470.96
ORD-001053,2f0b1d71-f73d-47c1-b0be-55161f273d55,1,723.85,723.85
ORD-001053,5495fe5e-67f1-4652-aedc-41136b95eee7,1,404.45,404.45
ORD-001053,0d7a085b-b4d5-419f-ad5e-9f79d6908bb0,1,833.39,833.39
ORD-001053,6764c33e-0b6b-436f-a668-17d7c7446edd,2,300.05,600.1
ORD-001054,97d6315b-705c-4cdf-a248-799ac6907757,3,55.15,165.45
ORD-001055,dbd238cd-421d-41ef-a210-82c1c00cf62c,2,1048.92,2097.84
ORD-001055,ee6671b0-66ad-4c31-8384-1f21d0621b8d,2,465.67,931.34
ORD-001055,4208330c-150b-463f-a7c7-0673090914e8,3,529.17,1587.5099999999998
ORD-001055,ae458e21-3770-4079-9fed-c30b7ac9308d,3,786.2,2358.6000000000004
ORD-001055,9bc4a986-aa96-4d57-b920-cf93e12654d8,3,254.83,764.49
ORD-001056,28ceec8b-a2b2-40ba-a0f6-14292187fede,3,745.75,2237.25
ORD-001056,0dc39a14-a7b4-4bef-aed4-4e5d8a05457e,2,371.22,742.44
ORD-001056,fa407e03-eb2d-4941-86fb-c31db86db758,3,325.34,976.02
ORD-001057,d08c345b-0596-4dd7-9867-6b5d4077070d,2,110.7,221.4
ORD-001057,b0d968cc-2620-4a46-9cdc-3171d64b59b6,3,277.59,832.77
ORD-001058,28ceec8b-a2b2-40ba-a0f6-14292187fede,1,851.94,851.94
ORD-001058,909c4825-1e5b-4389-b3fa-c87e6de42a78,2,525.14,1050.28
ORD-001058,68457cfd-15e1-4596-a81f-3df9fe90b61c,3,769.62,2308.86
ORD-001059,acbfdf46-7f51-4371-bcd1-bd2f84a61541,1,145.13,145.13
ORD-001059,7c34cee5-7109-4ee9-9ee2-570dc90f5978,2,850.42,1700.84
ORD-001060,fd8ababa-b19a-4e03-9b81-8402dc09b8b0,1,302.66,302.66
ORD-001060,4208330c-150b-463f-a7c7-0673090914e8,1,535.05,535.05
ORD-001060,050d253d-22dc-473f-813b-6faf3727d9a4,1,351.82,351.82
ORD-001060,0a803a1e-a34d-4d81-9dec-33146a0142b7,1,178.13,178.13
ORD-001060,04f3f45b-d1d2-468f-926f-a20d38ffcf53,3,691.88,2075.64
ORD-001061,5495fe5e-67f1-4652-aedc-41136b95eee7,3,408.69,1226.07
ORD-001061,bf47ea32-f0cd-4cbe-89ea-3949a76eb378,2,535.39,1070.78
ORD-001061,909c4825-1e5b-4389-b3fa-c87e6de42a78,2,512.81,1025.62
ORD-001061,dc0d3770-971f-4886-a3a5-52d5d3432e38,2,323.73,647.46
ORD-001062,4375b157-2438-422b-aa81-33c6480a48b2,2,299.5,599.0
ORD-001062,a41172e5-d44c-45e7-a8b1-243eee76a01d,2,406.54,813.08
ORD-001063,15725fd3-bcc9-4d75-b86d-13a46fb28e30,2,625.49,1250.98
ORD-001063,dc0d3770-971f-4886-a3a5-52d5d3432e38,1,342.62,342.62
ORD-001063,d9cc0d7e-ba3d-4639-a308-14db91d71d96,2,308.76,617.52
ORD-001063,6672fd4f-9690-4544-a0aa-73d3d13c3143,2,816.07,1632.14
ORD-001063,7425f7d5-c9e3-4485-b539-cf6ebe8f8a25,1,859.4,859.4
ORD-001064,97d6315b-705c-4cdf-a248-799ac6907757,3,53.41,160.23
ORD-001064,a41172e5-d44c-45e7-a8b1-243eee76a01d,2,406.79,813.58
ORD-001065,d08c345b-0596-4dd7-9867-6b5d4077070d,2,124.25,248.5
ORD-001065,912e9f9e-9d04-46c6-a552-0b9dd7ce2734,3,807.72,2423.16
ORD-001065,dbbd5b7a-a62d-4a45-be8f-920ae39e8608,1,923.47,923.47
ORD-001065,21f90a72-45a0-4a27-aeaa-7f370cca438e,2,98.41,196.82
ORD-001066,3d75e4dd-8c0d-4ca1-b8fc-94899558f59d,3,322.7,968.0999999999999
ORD-001066,da096c2a-6ee1-4f2c-83b3-0f2f76fe15c9,1,156.97,156.97
ORD-001066,7a5f0e72-27b0-4209-a5fc-b169a612ba9f,2,815.48,1630.96
ORD-001066,df68296b-c1d5-4644-96ef-390a77c22380,3,140.99,422.97
ORD-001067,3693fe0b-4ec7-46b0-a018-f78f6cbd809b,1,384.93,384.93
ORD-001067,2393bff1-4e45-46ea-a406-e25b2af55019,3,521.37,1564.1100000000001
ORD-001067,7f860829-11cb-4357-9a02-efdfb77649ae,3,650.42,1951.2599999999998
ORD-001067,6764c33e-0b6b-436f-a668-17d7c7446edd,2,272.93,545.86
ORD-001068,912e9f9e-9d04-46c6-a552-0b9dd7ce2734,3,844.56,2533.68
ORD-001068,893204df-ac13-4689-9a88-7bca558213da,1,846.75,846.75
ORD-001068,05d41c69-92c2-48e8-ae4f-ba81c15eb0f9,3,269.3,807.9000000000001
ORD-001069,4f81a909-a41c-4d86-a956-3dfa8676343c,3,652.5,1957.5
ORD-001069,d772ec05-2262-4b97-8c5b-0d43fe6340db,2,95.2,190.4
ORD-001069,10483ae3-3fc2-4384-bd7a-62aea10b3754,2,785.57,1571.14
ORD-001069,63a41a01-c853-4665-b54a-1ee98a25cc24,1,603.28,603.28
ORD-001069,caf918e8-9227-4c43-a07c-5d2636c70c4a,1,188.2,188.2
ORD-001070,6f13ee39-c753-4c6e-a1d5-280ae443373b,2,416.44,832.88
ORD-001070,5f4b66a4-629f-416e-bdb6-36f673204882,1,386.39,386.39
ORD-001070,f7e68e0f-782c-4aac-a779-0c44ad195769,2,118.93,237.86
ORD-001071,ad82f489-80fb-4ab2-bdcb-13e79d0e35fb,2,645.38,1290.76
ORD-001071,8d81191f-438b-4926-bebb-c3e8f4501a6a,1,557.26,557.26
ORD-001071,b67caa36-478c-44e8-955c-980b0edb39fc,3,976.28,2928.84
ORD-001072,f9fc8038-04f0-432b-a50c-a7a5af2a2345,3,10.44,31.32
ORD-001073,0a803a1e-a34d-4d81-9dec-33146a0142b7,2,182.9,365.8
ORD-001073,28ceec8b-a2b2-40ba-a0f6-14292187fede,3,843.75,2531.25
ORD-001073,ad82f489-80fb-4ab2-bdcb-13e79d0e35fb,2,668.97,1337.94
ORD-001073,1a037248-f604-4a40-8f01-a1ec98cba9ba,2,902.99,1805.98
ORD-001073,3693fe0b-4ec7-46b0-a018-f78f6cbd809b,2,429.51,859.02
ORD-001074,4208330c-150b-463f-a7c7-0673090914e8,1,558.12,558.12
ORD-001074,70d242a2-d6e6-49b2-82dd-dc10f9505de7,3,537.09,1611.27
ORD-001074,1a037248-f604-4a40-8f01-a1ec98cba9ba,1,957.99,957.99
ORD-001074,fb016ade-5c71-45c2-9cf9-04683455a4d4,2,897.15,1794.3
ORD-001074,7a5f0e72-27b0-4209-a5fc-b169a612ba9f,1,825.56,825.56
ORD-001075,71cc17b0-7afa-4146-b237-990ccd566c1c,2,519.45,1038.9
ORD-001075,33b1781a-3a1b-419d-ab45-8633ffb25560,3,247.71,743.13
ORD-001075,70d242a2-d6e6-49b2-82dd-dc10f9505de7,2,459.41,918.82
ORD-001076,8899b0dc-71a0-4fa0-a6b0-ac9f5ce7480c,3,19.96,59.88
ORD-001076,c5ff2331-db2f-4ecd-a938-d8b6c34e174d,2,845.22,1690.44
ORD-001076,deff3d30-fa21-4823-b63c-3d4e6842e6c5,2,148.02,296.04
ORD-001076,ee6204b7-db26-4235-8b62-6e5b3224061d,1,821.34,821.34
ORD-001076,1a037248-f604-4a40-8f01-a1ec98cba9ba,2,853.19,1706.38
ORD-001077,2f0b1d71-f73d-47c1-b0be-55161f273d55,1,739.61,739.61
ORD-001077,893204df-ac13-4689-9a88-7bca558213da,2,792.93,1585.86
ORD-001077,5efd7556-eb0c-4dac-bf16-a67ac3bf34ab,3,484.22,1452.66
ORD-001078,0a803a1e-a34d-4d81-9dec-33146a0142b7,3,178.62,535.86
ORD-001078,a6abb6d5-04a1-44a8-ab10-f1f274300e03,1,804.62,804.62
ORD-001078,ef5f3f32-50c4-44aa-a8cf-b70c38a7c67e,1,164.08,164.08
ORD-001079,60d6813e-5f16-468e-9c55-9bef30b5a553,1,560.85,560.85
ORD-001080,f8fe12a5-1e45-46db-b206-769db4270f04,1,892.82,892.82
ORD-001080,4f81a909-a41c-4d86-a956-3dfa8676343c,1,595.49,595.49
ORD-001080,454b7ebc-fee8-4590-a620-8eb467fecb64,2,666.49,1332.98
ORD-001081,d772ec05-2262-4b97-8c5b-0d43fe6340db,1,87.3,87.3
ORD-001081,f04f4f12-96b4-4d8e-aada-f268607e003c,2,647.48,1294.96
ORD-001081,588a421a-a76c-48f5-b9cc-3d7953860c8a,2,352.3,704.6
ORD-001082,5e97e495-e132-433b-9087-b8df43ed91c6,2,86.29,172.58
ORD-001082,4b62729d-5443-4aea-9021-7b3065cb276f,2,761.69,1523.38
ORD-001083,b0bf5af1-fb0c-44d2-a03e-9803a9d3d464,1,166.08,166.08
ORD-001084,d9cc0d7e-ba3d-4639-a308-14db91d71d96,1,316.05,316.05
ORD-001084,21f90a72-45a0-4a27-aeaa-7f370cca438e,1,84.89,84.89
ORD-001084,7f860829-11cb-4357-9a02-efdfb77649ae,2,700.0,1400.0
ORD-001084,63a41a01-c853-4665-b54a-1ee98a25cc24,2,600.71,1201.42
ORD-001084,6382aa8f-7015-49da-8e2b-33206e5d3fb4,2,24.75,49.5
ORD-001085,f04f4f12-96b4-4d8e-aada-f268607e003c,2,701.48,1402.96
ORD-001085,ba6ea82d-d057-4aef-8f9e-030ff94edeea,2,40.01,80.02
ORD-001085,8d81191f-438b-4926-bebb-c3e8f4501a6a,2,636.9,1273.8
ORD-001085,75be87b1-b37b-4a23-aed6-08cc34a651ac,2,439.84,879.68
ORD-001086,f04f4f12-96b4-4d8e-aada-f268607e003c,1,691.04,691.04
ORD-001086,6764c33e-0b6b-436f-a668-17d7c7446edd,3,284.15,852.4499999999999
ORD-001086,75be87b1-b37b-4a23-aed6-08cc34a651ac,3,369.2,1107.6
ORD-001087,c5cb56bf-36b3-4b90-9e9f-1e49aa762838,1,738.52,738.52
ORD-001087,7c34cee5-7109-4ee9-9ee2-570dc90f5978,2,922.69,1845.38
ORD-001087,60d6813e-5f16-468e-9c55-9bef30b5a553,2,505.8,1011.6
ORD-001087,588a421a-a76c-48f5-b9cc-3d7953860c8a,1,364.12,364.12
ORD-001088,94cae71c-088a-4a34-a24f-4a036fd8264a,3,587.6,1762.8000000000002
ORD-001088,aff02d9a-6315-48db-bf3e-dcdb7e9d4d93,1,20.27,20.27
ORD-001089,ba6ea82d-d057-4aef-8f9e-030ff94edeea,2,45.34,90.68
ORD-001089,cc50103c-c090-40dd-b09e-129491b983e4,1,397.73,397.73
ORD-001089,d74ab3e8-a38b-4065-b223-4565aaade398,1,411.55,411.55
ORD-001090,d1f03c1c-8c75-4b6a-856e-4d8177b8e3b5,2,986.2,1972.4
ORD-001090,671a5b36-3c48-4567-a517-7dba3fb1d09f,1,879.76,879.76
ORD-001091,e8a79c65-89d1-45db-90cd-7e145b3c7e3a,2,553.56,1107.12
ORD-001091,e4f440b3-e2e8-4c4c-b460-5938baf5fc34,1,794.92,794.92
ORD-001091,33b1781a-3a1b-419d-ab45-8633ffb25560,2,241.12,482.24
ORD-001092,6f13ee39-c753-4c6e-a1d5-280ae443373b,2,360.83,721.66
ORD-001092,7c34cee5-7109-4ee9-9ee2-570dc90f5978,2,928.49,1856.98
ORD-001093,df68296b-c1d5-4644-96ef-390a77c22380,1,129.83,129.83
ORD-001093,87db6283-4935-4d50-b89b-026c1918a3f4,1,142.51,142.51
ORD-001093,a6abb6d5-04a1-44a8-ab10-f1f274300e03,2,851.91,1703.82
ORD-001094,c5784eab-50a3-47c7-8dbe-00213caf5933,1,774.73,774.73
ORD-001094,23ee362b-698c-426d-b18f-b3237ab9e2e7,3,288.29,864.8700000000001
ORD-001094,ff22512f-6c6f-4752-9f58-caec61b6cb91,2,626.08,1252.16
ORD-001094,0a803a1e-a34d-4d81-9dec-33146a0142b7,2,154.03,308.06
ORD-001095,671a5b36-3c48-4567-a517-7dba3fb1d09f,3,868.07,2604.21
ORD-001095,26dc7e49-f0e9-49a9-a86d-6d43c48fcb61,2,562.45,1124.9
ORD-001095,fb016ade-5c71-45c2-9cf9-04683455a4d4,3,824.51,2473.5299999999997
ORD-001095,60b84dd6-d802-4494-8360-067cf1e8e22e,1,312.09,312.09
ORD-001095,cc9e8554-b363-43de-94d4-cd8918d96dfb,1,438.4,438.4
ORD-001096,4b8df45f-8e44-4f15-bd8f-a378a0c58905,1,744.11,744.11
ORD-001096,a6abb6d5-04a1-44a8-ab10-f1f274300e03,2,803.89,1607.78
ORD-001096,ef7d92e4-6287-4a2d-8551-d5d2a4a51d5d,3,664.88,1994.6399999999999
ORD-001096,bce24858-fad5-4c3f-98b1-e71187222c2b,3,473.97,1421.91
ORD-001096,7c7801a8-acca-4ccd-ad40-8a72fc19d689,3,942.18,2826.54
ORD-001097,811e2471-6b40-4188-95ed-ace81f69d335,1,312.38,312.38
ORD-001097,f7aa4564-5e47-4f7b-bf6d-acd15d81d874,2,954.74,1909.48
ORD-001097,ab85e304-fe27-44fd-b1ac-6bb0bc578a3e,3,986.26,2958.7799999999997
ORD-001098,4375b157-2438-422b-aa81-33c6480a48b2,3,281.8,845.4000000000001
ORD-001098,b0d968cc-2620-4a46-9cdc-3171d64b59b6,1,306.02,306.02
ORD-001098,deebf19b-f879-4e94-96dd-7544e5a8241b,1,845.31,845.31
ORD-001098,588a421a-a76c-48f5-b9cc-3d7953860c8a,1,415.35,415.35
ORD-001099,a41172e5-d44c-45e7-a8b1-243eee76a01d,3,379.95,1139.85
ORD-001100,7c34cee5-7109-4ee9-9ee2-570dc90f5978,2,873.73,1747.46
ORD-001100,937bff8a-d5ab-43ab-b22a-f408ac90f9f1,1,979.02,979.02
ORD-001100,faab82fa-51cf-4676-bff7-2f7bf7b28cf3,2,723.46,1446.92
ORD-001100,04f3f45b-d1d2-468f-926f-a20d38ffcf53,1,702.92,702.92
ORD-001100,631da773-6e64-4717-9bd6-3ea10ab8a8a8,3,528.11,1584.33
ORD-001101,315e1105-d13a-4238-9da3-93dd8555b2b0,2,661.45,1322.9
ORD-001101,0166f91f-430b-4bdb-9f7a-561e622896ec,2,725.91,1451.82
ORD-001102,6764c33e-0b6b-436f-a668-17d7c7446edd,2,270.09,540.18
ORD-001102,acbfdf46-7f51-4371-bcd1-bd2f84a61541,2,148.73,297.46
ORD-001102,3a8579a0-82ca-4403-8e61-9e860a8aa440,1,357.43,357.43
ORD-001102,7f860829-11cb-4357-9a02-efdfb77649ae,1,613.71,613.71
ORD-001102,d11a42dd-8e96-4213-9ac0-1c7d97019f1e,2,94.05,188.1
ORD-001103,dbbd5b7a-a62d-4a45-be8f-920ae39e8608,2,867.44,1734.88
ORD-001103,ef5f3f32-50c4-44aa-a8cf-b70c38a7c67e,2,176.18,352.36
ORD-001104,d772ec05-2262-4b97-8c5b-0d43fe6340db,1,92.2,92.2
ORD-001104,10f6e3af-8e9e-4f38-811a-f929a91d59eb,3,223.21,669.63
ORD-001104,8e0f4ddc-7f59-4218-b3c4-d3f34125168a,3,86.5,259.5
ORD-001104,f8fe12a5-1e45-46db-b206-769db4270f04,1,813.28,813.28
ORD-001104,937bff8a-d5ab-43ab-b22a-f408ac90f9f1,3,959.4,2878.2
ORD-001105,f7e68e0f-782c-4aac-a779-0c44ad195769,1,133.33,133.33
ORD-001105,93f20425-7de0-47b2-9093-f087c2711366,2,774.32,1548.64
ORD-001105,b0bf5af1-fb0c-44d2-a03e-9803a9d3d464,3,165.41,496.23
ORD-001105,5efd7556-eb0c-4dac-bf16-a67ac3bf34ab,3,437.47,1312.41
ORD-001105,ef5f3f32-50c4-44aa-a8cf-b70c38a7c67e,1,160.38,160.38
ORD-001106,37e48379-d810-4be1-90e2-195c0f2f6de5,1,194.63,194.63
ORD-001106,04f3f45b-d1d2-468f-926f-a20d38ffcf53,3,623.46,1870.38
ORD-001106,f10acdec-95f8-4977-a21d-8254c9fbf5ba,3,344.33,1032.99
ORD-001106,ee6671b0-66ad-4c31-8384-1f21d0621b8d,1,423.47,423.47
ORD-001106,3d3df6c1-f288-472e-a21b-3132cb59b383,2,490.73,981.46
ORD-001107,420bcdba-4659-4262-8b2a-e1be49145905,2,221.6,443.2
ORD-001107,ad82f489-80fb-4ab2-bdcb-13e79d0e35fb,3,687.69,2063.07
ORD-001107,6f13ee39-c753-4c6e-a1d5-280ae443373b,1,363.08,363.08
ORD-001107,3278b24e-b3ba-4f5e-b1ac-eee48208f7d9,3,861.91,2585.73
ORD-001108,4ff0f9b1-185b-464f-a09f-8af3db013013,3,420.88,1262.6399999999999
ORD-001108,4208330c-150b-463f-a7c7-0673090914e8,1,582.9,582.9
ORD-001108,70d242a2-d6e6-49b2-82dd-dc10f9505de7,1,466.52,466.52
ORD-001108,df68296b-c1d5-4644-96ef-390a77c22380,1,148.84,148.84
ORD-001108,4f81a909-a41c-4d86-a956-3dfa8676343c,1,606.44,606.44
ORD-001109,c5784eab-50a3-47c7-8dbe-00213caf5933,1,686.75,686.75
ORD-001109,7c34cee5-7109-4ee9-9ee2-570dc90f5978,2,806.41,1612.82
ORD-001109,d9cc0d7e-ba3d-4639-a308-14db91d71d96,2,314.53,629.06
ORD-001109,dc0d3770-971f-4886-a3a5-52d5d3432e38,2,301.03,602.06
ORD-001109,ef5f3f32-50c4-44aa-a8cf-b70c38a7c67e,3,177.32,531.96
ORD-001110,454b4bb2-e284-45c4-bbdf-2eb6aa50e3f4,2,497.17,994.34
ORD-001110,0e5bd978-c61f-4398-846f-ef3d11025b05,1,566.27,566.27
ORD-001110,da67f0be-e782-4f46-adf3-77b094d80592,3,248.14,744.42
ORD-001111,7425f7d5-c9e3-4485-b539-cf6ebe8f8a25,2,835.42,1670.84
ORD-001111,0455be0d-d01b-4d23-9869-de8d353d91ad,3,775.96,2327.88
ORD-001111,c5ff2331-db2f-4ecd-a938-d8b6c34e174d,2,729.84,1459.68
ORD-001111,fd8ababa-b19a-4e03-9b81-8402dc09b8b0,3,288.95,866.8499999999999
ORD-001112,8d81191f-438b-4926-bebb-c3e8f4501a6a,2,553.96,1107.92
ORD-001112,d74ab3e8-a38b-4065-b223-4565aaade398,2,372.91,745.82
ORD-001112,05d41c69-92c2-48e8-ae4f-ba81c15eb0f9,1,301.7,301.7
ORD-001112,74d41359-c624-44ba-8f3e-f9a3c9978f5a,3,599.52,1798.56
ORD-001113,28ceec8b-a2b2-40ba-a0f6-14292187fede,3,801.38,2404.14
ORD-001114,7c34cee5-7109-4ee9-9ee2-570dc90f5978,3,963.91,2891.73
ORD-001114,707ddaf2-2092-4b20-8ea8-a38a49a705bb,2,610.06,1220.12
ORD-001114,94ba6334-cdc4-44a9-ab94-f80a2c07b053,1,616.32,616.32
ORD-001114,3f35308c-7fb2-4c8c-8aaa-2f60914da1cc,2,274.97,549.94
ORD-001115,671a5b36-3c48-4567-a517-7dba3fb1d09f,2,818.7,1637.4
ORD-001115,33842d9c-8a4f-479f-953b-efa0ab91e543,2,746.11,1492.22
ORD-001115,ef5f3f32-50c4-44aa-a8cf-b70c38a7c67e,1,157.34,157.34
ORD-001115,89b21998-89f0-438d-9c22-841ebc194ee5,3,654.28,1962.84
ORD-001115,8d81191f-438b-4926-bebb-c3e8f4501a6a,1,610.76,610.76
ORD-001116,cc50103c-c090-40dd-b09e-129491b983e4,1,444.47,444.47
ORD-001116,dc0d3770-971f-4886-a3a5-52d5d3432e38,3,324.76,974.28
ORD-001116,ff22512f-6c6f-4752-9f58-caec61b6cb91,3,672.43,2017.29
ORD-001117,f9fc8038-04f0-432b-a50c-a7a5af2a2345,1,11.68,11.68
ORD-001117,631da773-6e64-4717-9bd6-3ea10ab8a8a8,3,535.09,1605.27
ORD-001117,9b91e12d-ce6e-4b84-8a85-1e6f0746fc96,3,794.91,2384.73
ORD-001117,893204df-ac13-4689-9a88-7bca558213da,3,724.0,2172.0
ORD-001118,33b1781a-3a1b-419d-ab45-8633ffb25560,2,283.02,566.04
ORD-001118,97d6315b-705c-4cdf-a248-799ac6907757,3,53.69,161.07
ORD-001118,ee6671b0-66ad-4c31-8384-1f21d0621b8d,2,456.15,912.3
ORD-001118,bfc6e01d-0aeb-4c5c-906e-9c4b32bd6a2c,2,465.68,931.36
ORD-001118,3d3df6c1-f288-472e-a21b-3132cb59b383,3,548.73,1646.19
ORD-001119,63a41a01-c853-4665-b54a-1ee98a25cc24,3,618.84,1856.52
ORD-001119,8d81191f-438b-4926-bebb-c3e8f4501a6a,1,608.5,608.5
ORD-001119,0a803a1e-a34d-4d81-9dec-33146a0142b7,1,170.74,170.74
ORD-001119,454b7ebc-fee8-4590-a620-8eb467fecb64,2,558.19,1116.38
ORD-001120,366aced0-fca0-4552-b005-693380619df5,2,364.62,729.24
ORD-001120,4375b157-2438-422b-aa81-33c6480a48b2,3,300.14,900.42
ORD-001120,d1f03c1c-8c75-4b6a-856e-4d8177b8e3b5,1,875.75,875.75
ORD-001120,2f0b1d71-f73d-47c1-b0be-55161f273d55,1,701.81,701.81
ORD-001121,742d2c92-fcf6-4364-9bde-4490b7e5bb90,1,932.12,932.12
ORD-001121,68d81f9a-9cc0-4b20-9838-257ad1927777,3,114.69,344.07
ORD-001122,0166f91f-430b-4bdb-9f7a-561e622896ec,2,737.57,1475.14
ORD-001122,75be87b1-b37b-4a23-aed6-08cc34a651ac,2,390.74,781.48
ORD-001123,b93cddf2-6537-4127-8ce2-624f9aa29834,2,243.86,487.72
ORD-001123,315e1105-d13a-4238-9da3-93dd8555b2b0,1,739.77,739.77
ORD-001124,3855fb85-8e60-4c4c-8d0c-d5e1d0b73a24,2,55.75,111.5
ORD-001124,63c48bf1-fad6-4da1-8140-67b2bb06d791,2,571.01,1142.02
ORD-001124,f04f4f12-96b4-4d8e-aada-f268607e003c,3,698.22,2094.66
ORD-001124,9b91e12d-ce6e-4b84-8a85-1e6f0746fc96,2,773.31,1546.62
ORD-001124,4b8df45f-8e44-4f15-bd8f-a378a0c58905,2,823.22,1646.44
ORD-001125,63c48bf1-fad6-4da1-8140-67b2bb06d791,1,617.12,617.12
ORD-001126,4208330c-150b-463f-a7c7-0673090914e8,2,583.08,1166.16
ORD-001126,8be9d6b9-e56b-4c5e-a460-748e7c075dae,3,603.71,1811.13
ORD-001126,55ecc7b8-3b15-452b-b56f-ed44d9daea49,3,814.28,2442.84
ORD-001126,1c70a4e2-230e-46e1-9e16-4002dc16d033,1,866.18,866.18
ORD-001126,893204df-ac13-4689-9a88-7bca558213da,3,803.27,2409.81
ORD-001127,fd8ababa-b19a-4e03-9b81-8402dc09b8b0,1,311.31,311.31
ORD-001127,0ec71bd2-524d-47f9-9684-3a2ea9fea671,3,103.53,310.59000000000003
ORD-001127,050d253d-22dc-473f-813b-6faf3727d9a4,1,362.16,362.16
ORD-001128,acbfdf46-7f51-4371-bcd1-bd2f84a61541,3,153.07,459.21
ORD-001128,aaac043e-d176-493d-8b2f-408bdd5e57ad,1,407.46,407.46
ORD-001128,419ec84b-1236-48c4-8bc5-a1a124851553,1,953.11,953.11
ORD-001129,742d2c92-fcf6-4364-9bde-4490b7e5bb90,1,920.33,920.33
ORD-001129,68d81f9a-9cc0-4b20-9838-257ad1927777,3,122.16,366.48
ORD-001129,da096c2a-6ee1-4f2c-83b3-0f2f76fe15c9,1,159.76,159.76
ORD-001130,68457cfd-15e1-4596-a81f-3df9fe90b61c,1,732.69,732.69
ORD-001130,893204df-ac13-4689-9a88-7bca558213da,1,844.16,844.16
ORD-001131,f9fc8038-04f0-432b-a50c-a7a5af2a2345,3,12.59,37.769999999999996
ORD-001131,061a25ae-bdae-4ffd-90d4-f3ab3e8ecefe,1,244.31,244.31
ORD-001131,405ad395-d291-49d4-9bd4-d211ffc22eea,3,498.42,1495.26
ORD-001131,e8a79c65-89d1-45db-90cd-7e145b3c7e3a,3,548.54,1645.62
ORD-001131,2393bff1-4e45-46ea-a406-e25b2af55019,2,564.88,1129.76
ORD-001132,ede6f4f1-bcc6-44d7-9392-ab4a6ce2a110,2,68.52,137.04
ORD-001132,6f13ee39-c753-4c6e-a1d5-280ae443373b,1,382.55,382.55
ORD-001132,3d75e4dd-8c0d-4ca1-b8fc-94899558f59d,2,290.01,580.02
ORD-001133,28ceec8b-a2b2-40ba-a0f6-14292187fede,3,797.56,2392.68
ORD-001133,d08c345b-0596-4dd7-9867-6b5d4077070d,1,134.64,134.64
ORD-001134,15725fd3-bcc9-4d75-b86d-13a46fb28e30,3,572.1,1716.3000000000002
ORD-001134,0e5bd978-c61f-4398-846f-ef3d11025b05,3,533.24,1599.72
ORD-001134,2921a438-07b9-461e-95bf-ae0600aa711e,2,261.05,522.1
ORD-001134,7c7801a8-acca-4ccd-ad40-8a72fc19d689,3,1013.57,3040.71
ORD-001135,4208330c-150b-463f-a7c7-0673090914e8,2,567.78,1135.56
ORD-001136,f10acdec-95f8-4977-a21d-8254c9fbf5ba,1,353.83,353.83
ORD-001136,3855fb85-8e60-4c4c-8d0c-d5e1d0b73a24,3,55.87,167.60999999999999
ORD-001137,ee6671b0-66ad-4c31-8384-1f21d0621b8d,1,459.24,459.24
ORD-001137,6764c33e-0b6b-436f-a668-17d7c7446edd,1,322.87,322.87
ORD-001138,e3bfcdbd-04e2-4a88-a250-358045a9c86a,3,808.31,2424.93
ORD-001139,16664571-6011-4d6e-b585-66afb586279a,2,511.14,1022.28
ORD-001139,6672fd4f-9690-4544-a0aa-73d3d13c3143,2,808.7,1617.4
ORD-001140,2393bff1-4e45-46ea-a406-e25b2af55019,3,570.44,1711.3200000000002
ORD-001140,7bf80092-7e1d-4c0b-9907-d08c279385b7,3,593.82,1781.46
ORD-001141,60b84dd6-d802-4494-8360-067cf1e8e22e,2,333.74,667.48
ORD-001141,c5ff2331-db2f-4ecd-a938-d8b6c34e174d,3,714.04,2142.12
ORD-001141,ee6671b0-66ad-4c31-8384-1f21d0621b8d,2,450.86,901.72
ORD-001141,c3522c3b-6d84-4b59-8d46-dfd3c8e5a9d2,1,445.0,445.0
ORD-001141,23ee362b-698c-426d-b18f-b3237ab9e2e7,3,314.74,944.22
ORD-001142,5365a6b3-f8c1-4cba-b21f-bda73e899461,1,147.37,147.37
ORD-001142,67ec5461-6b1d-41ec-84d3-3b4ffe2f9592,2,159.9,319.8
ORD-001143,5f4b66a4-629f-416e-bdb6-36f673204882,2,402.66,805.32
ORD-001143,37e48379-d810-4be1-90e2-195c0f2f6de5,2,168.96,337.92
ORD-001143,3cecfc42-0caa-4b16-8136-54fbbbef5d7e,2,919.36,1838.72
ORD-001143,742d2c92-fcf6-4364-9bde-4490b7e5bb90,2,894.65,1789.3
ORD-001144,c3522c3b-6d84-4b59-8d46-dfd3c8e5a9d2,1,407.64,407.64
ORD-001144,41465d3a-ed68-4b53-8996-44e7f759d179,2,638.78,1277.56
ORD-001144,937bff8a-d5ab-43ab-b22a-f408ac90f9f1,2,1084.26,2168.52
ORD-001144,23ee362b-698c-426d-b18f-b3237ab9e2e7,3,293.47,880.4100000000001
ORD-001145,6672fd4f-9690-4544-a0aa-73d3d13c3143,1,921.72,921.72
ORD-001145,ae458e21-3770-4079-9fed-c30b7ac9308d,1,871.3,871.3
ORD-001145,5ba9f94f-7c5f-407d-ad88-c5c264376435,1,803.08,803.08
ORD-001145,b0d968cc-2620-4a46-9cdc-3171d64b59b6,3,252.02,756.0600000000001
ORD-001145,9bc4a986-aa96-4d57-b920-cf93e12654d8,2,249.8,499.6
ORD-001146,da67f0be-e782-4f46-adf3-77b094d80592,2,288.93,577.86
ORD-001146,912e9f9e-9d04-46c6-a552-0b9dd7ce2734,1,805.84,805.84
ORD-001146,1c70a4e2-230e-46e1-9e16-4002dc16d033,3,942.52,2827.56
ORD-001146,e8a79c65-89d1-45db-90cd-7e145b3c7e3a,3,509.94,1529.82
ORD-001146,d772ec05-2262-4b97-8c5b-0d43fe6340db,2,86.54,173.08
ORD-001147,0ec71bd2-524d-47f9-9684-3a2ea9fea671,2,111.05,222.1
ORD-001147,7a5f0e72-27b0-4209-a5fc-b169a612ba9f,1,787.11,787.11
ORD-001148,41a3d19b-1c8e-4a8e-a78e-e77252917c55,1,739.6,739.6
ORD-001148,742d2c92-fcf6-4364-9bde-4490b7e5bb90,1,977.95,977.95
ORD-001148,0d7a085b-b4d5-419f-ad5e-9f79d6908bb0,2,888.43,1776.86
ORD-001148,a6abb6d5-04a1-44a8-ab10-f1f274300e03,1,832.11,832.11
ORD-001148,dbbd5b7a-a62d-4a45-be8f-920ae39e8608,1,918.52,918.52
ORD-001149,99371c9b-acdd-4ec1-8eb4-e4d45fffae47,3,332.01,996.03
ORD-001149,2f0b1d71-f73d-47c1-b0be-55161f273d55,2,789.69,1579.38
ORD-001150,04f3f45b-d1d2-468f-926f-a20d38ffcf53,1,692.7,692.7
ORD-001150,ef7d92e4-6287-4a2d-8551-d5d2a4a51d5d,1,670.03,670.03
ORD-001150,dbd238cd-421d-41ef-a210-82c1c00cf62c,2,886.42,1772.84
ORD-001150,7c34cee5-7109-4ee9-9ee2-570dc90f5978,2,827.19,1654.38
ORD-001151,3a8579a0-82ca-4403-8e61-9e860a8aa440,3,340.61,1021.83
ORD-001151,55ecc7b8-3b15-452b-b56f-ed44d9daea49,3,720.74,2162.2200000000003
ORD-001151,3d75e4dd-8c0d-4ca1-b8fc-94899558f59d,3,290.89,872.67
ORD-001151,0a803a1e-a34d-4d81-9dec-33146a0142b7,3,160.43,481.29
ORD-001152,9be2b865-2317-4f5b-b405-3f012f0bb8fb,3,39.69,119.07
ORD-001152,68457cfd-15e1-4596-a81f-3df9fe90b61c,3,785.6,2356.8
ORD-001152,def4bb75-19e7-4d7c-8886-339395c44fc5,2,963.41,1926.82
ORD-001152,fcbb56a1-b862-4fb2-88fe-ed0472814307,2,425.02,850.04
ORD-001152,2393bff1-4e45-46ea-a406-e25b2af55019,2,586.14,1172.28
ORD-001153,deff3d30-fa21-4823-b63c-3d4e6842e6c5,2,131.95,263.9
ORD-001154,9bc4a986-aa96-4d57-b920-cf93e12654d8,2,245.76,491.52
ORD-001154,89b21998-89f0-438d-9c22-841ebc194ee5,2,649.95,1299.9
ORD-001154,45614ebe-6ff3-4afa-b719-15f5a9fb2ecd,3,85.68,257.04
ORD-001154,707ddaf2-2092-4b20-8ea8-a38a49a705bb,1,627.66,627.66
ORD-001154,10f6e3af-8e9e-4f38-811a-f929a91d59eb,1,228.55,228.55
ORD-001155,d9cc0d7e-ba3d-4639-a308-14db91d71d96,1,348.45,348.45
ORD-001155,8c205c60-3b62-4af1-8e3b-6d36315814ae,3,890.68,2672.04
ORD-001155,532fb4b4-b30a-4ecd-a59f-88383b1b4111,1,731.33,731.33
ORD-001155,e4f440b3-e2e8-4c4c-b460-5938baf5fc34,2,734.98,1469.96
ORD-001155,da67f0be-e782-4f46-adf3-77b094d80592,2,294.59,589.18
ORD-001156,a6abb6d5-04a1-44a8-ab10-f1f274300e03,3,859.45,2578.3500000000004
ORD-001156,8a5a9ca5-73e4-4ebd-91df-9e78783ac1fd,1,33.73,33.73
ORD-001156,8e0f4ddc-7f59-4218-b3c4-d3f34125168a,3,95.25,285.75
ORD-001156,ef7d92e4-6287-4a2d-8551-d5d2a4a51d5d,1,636.84,636.84
ORD-001157,16664571-6011-4d6e-b585-66afb586279a,1,565.21,565.21
ORD-001157,def4bb75-19e7-4d7c-8886-339395c44fc5,2,940.71,1881.42
ORD-001157,0ec71bd2-524d-47f9-9684-3a2ea9fea671,3,109.06,327.18
ORD-001158,a41172e5-d44c-45e7-a8b1-243eee76a01d,2,343.64,687.28
ORD-001159,ab85e304-fe27-44fd-b1ac-6bb0bc578a3e,1,1033.47,1033.47
ORD-001159,99371c9b-acdd-4ec1-8eb4-e4d45fffae47,1,298.43,298.43
ORD-001159,c3522c3b-6d84-4b59-8d46-dfd3c8e5a9d2,2,395.48,790.96
ORD-001160,f7aa4564-5e47-4f7b-bf6d-acd15d81d874,3,937.97,2813.91
ORD-001160,99371c9b-acdd-4ec1-8eb4-e4d45fffae47,3,294.63,883.89
ORD-001160,f8fe12a5-1e45-46db-b206-769db4270f04,3,906.4,2719.2
ORD-001160,bce24858-fad5-4c3f-98b1-e71187222c2b,2,425.07,850.14
ORD-001161,d1f03c1c-8c75-4b6a-856e-4d8177b8e3b5,2,979.52,1959.04
ORD-001161,f7aa4564-5e47-4f7b-bf6d-acd15d81d874,1,983.51,983.51
ORD-001161,8899b0dc-71a0-4fa0-a6b0-ac9f5ce7480c,2,18.11,36.22
ORD-001161,b0d968cc-2620-4a46-9cdc-3171d64b59b6,1,286.31,286.31
ORD-001162,8a5a9ca5-73e4-4ebd-91df-9e78783ac1fd,1,34.77,34.77
ORD-001162,16664571-6011-4d6e-b585-66afb586279a,1,495.45,495.45
ORD-001162,68457cfd-15e1-4596-a81f-3df9fe90b61c,1,704.97,704.97
ORD-001162,4208330c-150b-463f-a7c7-0673090914e8,2,506.52,1013.04
ORD-001163,21f90a72-45a0-4a27-aeaa-7f370cca438e,2,92.53,185.06
ORD-001163,7b766140-2096-40c6-bd41-30e19a9cfa16,2,1008.84,2017.68
ORD-001163,fa85c5bc-4464-4fe6-8dbe-c31c9deff2a4,2,158.97,317.94
ORD-001163,fa407e03-eb2d-4941-86fb-c31db86db758,1,331.17,331.17
ORD-001164,9077a69a-7977-4d2e-bee5-aadf01e84cc6,1,863.19,863.19
ORD-001164,deff3d30-fa21-4823-b63c-3d4e6842e6c5,1,144.93,144.93
ORD-001164,6672fd4f-9690-4544-a0aa-73d3d13c3143,1,775.34,775.34
ORD-001164,71cc17b0-7afa-4146-b237-990ccd566c1c,1,559.51,559.51
ORD-001165,aff02d9a-6315-48db-bf3e-dcdb7e9d4d93,1,21.94,21.94
ORD-001166,ef5f3f32-50c4-44aa-a8cf-b70c38a7c67e,3,183.7,551.0999999999999
ORD-001166,7c34cee5-7109-4ee9-9ee2-570dc90f5978,3,958.69,2876.07
ORD-001166,fd8ababa-b19a-4e03-9b81-8402dc09b8b0,1,314.45,314.45
ORD-001166,ca25b56a-0fbb-4e75-90e5-e214ad3b390d,3,588.62,1765.8600000000001
ORD-001167,04f3f45b-d1d2-468f-926f-a20d38ffcf53,2,726.62,1453.24
ORD-001167,fd3507a2-3ab7-491f-984f-099ccd09eb79,2,903.77,1807.54
ORD-001167,94ba6334-cdc4-44a9-ab94-f80a2c07b053,3,523.42,1570.2599999999998
ORD-001168,4b8df45f-8e44-4f15-bd8f-a378a0c58905,1,740.26,740.26
ORD-001168,315e1105-d13a-4238-9da3-93dd8555b2b0,3,641.42,1924.2599999999998
ORD-001168,0fa5d429-0e39-4bb5-8b14-2d77fd17e378,3,614.91,1844.73
ORD-001168,60b84dd6-d802-4494-8360-067cf1e8e22e,1,334.28,334.28
ORD-001168,90cd07ed-a352-4b36-a0cc-b00bc3a206d0,1,15.4,15.4
ORD-001169,5365a6b3-f8c1-4cba-b21f-bda73e899461,2,148.26,296.52
ORD-001169,63a41a01-c853-4665-b54a-1ee98a25cc24,3,522.38,1567.1399999999999
ORD-001169,6764c33e-0b6b-436f-a668-17d7c7446edd,3,297.98,893.94
ORD-001169,c9543a40-1b4c-4e7b-9ac1-572e5b495f5e,3,166.26,498.78
ORD-001169,d74ab3e8-a38b-4065-b223-4565aaade398,3,411.28,1233.84
ORD-001170,6764c33e-0b6b-436f-a668-17d7c7446edd,1,288.92,288.92
ORD-001170,60b84dd6-d802-4494-8360-067cf1e8e22e,3,283.69,851.0699999999999
ORD-001171,7c34cee5-7109-4ee9-9ee2-570dc90f5978,3,800.17,2400.5099999999998
ORD-001171,60d6813e-5f16-468e-9c55-9bef30b5a553,3,508.98,1526.94
ORD-001172,c9543a40-1b4c-4e7b-9ac1-572e5b495f5e,3,155.61,466.83000000000004
ORD-001172,60b84dd6-d802-4494-8360-067cf1e8e22e,3,318.39,955.17
ORD-001172,8569c478-c99b-4c60-be7e-5a1563b3a4e2,2,578.38,1156.76
ORD-001172,3d75e4dd-8c0d-4ca1-b8fc-94899558f59d,1,328.4,328.4
ORD-001172,fd3507a2-3ab7-491f-984f-099ccd09eb79,3,865.15,2595.45
ORD-001173,45614ebe-6ff3-4afa-b719-15f5a9fb2ecd,1,93.19,93.19
ORD-001173,faab82fa-51cf-4676-bff7-2f7bf7b28cf3,2,677.29,1354.58
ORD-001173,f7e68e0f-782c-4aac-a779-0c44ad195769,2,129.23,258.46
ORD-001173,1bf69c20-872b-4d71-b68d-62ddaa662a91,1,23.98,23.98
ORD-001174,a6abb6d5-04a1-44a8-ab10-f1f274300e03,2,910.43,1820.86
ORD-001175,15725fd3-bcc9-4d75-b86d-13a46fb28e30,1,652.21,652.21
ORD-001175,ee6204b7-db26-4235-8b62-6e5b3224061d,1,856.03,856.03
ORD-001175,68457cfd-15e1-4596-a81f-3df9fe90b61c,2,719.14,1438.28
ORD-001175,3d75e4dd-8c0d-4ca1-b8fc-94899558f59d,2,311.81,623.62
ORD-001175,85426297-26fc-49a2-a69e-0a4e6af9a45c,2,439.23,878.46
ORD-001176,dbd238cd-421d-41ef-a210-82c1c00cf62c,2,923.93,1847.86
ORD-001176,3cecfc42-0caa-4b16-8136-54fbbbef5d7e,3,961.75,2885.25
ORD-001176,e4f440b3-e2e8-4c4c-b460-5938baf5fc34,3,756.8,2270.3999999999996
ORD-001176,f7aa4564-5e47-4f7b-bf6d-acd15d81d874,1,872.56,872.56
ORD-001177,fa85c5bc-4464-4fe6-8dbe-c31c9deff2a4,2,186.29,372.58
ORD-001177,454b4bb2-e284-45c4-bbdf-2eb6aa50e3f4,3,591.04,1773.12
ORD-001177,6672fd4f-9690-4544-a0aa-73d3d13c3143,2,819.63,1639.26
ORD-001177,94cae71c-088a-4a34-a24f-4a036fd8264a,2,557.3,1114.6
ORD-001177,7c34cee5-7109-4ee9-9ee2-570dc90f5978,1,876.93,876.93
ORD-001178,405ad395-d291-49d4-9bd4-d211ffc22eea,2,446.42,892.84
ORD-001178,419ec84b-1236-48c4-8bc5-a1a124851553,1,932.89,932.89
ORD-001178,7f860829-11cb-4357-9a02-efdfb77649ae,1,689.18,689.18
ORD-001178,6672fd4f-9690-4544-a0aa-73d3d13c3143,3,829.21,2487.63
ORD-001178,26dc7e49-f0e9-49a9-a86d-6d43c48fcb61,2,509.62,1019.24
ORD-001179,3760e57c-2f23-40d2-ae8d-1b6bcee93dfb,2,462.24,924.48
ORD-001179,1a037248-f604-4a40-8f01-a1ec98cba9ba,3,955.99,2867.9700000000003
ORD-001180,5495fe5e-67f1-4652-aedc-41136b95eee7,1,393.93,393.93
ORD-001180,6672fd4f-9690-4544-a0aa-73d3d13c3143,2,797.92,1595.84
ORD-001181,3278b24e-b3ba-4f5e-b1ac-eee48208f7d9,2,871.21,1742.42
ORD-001181,f8fe12a5-1e45-46db-b206-769db4270f04,3,870.73,2612.19
ORD-001181,7c34cee5-7109-4ee9-9ee2-570dc90f5978,3,948.51,2845.5299999999997
ORD-001181,28ceec8b-a2b2-40ba-a0f6-14292187fede,3,721.89,2165.67
ORD-001182,707ddaf2-2092-4b20-8ea8-a38a49a705bb,2,716.63,1433.26
ORD-001183,23ee362b-698c-426d-b18f-b3237ab9e2e7,3,297.89,893.67
ORD-001183,cc9e8554-b363-43de-94d4-cd8918d96dfb,1,446.01,446.01
ORD-001184,da096c2a-6ee1-4f2c-83b3-0f2f76fe15c9,3,160.63,481.89
ORD-001184,aff02d9a-6315-48db-bf3e-dcdb7e9d4d93,2,22.11,44.22
ORD-001184,893204df-ac13-4689-9a88-7bca558213da,3,736.66,2209.98
ORD-001185,33b1781a-3a1b-419d-ab45-8633ffb25560,1,248.3,248.3
ORD-001185,deff3d30-fa21-4823-b63c-3d4e6842e6c5,1,146.78,146.78
ORD-001186,2e8fd2aa-3e7f-4fb1-aa6b-1c3738a5a388,3,615.69,1847.0700000000002
ORD-001186,28ceec8b-a2b2-40ba-a0f6-14292187fede,3,839.81,2519.43
ORD-001186,c5ff2331-db2f-4ecd-a938-d8b6c34e174d,1,858.82,858.82
ORD-001186,10f6e3af-8e9e-4f38-811a-f929a91d59eb,3,258.9,776.6999999999999
ORD-001187,b0bf5af1-fb0c-44d2-a03e-9803a9d3d464,2,148.17,296.34
ORD-001187,366aced0-fca0-4552-b005-693380619df5,1,395.28,395.28
ORD-001187,23ee362b-698c-426d-b18f-b3237ab9e2e7,3,332.32,996.96
ORD-001187,7425f7d5-c9e3-4485-b539-cf6ebe8f8a25,2,852.48,1704.96
ORD-001188,ee6671b0-66ad-4c31-8384-1f21d0621b8d,3,449.03,1347.09
ORD-001188,28ceec8b-a2b2-40ba-a0f6-14292187fede,2,861.76,1723.52
ORD-001188,74d41359-c624-44ba-8f3e-f9a3c9978f5a,2,510.51,1021.02
ORD-001188,4208330c-150b-463f-a7c7-0673090914e8,1,568.36,568.36
ORD-001189,8899b0dc-71a0-4fa0-a6b0-ac9f5ce7480c,3,17.9,53.699999999999996
ORD-001190,94cae71c-088a-4a34-a24f-4a036fd8264a,2,603.33,1206.66
ORD-001191,405ad395-d291-49d4-9bd4-d211ffc22eea,1,477.26,477.26
ORD-001191,315e1105-d13a-4238-9da3-93dd8555b2b0,2,641.1,1282.2
ORD-001191,366aced0-fca0-4552-b005-693380619df5,2,411.4,822.8
ORD-001191,cc9e8554-b363-43de-94d4-cd8918d96dfb,1,462.9,462.9
ORD-001192,419ec84b-1236-48c4-8bc5-a1a124851553,2,954.34,1908.68
ORD-001192,1c70a4e2-230e-46e1-9e16-4002dc16d033,2,912.22,1824.44
ORD-001192,26fdd0a3-d3c1-4b32-958b-645ecf7fc069,2,1003.08,2006.16
ORD-001193,d772ec05-2262-4b97-8c5b-0d43fe6340db,2,95.1,190.2
ORD-001194,28ceec8b-a2b2-40ba-a0f6-14292187fede,1,822.01,822.01
ORD-001194,3855fb85-8e60-4c4c-8d0c-d5e1d0b73a24,1,52.1,52.1
ORD-001194,405ad395-d291-49d4-9bd4-d211ffc22eea,1,530.16,530.16
ORD-001194,05d41c69-92c2-48e8-ae4f-ba81c15eb0f9,2,274.33,548.66
ORD-001194,bf47ea32-f0cd-4cbe-89ea-3949a76eb378,3,524.45,1573.3500000000001
ORD-001195,631da773-6e64-4717-9bd6-3ea10ab8a8a8,2,491.89,983.78
ORD-001195,41465d3a-ed68-4b53-8996-44e7f759d179,2,629.51,1259.02
ORD-001195,d772ec05-2262-4b97-8c5b-0d43fe6340db,2,98.26,196.52
ORD-001195,60b84dd6-d802-4494-8360-067cf1e8e22e,3,292.06,876.1800000000001
ORD-001195,6f13ee39-c753-4c6e-a1d5-280ae443373b,2,378.3,756.6
ORD-001196,5f4b66a4-629f-416e-bdb6-36f673204882,3,446.55,1339.65
ORD-001197,71cc17b0-7afa-4146-b237-990ccd566c1c,1,556.69,556.69
ORD-001198,0d7a085b-b4d5-419f-ad5e-9f79d6908bb0,3,866.6,2599.8
ORD-001198,6059b6db-a71e-4aa4-a462-aa577d13efcd,1,89.28,89.28
ORD-001199,68457cfd-15e1-4596-a81f-3df9fe90b61c,1,711.22,711.22
ORD-001199,df68296b-c1d5-4644-96ef-390a77c22380,3,154.52,463.56000000000006
ORD-001199,fa85c5bc-4464-4fe6-8dbe-c31c9deff2a4,2,177.0,354.0
ORD-001199,c5ff2331-db2f-4ecd-a938-d8b6c34e174d,2,829.02,1658.04
ORD-001199,405bebd4-be7d-4505-a89f-6ef992011c8b,1,848.75,848.75
ORD-001200,9077a69a-7977-4d2e-bee5-aadf01e84cc6,1,856.58,856.58
ORD-001201,45614ebe-6ff3-4afa-b719-15f5a9fb2ecd,1,85.59,85.59
ORD-001201,671a5b36-3c48-4567-a517-7dba3fb1d09f,1,813.25,813.25
ORD-001202,4b62729d-5443-4aea-9021-7b3065cb276f,3,809.43,2428.29
ORD-001202,909c4825-1e5b-4389-b3fa-c87e6de42a78,2,519.25,1038.5
ORD-001202,70343e52-0a89-43cb-86df-8ddaaf47dff1,3,602.91,1808.73
ORD-001202,4375b157-2438-422b-aa81-33c6480a48b2,1,306.24,306.24
ORD-001203,c5784eab-50a3-47c7-8dbe-00213caf5933,1,777.8,777.8
ORD-001203,7c7801a8-acca-4ccd-ad40-8a72fc19d689,3,1012.87,3038.61
ORD-001203,2921a438-07b9-461e-95bf-ae0600aa711e,3,231.35,694.05
ORD-001204,3f35308c-7fb2-4c8c-8aaa-2f60914da1cc,1,251.93,251.93
ORD-001204,94cae71c-088a-4a34-a24f-4a036fd8264a,3,567.14,1701.42
ORD-001205,6764c33e-0b6b-436f-a668-17d7c7446edd,2,281.21,562.42
ORD-001205,631da773-6e64-4717-9bd6-3ea10ab8a8a8,2,524.79,1049.58
ORD-001206,419ec84b-1236-48c4-8bc5-a1a124851553,2,1013.23,2026.46
ORD-001206,89b21998-89f0-438d-9c22-841ebc194ee5,1,562.49,562.49
ORD-001206,33842d9c-8a4f-479f-953b-efa0ab91e543,2,659.17,1318.34
ORD-001207,26dc7e49-f0e9-49a9-a86d-6d43c48fcb61,1,582.87,582.87
ORD-001207,d772ec05-2262-4b97-8c5b-0d43fe6340db,3,93.11,279.33
ORD-001207,f10acdec-95f8-4977-a21d-8254c9fbf5ba,3,361.84,1085.52
ORD-001207,ba6ea82d-d057-4aef-8f9e-030ff94edeea,2,45.08,90.16
ORD-001208,742d2c92-fcf6-4364-9bde-4490b7e5bb90,3,1005.97,3017.91
ORD-001208,6e0a26d0-33df-4412-83c4-f2d36c0ac262,3,841.95,2525.8500000000004
ORD-001208,4f81a909-a41c-4d86-a956-3dfa8676343c,2,613.82,1227.64
ORD-001208,ab85e304-fe27-44fd-b1ac-6bb0bc578a3e,3,1000.3,3000.8999999999996
ORD-001208,acbfdf46-7f51-4371-bcd1-bd2f84a61541,2,150.94,301.88
ORD-001209,aff02d9a-6315-48db-bf3e-dcdb7e9d4d93,1,22.61,22.61
ORD-001209,d11a42dd-8e96-4213-9ac0-1c7d97019f1e,1,91.6,91.6
ORD-001210,9b91e12d-ce6e-4b84-8a85-1e6f0746fc96,2,723.43,1446.86
ORD-001210,def4bb75-19e7-4d7c-8886-339395c44fc5,2,989.76,1979.52
ORD-001210,454b7ebc-fee8-4590-a620-8eb467fecb64,1,635.76,635.76
ORD-001211,74d41359-c624-44ba-8f3e-f9a3c9978f5a,2,545.43,1090.86
ORD-001211,63c48bf1-fad6-4da1-8140-67b2bb06d791,3,564.6,1693.8000000000002
ORD-001212,ae458e21-3770-4079-9fed-c30b7ac9308d,1,856.2,856.2
ORD-001212,6f13ee39-c753-4c6e-a1d5-280ae443373b,1,374.36,374.36
ORD-001213,85426297-26fc-49a2-a69e-0a4e6af9a45c,2,415.96,831.92
ORD-001213,70343e52-0a89-43cb-86df-8ddaaf47dff1,2,579.28,1158.56
ORD-001213,e8a79c65-89d1-45db-90cd-7e145b3c7e3a,2,576.02,1152.04
ORD-001214,909c4825-1e5b-4389-b3fa-c87e6de42a78,3,542.14,1626.42
ORD-001214,5a9eb21e-edd6-45d1-8aca-409e73e04659,2,463.07,926.14
ORD-001214,6e0a26d0-33df-4412-83c4-f2d36c0ac262,1,881.71,881.71
ORD-001214,1f2074d5-523f-42fc-b2e4-847619e94cc4,3,10.1,30.299999999999997
ORD-001214,68457cfd-15e1-4596-a81f-3df9fe90b61c,1,697.58,697.58
ORD-001215,4208330c-150b-463f-a7c7-0673090914e8,1,525.22,525.22
ORD-001215,8d81191f-438b-4926-bebb-c3e8f4501a6a,2,636.92,1273.84
ORD-001215,9be2b865-2317-4f5b-b405-3f012f0bb8fb,2,40.47,80.94
ORD-001216,dbbd5b7a-a62d-4a45-be8f-920ae39e8608,3,868.08,2604.2400000000002
ORD-001216,60b84dd6-d802-4494-8360-067cf1e8e22e,3,306.75,920.25
ORD-001216,fa85c5bc-4464-4fe6-8dbe-c31c9deff2a4,1,175.9,175.9
ORD-001217,6e0a26d0-33df-4412-83c4-f2d36c0ac262,3,948.32,2844.96
ORD-001217,5e97e495-e132-433b-9087-b8df43ed91c6,2,96.08,192.16
ORD-001217,ff22512f-6c6f-4752-9f58-caec61b6cb91,2,574.88,1149.76
ORD-001218,6672fd4f-9690-4544-a0aa-73d3d13c3143,2,872.34,1744.68
ORD-001218,d11a42dd-8e96-4213-9ac0-1c7d97019f1e,2,90.59,181.18
ORD-001219,6f13ee39-c753-4c6e-a1d5-280ae443373b,3,384.18,1152.54
ORD-001219,16664571-6011-4d6e-b585-66afb586279a,2,563.51,1127.02
ORD-001219,41465d3a-ed68-4b53-8996-44e7f759d179,1,742.73,742.73
ORD-001220,6059b6db-a71e-4aa4-a462-aa577d13efcd,3,84.78,254.34
ORD-001220,faab82fa-51cf-4676-bff7-2f7bf7b28cf3,1,761.8,761.8
ORD-001221,bd7b09b1-2139-484c-975c-6adc6bf68daa,2,204.04,408.08
ORD-001222,419ec84b-1236-48c4-8bc5-a1a124851553,2,883.45,1766.9
ORD-001222,193b42ad-40fd-462a-b98e-b77cc9f6e888,2,42.25,84.5
ORD-001222,67ec5461-6b1d-41ec-84d3-3b4ffe2f9592,3,145.75,437.25
ORD-001222,75be87b1-b37b-4a23-aed6-08cc34a651ac,2,393.78,787.56
ORD-001222,ff22512f-6c6f-4752-9f58-caec61b6cb91,1,666.62,666.62
ORD-001223,a6abb6d5-04a1-44a8-ab10-f1f274300e03,2,814.52,1629.04
ORD-001224,454b7ebc-fee8-4590-a620-8eb467fecb64,2,614.4,1228.8
ORD-001224,90ef69e2-4c38-4a58-abf2-7ca075f0ef61,2,439.02,878.04
ORD-001224,85426297-26fc-49a2-a69e-0a4e6af9a45c,2,485.69,971.38
ORD-001224,05d41c69-92c2-48e8-ae4f-ba81c15eb0f9,3,302.1,906.3000000000001
ORD-001224,6ebe25ff-c064-4e89-8b8a-59882bad12d8,1,212.98,212.98
ORD-001225,ede6f4f1-bcc6-44d7-9392-ab4a6ce2a110,3,65.01,195.03000000000003
ORD-001225,9be2b865-2317-4f5b-b405-3f012f0bb8fb,3,36.99,110.97
ORD-001225,8be9d6b9-e56b-4c5e-a460-748e7c075dae,1,648.31,648.31
ORD-001225,e8a79c65-89d1-45db-90cd-7e145b3c7e3a,3,516.87,1550.6100000000001
ORD-001225,dc0d3770-971f-4886-a3a5-52d5d3432e38,2,320.54,641.08
ORD-001226,9077a69a-7977-4d2e-bee5-aadf01e84cc6,2,844.19,1688.38
ORD-001226,37e48379-d810-4be1-90e2-195c0f2f6de5,3,187.37,562.11
ORD-001227,45b5ae49-50c4-4c7a-bc7f-d2216d170c3f,2,228.17,456.34
ORD-001227,ff22512f-6c6f-4752-9f58-caec61b6cb91,3,586.7,1760.1000000000001
ORD-001228,3760e57c-2f23-40d2-ae8d-1b6bcee93dfb,2,402.58,805.16
ORD-001228,45614ebe-6ff3-4afa-b719-15f5a9fb2ecd,3,96.05,288.15
ORD-001228,bf47ea32-f0cd-4cbe-89ea-3949a76eb378,2,472.84,945.68
ORD-001229,1c70a4e2-230e-46e1-9e16-4002dc16d033,1,1012.21,1012.21
ORD-001230,dc0d3770-971f-4886-a3a5-52d5d3432e38,3,317.41,952.23
ORD-001230,3a8579a0-82ca-4403-8e61-9e860a8aa440,1,335.46,335.46
ORD-001230,94ba6334-cdc4-44a9-ab94-f80a2c07b053,3,554.14,1662.42
ORD-001231,da67f0be-e782-4f46-adf3-77b094d80592,3,257.86,773.58
ORD-001232,94ba6334-cdc4-44a9-ab94-f80a2c07b053,1,599.96,599.96
ORD-001232,aff02d9a-6315-48db-bf3e-dcdb7e9d4d93,3,20.58,61.739999999999995
ORD-001232,2f0b1d71-f73d-47c1-b0be-55161f273d55,1,789.45,789.45
ORD-001232,1f2074d5-523f-42fc-b2e4-847619e94cc4,1,10.31,10.31
ORD-001232,04f3f45b-d1d2-468f-926f-a20d38ffcf53,3,624.98,1874.94
ORD-001233,da67f0be-e782-4f46-adf3-77b094d80592,2,246.98,493.96
ORD-001233,6382aa8f-7015-49da-8e2b-33206e5d3fb4,2,26.44,52.88
ORD-001233,0e5bd978-c61f-4398-846f-ef3d11025b05,2,552.72,1105.44
ORD-001234,7b766140-2096-40c6-bd41-30e19a9cfa16,3,876.88,2630.64
ORD-001234,fb016ade-5c71-45c2-9cf9-04683455a4d4,1,933.02,933.02
ORD-001234,94cae71c-088a-4a34-a24f-4a036fd8264a,2,550.86,1101.72
ORD-001234,41465d3a-ed68-4b53-8996-44e7f759d179,2,642.42,1284.84
ORD-001235,6382aa8f-7015-49da-8e2b-33206e5d3fb4,1,25.9,25.9
ORD-001236,b70acae6-2103-41b9-a113-f23f9b293a5d,1,432.25,432.25
ORD-001237,c5cb56bf-36b3-4b90-9e9f-1e49aa762838,3,652.92,1958.7599999999998
ORD-001237,10483ae3-3fc2-4384-bd7a-62aea10b3754,2,795.62,1591.24
ORD-001238,f8fe12a5-1e45-46db-b206-769db4270f04,1,894.8,894.8
ORD-001238,0ec71bd2-524d-47f9-9684-3a2ea9fea671,3,104.84,314.52
ORD-001238,e8a79c65-89d1-45db-90cd-7e145b3c7e3a,1,490.68,490.68
ORD-001238,ab85e304-fe27-44fd-b1ac-6bb0bc578a3e,3,854.34,2563.02
ORD-001239,ef5f3f32-50c4-44aa-a8cf-b70c38a7c67e,3,159.7,479.09999999999997
ORD-001239,8569c478-c99b-4c60-be7e-5a1563b3a4e2,2,535.5,1071.0
ORD-001239,def4bb75-19e7-4d7c-8886-339395c44fc5,1,978.77,978.77
ORD-001240,16664571-6011-4d6e-b585-66afb586279a,2,516.61,1033.22
ORD-001240,c5784eab-50a3-47c7-8dbe-00213caf5933,2,724.68,1449.36
ORD-001240,e3bfcdbd-04e2-4a88-a250-358045a9c86a,1,845.9,845.9
ORD-001240,3f35308c-7fb2-4c8c-8aaa-2f60914da1cc,3,244.81,734.4300000000001
ORD-001240,3cecfc42-0caa-4b16-8136-54fbbbef5d7e,1,947.65,947.65
ORD-001241,1bf69c20-872b-4d71-b68d-62ddaa662a91,2,22.4,44.8
ORD-001242,ca25b56a-0fbb-4e75-90e5-e214ad3b390d,1,572.36,572.36
ORD-001242,3693fe0b-4ec7-46b0-a018-f78f6cbd809b,1,408.85,408.85
ORD-001242,63a41a01-c853-4665-b54a-1ee98a25cc24,1,599.92,599.92
ORD-001242,b93cddf2-6537-4127-8ce2-624f9aa29834,1,215.1,215.1
ORD-001243,937bff8a-d5ab-43ab-b22a-f408ac90f9f1,3,1051.1,3153.2999999999997
ORD-001243,c9543a40-1b4c-4e7b-9ac1-572e5b495f5e,2,158.09,316.18
ORD-001244,912e9f9e-9d04-46c6-a552-0b9dd7ce2734,1,861.29,861.29
ORD-001244,193b42ad-40fd-462a-b98e-b77cc9f6e888,2,38.42,76.84
ORD-001244,fd8ababa-b19a-4e03-9b81-8402dc09b8b0,1,319.93,319.93
ORD-001245,d772ec05-2262-4b97-8c5b-0d43fe6340db,3,90.88,272.64
ORD-001245,3760e57c-2f23-40d2-ae8d-1b6bcee93dfb,2,430.05,860.1
ORD-001245,6e0a26d0-33df-4412-83c4-f2d36c0ac262,1,958.35,958.35
ORD-001245,26fdd0a3-d3c1-4b32-958b-645ecf7fc069,2,966.93,1933.86
ORD-001246,bf47ea32-f0cd-4cbe-89ea-3949a76eb378,1,518.82,518.82
ORD-001246,16664571-6011-4d6e-b585-66afb586279a,1,580.24,580.24
ORD-001247,f04f4f12-96b4-4d8e-aada-f268607e003c,1,672.73,672.73
ORD-001247,da67f0be-e782-4f46-adf3-77b094d80592,2,281.89,563.78
ORD-001247,d1f03c1c-8c75-4b6a-856e-4d8177b8e3b5,1,842.86,842.86
ORD-001248,366aced0-fca0-4552-b005-693380619df5,3,403.48,1210.44
ORD-001248,87db6283-4935-4d50-b89b-026c1918a3f4,1,147.68,147.68
ORD-001248,dbd238cd-421d-41ef-a210-82c1c00cf62c,3,863.7,2591.1000000000004
ORD-001248,f9fc8038-04f0-432b-a50c-a7a5af2a2345,1,12.36,12.36
ORD-001249,7bf80092-7e1d-4c0b-9907-d08c279385b7,1,590.89,590.89
ORD-001249,9a612763-a18d-4647-9ea3-77af34124d8a,3,367.45,1102.35
ORD-001250,a6abb6d5-04a1-44a8-ab10-f1f274300e03,1,774.67,774.67
ORD-001250,f371f7f7-a2de-4914-8f74-9432cc9522f4,1,678.73,678.73
ORD-001250,10f847f0-0a23-402a-bb45-480ffa6e1098,2,298.27,596.54
ORD-001250,b67caa36-478c-44e8-955c-980b0edb39fc,3,1032.77,3098.31
ORD-001251,6ebe25ff-c064-4e89-8b8a-59882bad12d8,3,207.68,623.04
ORD-001252,63a41a01-c853-4665-b54a-1ee98a25cc24,1,519.18,519.18
ORD-001252,d74ab3e8-a38b-4065-b223-4565aaade398,2,403.54,807.08
ORD-001252,5efd7556-eb0c-4dac-bf16-a67ac3bf34ab,2,438.25,876.5
ORD-001252,ef7d92e4-6287-4a2d-8551-d5d2a4a51d5d,1,703.05,703.05
ORD-001253,4f81a909-a41c-4d86-a956-3dfa8676343c,3,592.84,1778.52
ORD-001253,9bc4a986-aa96-4d57-b920-cf93e12654d8,2,240.49,480.98
ORD-001253,3278b24e-b3ba-4f5e-b1ac-eee48208f7d9,2,771.32,1542.64
ORD-001254,ad82f489-80fb-4ab2-bdcb-13e79d0e35fb,3,625.7,1877.1000000000001
ORD-001254,7b766140-2096-40c6-bd41-30e19a9cfa16,1,1035.27,1035.27
ORD-001255,aaac043e-d176-493d-8b2f-408bdd5e57ad,3,460.53,1381.59
ORD-001255,05d41c69-92c2-48e8-ae4f-ba81c15eb0f9,2,296.97,593.94
ORD-001255,b93cddf2-6537-4127-8ce2-624f9aa29834,3,244.77,734.3100000000001
ORD-001255,0ec71bd2-524d-47f9-9684-3a2ea9fea671,1,102.1,102.1
ORD-001256,454b7ebc-fee8-4590-a620-8eb467fecb64,3,566.09,1698.27
ORD-001256,89b21998-89f0-438d-9c22-841ebc194ee5,3,666.1,1998.3000000000002
ORD-001256,6ebe25ff-c064-4e89-8b8a-59882bad12d8,3,202.05,606.1500000000001
ORD-001256,2a9062a5-1a82-4732-863d-fa089ad07586,1,500.65,500.65
ORD-001257,6764c33e-0b6b-436f-a668-17d7c7446edd,2,288.38,576.76
ORD-001257,ef7d92e4-6287-4a2d-8551-d5d2a4a51d5d,2,729.44,1458.88
ORD-001257,8c205c60-3b62-4af1-8e3b-6d36315814ae,1,1040.75,1040.75
ORD-001257,b67caa36-478c-44e8-955c-980b0edb39fc,2,1028.95,2057.9
ORD-001257,6382aa8f-7015-49da-8e2b-33206e5d3fb4,2,24.48,48.96
ORD-001258,5efd7556-eb0c-4dac-bf16-a67ac3bf34ab,2,508.52,1017.04
ORD-001258,b70acae6-2103-41b9-a113-f23f9b293a5d,3,408.25,1224.75
ORD-001259,0166f91f-430b-4bdb-9f7a-561e622896ec,1,666.9,666.9
ORD-001259,fb016ade-5c71-45c2-9cf9-04683455a4d4,3,815.51,2446.5299999999997
ORD-001260,99371c9b-acdd-4ec1-8eb4-e4d45fffae47,3,284.2,852.5999999999999
ORD-001260,ee6204b7-db26-4235-8b62-6e5b3224061d,1,853.56,853.56
ORD-001261,4ff0f9b1-185b-464f-a09f-8af3db013013,3,388.86,1166.58
ORD-001262,fa85c5bc-4464-4fe6-8dbe-c31c9deff2a4,3,178.16,534.48
ORD-001262,94ba6334-cdc4-44a9-ab94-f80a2c07b053,1,601.91,601.91
ORD-001262,c5784eab-50a3-47c7-8dbe-00213caf5933,3,753.44,2260.32
ORD-001263,33b1781a-3a1b-419d-ab45-8633ffb25560,3,289.49,868.47
ORD-001263,c5784eab-50a3-47c7-8dbe-00213caf5933,3,745.8,2237.3999999999996
ORD-001263,1c70a4e2-230e-46e1-9e16-4002dc16d033,2,889.88,1779.76
ORD-001264,e4f440b3-e2e8-4c4c-b460-5938baf5fc34,1,773.44,773.44
ORD-001265,7f860829-11cb-4357-9a02-efdfb77649ae,3,601.15,1803.4499999999998
ORD-001265,04f3f45b-d1d2-468f-926f-a20d38ffcf53,3,710.29,2130.87
ORD-001266,87db6283-4935-4d50-b89b-026c1918a3f4,1,162.38,162.38
ORD-001266,b70acae6-2103-41b9-a113-f23f9b293a5d,2,437.73,875.46
ORD-001266,4b8df45f-8e44-4f15-bd8f-a378a0c58905,3,804.97,2414.91
ORD-001267,4208330c-150b-463f-a7c7-0673090914e8,1,522.11,522.11
ORD-001267,b70acae6-2103-41b9-a113-f23f9b293a5d,3,375.76,1127.28
ORD-001267,c9360b39-4f2d-480b-82ce-6da8c789fa7f,2,531.8,1063.6
ORD-001268,68d81f9a-9cc0-4b20-9838-257ad1927777,1,115.8,115.8
ORD-001268,b0d968cc-2620-4a46-9cdc-3171d64b59b6,2,270.48,540.96
ORD-001268,3693fe0b-4ec7-46b0-a018-f78f6cbd809b,2,393.88,787.76
ORD-001268,8e0f4ddc-7f59-4218-b3c4-d3f34125168a,2,93.78,187.56
ORD-001269,3f35308c-7fb2-4c8c-8aaa-2f60914da1cc,1,266.57,266.57
ORD-001269,7425f7d5-c9e3-4485-b539-cf6ebe8f8a25,1,784.84,784.84
ORD-001269,05d41c69-92c2-48e8-ae4f-ba81c15eb0f9,2,254.27,508.54
ORD-001269,454b7ebc-fee8-4590-a620-8eb467fecb64,3,603.69,1811.0700000000002
ORD-001269,deebf19b-f879-4e94-96dd-7544e5a8241b,2,956.36,1912.72
ORD-001270,75be87b1-b37b-4a23-aed6-08cc34a651ac,3,433.32,1299.96
ORD-001270,deebf19b-f879-4e94-96dd-7544e5a8241b,3,908.55,2725.6499999999996
ORD-001270,3a8579a0-82ca-4403-8e61-9e860a8aa440,1,319.18,319.18
ORD-001270,6382aa8f-7015-49da-8e2b-33206e5d3fb4,2,26.48,52.96
ORD-001270,454b7ebc-fee8-4590-a620-8eb467fecb64,1,603.84,603.84
ORD-001271,7c7801a8-acca-4ccd-ad40-8a72fc19d689,2,903.14,1806.28
ORD-001272,cc9e8554-b363-43de-94d4-cd8918d96dfb,1,447.43,447.43
ORD-001272,94ba6334-cdc4-44a9-ab94-f80a2c07b053,3,606.21,1818.63
ORD-001272,d9cc0d7e-ba3d-4639-a308-14db91d71d96,2,319.69,639.38
ORD-001272,05d41c69-92c2-48e8-ae4f-ba81c15eb0f9,2,257.86,515.72
ORD-001273,94cae71c-088a-4a34-a24f-4a036fd8264a,3,584.6,1753.8000000000002
ORD-001274,ba6ea82d-d057-4aef-8f9e-030ff94edeea,2,46.97,93.94
ORD-001274,8569c478-c99b-4c60-be7e-5a1563b3a4e2,3,550.95,1652.8500000000001
ORD-001274,2f0b1d71-f73d-47c1-b0be-55161f273d55,1,691.44,691.44
ORD-001274,99371c9b-acdd-4ec1-8eb4-e4d45fffae47,1,318.42,318.42
ORD-001274,dc0d3770-971f-4886-a3a5-52d5d3432e38,2,304.32,608.64
ORD-001275,7bf80092-7e1d-4c0b-9907-d08c279385b7,2,556.19,1112.38
ORD-001276,4b8df45f-8e44-4f15-bd8f-a378a0c58905,1,780.51,780.51
ORD-001277,5a9eb21e-edd6-45d1-8aca-409e73e04659,2,386.27,772.54
ORD-001277,193b42ad-40fd-462a-b98e-b77cc9f6e888,1,40.22,40.22
ORD-001278,a41172e5-d44c-45e7-a8b1-243eee76a01d,1,397.73,397.73
ORD-001278,631da773-6e64-4717-9bd6-3ea10ab8a8a8,3,546.1,1638.3000000000002
ORD-001278,e8a79c65-89d1-45db-90cd-7e145b3c7e3a,1,497.32,497.32
ORD-001278,05d41c69-92c2-48e8-ae4f-ba81c15eb0f9,1,259.94,259.94
ORD-001279,893204df-ac13-4689-9a88-7bca558213da,2,787.22,1574.44
ORD-001280,89b21998-89f0-438d-9c22-841ebc194ee5,3,600.31,1800.9299999999998
ORD-001280,6059b6db-a71e-4aa4-a462-aa577d13efcd,3,76.68,230.04000000000002
ORD-001280,0fa5d429-0e39-4bb5-8b14-2d77fd17e378,2,533.92,1067.84
ORD-001280,23ee362b-698c-426d-b18f-b3237ab9e2e7,2,323.94,647.88
ORD-001280,ae458e21-3770-4079-9fed-c30b7ac9308d,2,767.78,1535.56
ORD-001281,d74ab3e8-a38b-4065-b223-4565aaade398,2,371.05,742.1
ORD-001281,4f81a909-a41c-4d86-a956-3dfa8676343c,1,670.33,670.33
ORD-001281,3693fe0b-4ec7-46b0-a018-f78f6cbd809b,1,386.57,386.57
ORD-001282,631da773-6e64-4717-9bd6-3ea10ab8a8a8,2,517.21,1034.42
ORD-001282,23584003-2f84-4c24-b742-910c8bd156f0,3,573.29,1719.87
ORD-001283,da67f0be-e782-4f46-adf3-77b094d80592,3,264.88,794.64
ORD-001283,fb016ade-5c71-45c2-9cf9-04683455a4d4,3,797.03,2391.09
ORD-001284,94ba6334-cdc4-44a9-ab94-f80a2c07b053,1,559.65,559.65
ORD-001284,4e71de59-4d7f-4ba4-908e-5b6eb0550621,3,820.49,2461.4700000000003
ORD-001284,c5784eab-50a3-47c7-8dbe-00213caf5933,1,726.66,726.66
ORD-001284,419ec84b-1236-48c4-8bc5-a1a124851553,2,980.69,1961.38
ORD-001285,9bc4a986-aa96-4d57-b920-cf93e12654d8,2,277.21,554.42
ORD-001285,a6abb6d5-04a1-44a8-ab10-f1f274300e03,2,909.7,1819.4
ORD-001286,0dc39a14-a7b4-4bef-aed4-4e5d8a05457e,1,329.72,329.72
ORD-001286,419ec84b-1236-48c4-8bc5-a1a124851553,2,974.42,1948.84
ORD-001286,742d2c92-fcf6-4364-9bde-4490b7e5bb90,3,928.97,2786.91
ORD-001286,37e48379-d810-4be1-90e2-195c0f2f6de5,1,169.24,169.24
ORD-001287,2f0b1d71-f73d-47c1-b0be-55161f273d55,2,729.29,1458.58
ORD-001288,3693fe0b-4ec7-46b0-a018-f78f6cbd809b,3,439.47,1318.41
ORD-001288,dbbd5b7a-a62d-4a45-be8f-920ae39e8608,3,877.31,2631.93
ORD-001289,9077a69a-7977-4d2e-bee5-aadf01e84cc6,1,1001.9,1001.9
ORD-001289,588a421a-a76c-48f5-b9cc-3d7953860c8a,2,352.47,704.94
ORD-001289,631da773-6e64-4717-9bd6-3ea10ab8a8a8,3,523.89,1571.67
ORD-001289,f9fc8038-04f0-432b-a50c-a7a5af2a2345,2,11.2,22.4
ORD-001290,b67caa36-478c-44e8-955c-980b0edb39fc,2,1016.86,2033.72
ORD-001290,0455be0d-d01b-4d23-9869-de8d353d91ad,3,797.54,2392.62
ORD-001291,671a5b36-3c48-4567-a517-7dba3fb1d09f,1,848.54,848.54
ORD-001291,912e9f9e-9d04-46c6-a552-0b9dd7ce2734,2,858.89,1717.78
ORD-001292,ede6f4f1-bcc6-44d7-9392-ab4a6ce2a110,1,71.22,71.22
ORD-001292,6ebe25ff-c064-4e89-8b8a-59882bad12d8,3,215.68,647.04
ORD-001292,acbfdf46-7f51-4371-bcd1-bd2f84a61541,1,159.19,159.19
ORD-001292,f7e68e0f-782c-4aac-a779-0c44ad195769,1,122.5,122.5
ORD-001293,fd8ababa-b19a-4e03-9b81-8402dc09b8b0,2,318.49,636.98
ORD-001293,33b1781a-3a1b-419d-ab45-8633ffb25560,3,257.02,771.06
ORD-001293,70343e52-0a89-43cb-86df-8ddaaf47dff1,2,634.12,1268.24
ORD-001294,c5cb56bf-36b3-4b90-9e9f-1e49aa762838,3,685.53,2056.59
ORD-001294,70343e52-0a89-43cb-86df-8ddaaf47dff1,3,604.5,1813.5
ORD-001294,e8a79c65-89d1-45db-90cd-7e145b3c7e3a,3,571.27,1713.81
ORD-001294,4ff0f9b1-185b-464f-a09f-8af3db013013,1,383.11,383.11
ORD-001294,10f847f0-0a23-402a-bb45-480ffa6e1098,1,288.36,288.36
ORD-001295,89b21998-89f0-438d-9c22-841ebc194ee5,3,562.66,1687.98
ORD-001295,9bc4a986-aa96-4d57-b920-cf93e12654d8,3,243.84,731.52
ORD-001295,caf918e8-9227-4c43-a07c-5d2636c70c4a,2,188.34,376.68
ORD-001295,454b7ebc-fee8-4590-a620-8eb467fecb64,3,608.53,1825.59
ORD-001295,909c4825-1e5b-4389-b3fa-c87e6de42a78,2,588.52,1177.04
ORD-001296,8d81191f-438b-4926-bebb-c3e8f4501a6a,1,639.58,639.58
ORD-001296,9077a69a-7977-4d2e-bee5-aadf01e84cc6,3,965.6,2896.8
ORD-001296,893204df-ac13-4689-9a88-7bca558213da,2,750.63,1501.26
ORD-001297,0d7a085b-b4d5-419f-ad5e-9f79d6908bb0,1,866.73,866.73
ORD-001297,75be87b1-b37b-4a23-aed6-08cc34a651ac,3,386.16,1158.48
ORD-001297,671a5b36-3c48-4567-a517-7dba3fb1d09f,3,863.02,2589.06
ORD-001297,df68296b-c1d5-4644-96ef-390a77c22380,3,142.57,427.71
ORD-001297,fcbb56a1-b862-4fb2-88fe-ed0472814307,2,379.88,759.76
ORD-001298,3a8579a0-82ca-4403-8e61-9e860a8aa440,3,341.6,1024.8000000000002
ORD-001299,4b62729d-5443-4aea-9021-7b3065cb276f,1,837.57,837.57
ORD-001299,10f6e3af-8e9e-4f38-811a-f929a91d59eb,2,231.78,463.56
ORD-001299,707ddaf2-2092-4b20-8ea8-a38a49a705bb,2,667.32,1334.64
ORD-001300,3d3df6c1-f288-472e-a21b-3132cb59b383,2,475.37,950.74
ORD-001300,893204df-ac13-4689-9a88-7bca558213da,3,720.4,2161.2
ORD-001300,60d6813e-5f16-468e-9c55-9bef30b5a553,1,608.3,608.3
ORD-001300,0a803a1e-a34d-4d81-9dec-33146a0142b7,3,182.5,547.5
ORD-001300,7425f7d5-c9e3-4485-b539-cf6ebe8f8a25,1,716.8,716.8
ORD-001301,dc0d3770-971f-4886-a3a5-52d5d3432e38,3,346.46,1039.3799999999999
ORD-001301,75be87b1-b37b-4a23-aed6-08cc34a651ac,3,408.1,1224.3000000000002
ORD-001301,b67caa36-478c-44e8-955c-980b0edb39fc,1,947.44,947.44
ORD-001301,7f860829-11cb-4357-9a02-efdfb77649ae,2,684.97,1369.94
ORD-001301,85426297-26fc-49a2-a69e-0a4e6af9a45c,2,451.16,902.32
ORD-001302,23ee362b-698c-426d-b18f-b3237ab9e2e7,1,299.84,299.84
ORD-001303,94ba6334-cdc4-44a9-ab94-f80a2c07b053,1,614.25,614.25
ORD-001304,0e5bd978-c61f-4398-846f-ef3d11025b05,1,595.96,595.96
ORD-001304,0166f91f-430b-4bdb-9f7a-561e622896ec,3,714.17,2142.5099999999998
ORD-001304,b0d968cc-2620-4a46-9cdc-3171d64b59b6,1,253.55,253.55
ORD-001305,631da773-6e64-4717-9bd6-3ea10ab8a8a8,3,478.85,1436.5500000000002
ORD-001305,d9cc0d7e-ba3d-4639-a308-14db91d71d96,2,321.32,642.64
ORD-001305,70d242a2-d6e6-49b2-82dd-dc10f9505de7,1,514.19,514.19
ORD-001305,5ba9f94f-7c5f-407d-ad88-c5c264376435,3,903.4,2710.2
ORD-001305,6382aa8f-7015-49da-8e2b-33206e5d3fb4,3,24.44,73.32000000000001
ORD-001306,6672fd4f-9690-4544-a0aa-73d3d13c3143,1,892.08,892.08
ORD-001306,21f90a72-45a0-4a27-aeaa-7f370cca438e,2,86.41,172.82
ORD-001307,28ceec8b-a2b2-40ba-a0f6-14292187fede,3,822.92,2468.7599999999998
ORD-001308,9ef2e0e9-2048-4cf7-a441-d92d6fdc3f63,1,984.64,984.64
ORD-001309,8899b0dc-71a0-4fa0-a6b0-ac9f5ce7480c,1,20.64,20.64
ORD-001309,70343e52-0a89-43cb-86df-8ddaaf47dff1,2,545.55,1091.1
ORD-001310,0a803a1e-a34d-4d81-9dec-33146a0142b7,3,178.03,534.09
ORD-001310,89b21998-89f0-438d-9c22-841ebc194ee5,2,581.21,1162.42
ORD-001310,3d75e4dd-8c0d-4ca1-b8fc-94899558f59d,1,338.81,338.81
ORD-001310,2921a438-07b9-461e-95bf-ae0600aa711e,2,260.79,521.58
ORD-001310,4ff0f9b1-185b-464f-a09f-8af3db013013,2,358.52,717.04
ORD-001311,ae458e21-3770-4079-9fed-c30b7ac9308d,1,847.52,847.52
ORD-001311,4208330c-150b-463f-a7c7-0673090914e8,2,521.89,1043.78
ORD-001311,33b1781a-3a1b-419d-ab45-8633ffb25560,3,265.78,797.3399999999999
ORD-001311,26dc7e49-f0e9-49a9-a86d-6d43c48fcb61,3,545.49,1636.47
ORD-001312,588a421a-a76c-48f5-b9cc-3d7953860c8a,2,397.54,795.08
ORD-001312,3a8579a0-82ca-4403-8e61-9e860a8aa440,2,303.78,607.56
ORD-001312,70343e52-0a89-43cb-86df-8ddaaf47dff1,1,603.99,603.99
ORD-001312,caf918e8-9227-4c43-a07c-5d2636c70c4a,3,181.63,544.89
ORD-001313,10483ae3-3fc2-4384-bd7a-62aea10b3754,2,734.66,1469.32
ORD-001313,4b62729d-5443-4aea-9021-7b3065cb276f,2,738.3,1476.6
ORD-001314,fa85c5bc-4464-4fe6-8dbe-c31c9deff2a4,1,178.91,178.91
ORD-001314,63c48bf1-fad6-4da1-8140-67b2bb06d791,3,576.1,1728.3000000000002
ORD-001314,419ec84b-1236-48c4-8bc5-a1a124851553,3,880.25,2640.75
ORD-001314,90cd07ed-a352-4b36-a0cc-b00bc3a206d0,3,15.27,45.81
ORD-001315,061a25ae-bdae-4ffd-90d4-f3ab3e8ecefe,1,248.22,248.22
ORD-001315,b67caa36-478c-44e8-955c-980b0edb39fc,3,983.15,2949.45
ORD-001315,5ba9f94f-7c5f-407d-ad88-c5c264376435,2,789.48,1578.96
ORD-001315,588a421a-a76c-48f5-b9cc-3d7953860c8a,2,377.43,754.86
ORD-001316,f371f7f7-a2de-4914-8f74-9432cc9522f4,2,605.11,1210.22
ORD-001316,a6abb6d5-04a1-44a8-ab10-f1f274300e03,1,918.7,918.7
ORD-001316,45614ebe-6ff3-4afa-b719-15f5a9fb2ecd,3,94.37,283.11
ORD-001317,deff3d30-fa21-4823-b63c-3d4e6842e6c5,2,132.66,265.32
ORD-001317,33842d9c-8a4f-479f-953b-efa0ab91e543,1,624.58,624.58
ORD-001317,94cae71c-088a-4a34-a24f-4a036fd8264a,1,542.98,542.98
ORD-001317,85426297-26fc-49a2-a69e-0a4e6af9a45c,3,447.4,1342.1999999999998
ORD-001318,0a803a1e-a34d-4d81-9dec-33146a0142b7,2,154.72,309.44
ORD-001318,5e97e495-e132-433b-9087-b8df43ed91c6,1,101.64,101.64
ORD-001318,8be9d6b9-e56b-4c5e-a460-748e7c075dae,2,693.16,1386.32
ORD-001319,ff22512f-6c6f-4752-9f58-caec61b6cb91,3,575.34,1726.02
ORD-001319,8899b0dc-71a0-4fa0-a6b0-ac9f5ce7480c,1,19.51,19.51
ORD-001320,6ebe25ff-c064-4e89-8b8a-59882bad12d8,2,201.93,403.86
ORD-001320,04f3f45b-d1d2-468f-926f-a20d38ffcf53,2,723.02,1446.04
ORD-001321,60b84dd6-d802-4494-8360-067cf1e8e22e,3,324.4,973.1999999999999
ORD-001321,1f2074d5-523f-42fc-b2e4-847619e94cc4,1,11.68,11.68
ORD-001322,a6abb6d5-04a1-44a8-ab10-f1f274300e03,1,905.9,905.9
ORD-001322,cc9e8554-b363-43de-94d4-cd8918d96dfb,3,488.06,1464.18
ORD-001322,74d41359-c624-44ba-8f3e-f9a3c9978f5a,3,522.8,1568.3999999999999
ORD-001322,fcbb56a1-b862-4fb2-88fe-ed0472814307,3,438.64,1315.92
ORD-001322,e4f440b3-e2e8-4c4c-b460-5938baf5fc34,1,795.47,795.47
ORD-001323,b67caa36-478c-44e8-955c-980b0edb39fc,3,994.92,2984.7599999999998
ORD-001324,0e5bd978-c61f-4398-846f-ef3d11025b05,1,534.83,534.83
ORD-001324,2aa43396-ca8f-433d-b472-4df14fcbbadf,3,389.88,1169.6399999999999
ORD-001325,c5784eab-50a3-47c7-8dbe-00213caf5933,3,666.69,2000.0700000000002
ORD-001325,4e71de59-4d7f-4ba4-908e-5b6eb0550621,1,723.36,723.36
ORD-001326,67ec5461-6b1d-41ec-84d3-3b4ffe2f9592,1,146.4,146.4
ORD-001326,707ddaf2-2092-4b20-8ea8-a38a49a705bb,3,709.43,2128.29
ORD-001327,7a5f0e72-27b0-4209-a5fc-b169a612ba9f,3,770.85,2312.55
ORD-001327,3278b24e-b3ba-4f5e-b1ac-eee48208f7d9,3,846.71,2540.13
ORD-001327,21f90a72-45a0-4a27-aeaa-7f370cca438e,3,100.0,300.0
ORD-001327,193b42ad-40fd-462a-b98e-b77cc9f6e888,2,45.01,90.02
ORD-001327,0ec71bd2-524d-47f9-9684-3a2ea9fea671,3,111.31,333.93
ORD-001328,faab82fa-51cf-4676-bff7-2f7bf7b28cf3,2,669.12,1338.24
ORD-001328,d772ec05-2262-4b97-8c5b-0d43fe6340db,2,87.09,174.18
ORD-001328,9b91e12d-ce6e-4b84-8a85-1e6f0746fc96,1,686.01,686.01
ORD-001328,0a803a1e-a34d-4d81-9dec-33146a0142b7,3,182.86,548.58
ORD-001328,1f2074d5-523f-42fc-b2e4-847619e94cc4,2,10.23,20.46
ORD-001329,b70acae6-2103-41b9-a113-f23f9b293a5d,2,371.86,743.72
ORD-001329,d74ab3e8-a38b-4065-b223-4565aaade398,2,355.71,711.42
ORD-001329,ef5f3f32-50c4-44aa-a8cf-b70c38a7c67e,1,164.4,164.4
ORD-001330,caf918e8-9227-4c43-a07c-5d2636c70c4a,3,185.39,556.17
ORD-001330,41a3d19b-1c8e-4a8e-a78e-e77252917c55,3,631.36,1894.08
ORD-001330,dbd238cd-421d-41ef-a210-82c1c00cf62c,2,935.12,1870.24
ORD-001330,050d253d-22dc-473f-813b-6faf3727d9a4,1,301.71,301.71
ORD-001331,cc50103c-c090-40dd-b09e-129491b983e4,2,401.54,803.08
ORD-001331,7f860829-11cb-4357-9a02-efdfb77649ae,2,650.7,1301.4
ORD-001331,454b7ebc-fee8-4590-a620-8eb467fecb64,1,602.44,602.44
ORD-001331,0ec71bd2-524d-47f9-9684-3a2ea9fea671,2,116.45,232.9
ORD-001332,193b42ad-40fd-462a-b98e-b77cc9f6e888,2,41.5,83.0
ORD-001333,4208330c-150b-463f-a7c7-0673090914e8,1,565.5,565.5
ORD-001333,5f4b66a4-629f-416e-bdb6-36f673204882,2,438.94,877.88
ORD-001333,70d242a2-d6e6-49b2-82dd-dc10f9505de7,3,500.0,1500.0
ORD-001333,bce24858-fad5-4c3f-98b1-e71187222c2b,2,395.5,791.0
ORD-001334,8e0f4ddc-7f59-4218-b3c4-d3f34125168a,1,82.64,82.64
ORD-001334,fb016ade-5c71-45c2-9cf9-04683455a4d4,1,815.67,815.67
ORD-001334,23584003-2f84-4c24-b742-910c8bd156f0,3,595.44,1786.3200000000002
ORD-001334,2f0b1d71-f73d-47c1-b0be-55161f273d55,1,658.2,658.2
ORD-001334,15725fd3-bcc9-4d75-b86d-13a46fb28e30,1,609.8,609.8
ORD-001335,5e97e495-e132-433b-9087-b8df43ed91c6,3,94.09,282.27
ORD-001335,6e0a26d0-33df-4412-83c4-f2d36c0ac262,3,853.28,2559.84
ORD-001335,fcbb56a1-b862-4fb2-88fe-ed0472814307,2,367.48,734.96
ORD-001336,90cd07ed-a352-4b36-a0cc-b00bc3a206d0,2,15.17,30.34
ORD-001336,da67f0be-e782-4f46-adf3-77b094d80592,1,278.53,278.53
ORD-001336,10f6e3af-8e9e-4f38-811a-f929a91d59eb,3,248.59,745.77
ORD-001336,60d6813e-5f16-468e-9c55-9bef30b5a553,3,557.05,1671.1499999999999
ORD-001337,4e71de59-4d7f-4ba4-908e-5b6eb0550621,3,809.04,2427.12
ORD-001337,631da773-6e64-4717-9bd6-3ea10ab8a8a8,3,523.5,1570.5
ORD-001337,90ef69e2-4c38-4a58-abf2-7ca075f0ef61,2,373.63,747.26
ORD-001338,b93cddf2-6537-4127-8ce2-624f9aa29834,2,216.02,432.04
ORD-001338,1a037248-f604-4a40-8f01-a1ec98cba9ba,1,906.82,906.82
ORD-001338,893204df-ac13-4689-9a88-7bca558213da,1,739.69,739.69
ORD-001339,061a25ae-bdae-4ffd-90d4-f3ab3e8ecefe,2,251.01,502.02
ORD-001339,5365a6b3-f8c1-4cba-b21f-bda73e899461,2,178.64,357.28
ORD-001340,631da773-6e64-4717-9bd6-3ea10ab8a8a8,1,477.68,477.68
ORD-001340,10483ae3-3fc2-4384-bd7a-62aea10b3754,2,800.32,1600.64
ORD-001341,7a5f0e72-27b0-4209-a5fc-b169a612ba9f,3,784.94,2354.82
ORD-001341,7bf80092-7e1d-4c0b-9907-d08c279385b7,1,563.63,563.63
ORD-001342,df68296b-c1d5-4644-96ef-390a77c22380,2,154.24,308.48
ORD-001342,a6abb6d5-04a1-44a8-ab10-f1f274300e03,2,871.23,1742.46
ORD-001342,5efd7556-eb0c-4dac-bf16-a67ac3bf34ab,3,505.19,1515.57
ORD-001343,fcbb56a1-b862-4fb2-88fe-ed0472814307,3,375.93,1127.79
ORD-001343,74d41359-c624-44ba-8f3e-f9a3c9978f5a,3,596.15,1788.4499999999998
ORD-001343,ad82f489-80fb-4ab2-bdcb-13e79d0e35fb,3,634.82,1904.46
ORD-001344,d1f03c1c-8c75-4b6a-856e-4d8177b8e3b5,1,974.44,974.44
ORD-001344,75be87b1-b37b-4a23-aed6-08cc34a651ac,2,401.33,802.66
ORD-001345,16664571-6011-4d6e-b585-66afb586279a,3,595.27,1785.81
ORD-001345,8899b0dc-71a0-4fa0-a6b0-ac9f5ce7480c,1,20.77,20.77
ORD-001345,26fdd0a3-d3c1-4b32-958b-645ecf7fc069,2,1012.95,2025.9
ORD-001345,0e5bd978-c61f-4398-846f-ef3d11025b05,2,519.56,1039.12
ORD-001346,ede6f4f1-bcc6-44d7-9392-ab4a6ce2a110,2,76.05,152.1
ORD-001346,ef7d92e4-6287-4a2d-8551-d5d2a4a51d5d,1,719.75,719.75
ORD-001347,366aced0-fca0-4552-b005-693380619df5,2,380.23,760.46
ORD-001347,bfc6e01d-0aeb-4c5c-906e-9c4b32bd6a2c,2,398.59,797.18
ORD-001347,6382aa8f-7015-49da-8e2b-33206e5d3fb4,1,25.8,25.8
ORD-001347,937bff8a-d5ab-43ab-b22a-f408ac90f9f1,3,902.55,2707.6499999999996
ORD-001348,454b7ebc-fee8-4590-a620-8eb467fecb64,2,645.13,1290.26
ORD-001348,0ec71bd2-524d-47f9-9684-3a2ea9fea671,1,104.82,104.82
ORD-001348,b93cddf2-6537-4127-8ce2-624f9aa29834,1,221.21,221.21
ORD-001348,ad82f489-80fb-4ab2-bdcb-13e79d0e35fb,2,584.0,1168.0
ORD-001349,aff02d9a-6315-48db-bf3e-dcdb7e9d4d93,2,22.61,45.22
ORD-001349,99371c9b-acdd-4ec1-8eb4-e4d45fffae47,2,302.0,604.0
ORD-001349,315e1105-d13a-4238-9da3-93dd8555b2b0,1,654.0,654.0
ORD-001349,a6abb6d5-04a1-44a8-ab10-f1f274300e03,3,910.27,2730.81
ORD-001350,707ddaf2-2092-4b20-8ea8-a38a49a705bb,2,716.71,1433.42
ORD-001350,811e2471-6b40-4188-95ed-ace81f69d335,1,296.47,296.47
ORD-001350,ede6f4f1-bcc6-44d7-9392-ab4a6ce2a110,3,63.43,190.29
ORD-001350,bf47ea32-f0cd-4cbe-89ea-3949a76eb378,3,499.77,1499.31
ORD-001350,6764c33e-0b6b-436f-a668-17d7c7446edd,1,321.66,321.66
ORD-001351,061a25ae-bdae-4ffd-90d4-f3ab3e8ecefe,1,223.91,223.91
ORD-001351,d08c345b-0596-4dd7-9867-6b5d4077070d,1,111.34,111.34
ORD-001352,55ecc7b8-3b15-452b-b56f-ed44d9daea49,3,794.9,2384.7
ORD-001352,fd3507a2-3ab7-491f-984f-099ccd09eb79,1,849.7,849.7
ORD-001352,c9360b39-4f2d-480b-82ce-6da8c789fa7f,2,518.65,1037.3
ORD-001353,dc0d3770-971f-4886-a3a5-52d5d3432e38,3,293.01,879.03
ORD-001354,fb016ade-5c71-45c2-9cf9-04683455a4d4,2,808.93,1617.86
ORD-001354,2f0b1d71-f73d-47c1-b0be-55161f273d55,3,697.0,2091.0
ORD-001354,405bebd4-be7d-4505-a89f-6ef992011c8b,3,758.95,2276.8500000000004
ORD-001354,87db6283-4935-4d50-b89b-026c1918a3f4,3,147.82,443.46
ORD-001355,2a9062a5-1a82-4732-863d-fa089ad07586,1,534.17,534.17
ORD-001355,3855fb85-8e60-4c4c-8d0c-d5e1d0b73a24,3,54.4,163.2
ORD-001355,707ddaf2-2092-4b20-8ea8-a38a49a705bb,2,683.68,1367.36
ORD-001356,9ef2e0e9-2048-4cf7-a441-d92d6fdc3f63,3,915.98,2747.94
ORD-001356,f371f7f7-a2de-4914-8f74-9432cc9522f4,2,631.18,1262.36
ORD-001357,f04f4f12-96b4-4d8e-aada-f268607e003c,2,743.25,1486.5
ORD-001357,0ec71bd2-524d-47f9-9684-3a2ea9fea671,1,112.93,112.93
ORD-001357,3d75e4dd-8c0d-4ca1-b8fc-94899558f59d,2,327.34,654.68
ORD-001357,8899b0dc-71a0-4fa0-a6b0-ac9f5ce7480c,1,18.06,18.06
ORD-001358,532fb4b4-b30a-4ecd-a59f-88383b1b4111,1,747.49,747.49
ORD-001358,631da773-6e64-4717-9bd6-3ea10ab8a8a8,2,463.71,927.42
ORD-001358,9077a69a-7977-4d2e-bee5-aadf01e84cc6,3,853.18,2559.54
ORD-001358,c5ff2331-db2f-4ecd-a938-d8b6c34e174d,2,813.59,1627.18
ORD-001358,b70acae6-2103-41b9-a113-f23f9b293a5d,3,389.57,1168.71
ORD-001359,acbfdf46-7f51-4371-bcd1-bd2f84a61541,3,153.6,460.79999999999995
ORD-001359,405bebd4-be7d-4505-a89f-6ef992011c8b,3,781.88,2345.64
ORD-001359,85426297-26fc-49a2-a69e-0a4e6af9a45c,2,456.55,913.1
ORD-001359,99371c9b-acdd-4ec1-8eb4-e4d45fffae47,2,285.24,570.48
ORD-001359,fd8ababa-b19a-4e03-9b81-8402dc09b8b0,1,289.17,289.17
ORD-001360,10f6e3af-8e9e-4f38-811a-f929a91d59eb,2,222.82,445.64
ORD-001360,68457cfd-15e1-4596-a81f-3df9fe90b61c,2,758.16,1516.32
ORD-001360,4f81a909-a41c-4d86-a956-3dfa8676343c,2,655.1,1310.2
ORD-001361,10f847f0-0a23-402a-bb45-480ffa6e1098,3,303.65,910.9499999999999
ORD-001361,6059b6db-a71e-4aa4-a462-aa577d13efcd,2,85.87,171.74
ORD-001361,d9cc0d7e-ba3d-4639-a308-14db91d71d96,3,363.85,1091.5500000000002
ORD-001362,d1f03c1c-8c75-4b6a-856e-4d8177b8e3b5,2,901.26,1802.52
ORD-001362,f8fe12a5-1e45-46db-b206-769db4270f04,2,930.44,1860.88
ORD-001363,fd3507a2-3ab7-491f-984f-099ccd09eb79,3,909.83,2729.4900000000002
ORD-001363,dbd238cd-421d-41ef-a210-82c1c00cf62c,2,1032.7,2065.4
ORD-001363,8569c478-c99b-4c60-be7e-5a1563b3a4e2,3,500.37,1501.1100000000001
ORD-001363,3855fb85-8e60-4c4c-8d0c-d5e1d0b73a24,1,57.18,57.18
ORD-001363,04f3f45b-d1d2-468f-926f-a20d38ffcf53,3,651.42,1954.2599999999998
ORD-001364,85426297-26fc-49a2-a69e-0a4e6af9a45c,1,407.71,407.71
ORD-001364,70d242a2-d6e6-49b2-82dd-dc10f9505de7,3,472.33,1416.99
ORD-001364,b70acae6-2103-41b9-a113-f23f9b293a5d,1,397.23,397.23
ORD-001365,e3bfcdbd-04e2-4a88-a250-358045a9c86a,2,797.7,1595.4
ORD-001365,75be87b1-b37b-4a23-aed6-08cc34a651ac,3,442.42,1327.26
ORD-001365,16664571-6011-4d6e-b585-66afb586279a,3,588.25,1764.75
ORD-001365,ae458e21-3770-4079-9fed-c30b7ac9308d,1,829.64,829.64
ORD-001365,3278b24e-b3ba-4f5e-b1ac-eee48208f7d9,3,903.59,2710.77
ORD-001366,6e0a26d0-33df-4412-83c4-f2d36c0ac262,2,890.81,1781.62
ORD-001366,deebf19b-f879-4e94-96dd-7544e5a8241b,2,827.38,1654.76
ORD-001366,9b91e12d-ce6e-4b84-8a85-1e6f0746fc96,2,658.47,1316.94
ORD-001366,deff3d30-fa21-4823-b63c-3d4e6842e6c5,3,149.55,448.65000000000003
ORD-001366,5a9eb21e-edd6-45d1-8aca-409e73e04659,1,422.87,422.87
ORD-001367,b93cddf2-6537-4127-8ce2-624f9aa29834,3,216.51,649.53
ORD-001367,caf918e8-9227-4c43-a07c-5d2636c70c4a,2,186.94,373.88
ORD-001367,9be2b865-2317-4f5b-b405-3f012f0bb8fb,1,40.14,40.14
ORD-001367,061a25ae-bdae-4ffd-90d4-f3ab3e8ecefe,2,268.14,536.28
ORD-001367,6e0a26d0-33df-4412-83c4-f2d36c0ac262,1,939.95,939.95
ORD-001368,21f90a72-45a0-4a27-aeaa-7f370cca438e,2,82.75,165.5
ORD-001368,deff3d30-fa21-4823-b63c-3d4e6842e6c5,1,132.44,132.44
ORD-001368,3760e57c-2f23-40d2-ae8d-1b6bcee93dfb,2,399.47,798.94
ORD-001368,d1f03c1c-8c75-4b6a-856e-4d8177b8e3b5,1,903.87,903.87
ORD-001369,193b42ad-40fd-462a-b98e-b77cc9f6e888,3,45.25,135.75
ORD-001369,9077a69a-7977-4d2e-bee5-aadf01e84cc6,3,1014.82,3044.46
ORD-001369,ad82f489-80fb-4ab2-bdcb-13e79d0e35fb,1,632.5,632.5
ORD-001370,7f860829-11cb-4357-9a02-efdfb77649ae,3,689.67,2069.0099999999998
ORD-001370,26fdd0a3-d3c1-4b32-958b-645ecf7fc069,2,1048.71,2097.42
ORD-001370,caf918e8-9227-4c43-a07c-5d2636c70c4a,1,176.4,176.4
ORD-001371,bf47ea32-f0cd-4cbe-89ea-3949a76eb378,2,513.18,1026.36
ORD-001371,a41172e5-d44c-45e7-a8b1-243eee76a01d,2,356.8,713.6
ORD-001372,acbfdf46-7f51-4371-bcd1-bd2f84a61541,3,143.27,429.81000000000006
ORD-001372,99371c9b-acdd-4ec1-8eb4-e4d45fffae47,2,276.92,553.84
ORD-001372,60b84dd6-d802-4494-8360-067cf1e8e22e,1,338.0,338.0
ORD-001373,0455be0d-d01b-4d23-9869-de8d353d91ad,2,689.96,1379.92
ORD-001373,52c020c9-f59b-4eb7-a254-a01478fc4614,2,712.0,1424.0
ORD-001373,2a9062a5-1a82-4732-863d-fa089ad07586,1,504.88,504.88
ORD-001374,f371f7f7-a2de-4914-8f74-9432cc9522f4,3,593.49,1780.47
ORD-001374,41a3d19b-1c8e-4a8e-a78e-e77252917c55,1,731.16,731.16
ORD-001374,c9360b39-4f2d-480b-82ce-6da8c789fa7f,1,585.6,585.6
ORD-001374,5a9eb21e-edd6-45d1-8aca-409e73e04659,1,448.73,448.73
ORD-001374,f7e68e0f-782c-4aac-a779-0c44ad195769,2,137.48,274.96
ORD-001375,70343e52-0a89-43cb-86df-8ddaaf47dff1,3,623.54,1870.62
ORD-001376,cc9e8554-b363-43de-94d4-cd8918d96dfb,2,479.45,958.9
ORD-001377,7a5f0e72-27b0-4209-a5fc-b169a612ba9f,1,768.34,768.34
ORD-001377,41465d3a-ed68-4b53-8996-44e7f759d179,1,685.63,685.63
ORD-001377,ef7d92e4-6287-4a2d-8551-d5d2a4a51d5d,2,723.62,1447.24
ORD-001378,74d41359-c624-44ba-8f3e-f9a3c9978f5a,1,520.95,520.95
ORD-001379,26dc7e49-f0e9-49a9-a86d-6d43c48fcb61,1,560.86,560.86
ORD-001379,87db6283-4935-4d50-b89b-026c1918a3f4,3,149.89,449.66999999999996
ORD-001379,fd8ababa-b19a-4e03-9b81-8402dc09b8b0,2,319.52,639.04
ORD-001379,2e8fd2aa-3e7f-4fb1-aa6b-1c3738a5a388,2,516.91,1033.82
ORD-001379,93f20425-7de0-47b2-9093-f087c2711366,3,810.65,2431.95
ORD-001380,94ba6334-cdc4-44a9-ab94-f80a2c07b053,3,602.83,1808.4900000000002
ORD-001380,ca25b56a-0fbb-4e75-90e5-e214ad3b390d,1,669.03,669.03
ORD-001380,0d7a085b-b4d5-419f-ad5e-9f79d6908bb0,3,772.65,2317.95
ORD-001380,0e5bd978-c61f-4398-846f-ef3d11025b05,3,612.87,1838.6100000000001
ORD-001381,050d253d-22dc-473f-813b-6faf3727d9a4,2,322.14,644.28
ORD-001381,23584003-2f84-4c24-b742-910c8bd156f0,2,552.79,1105.58
ORD-001381,70343e52-0a89-43cb-86df-8ddaaf47dff1,1,537.14,537.14
ORD-001381,7425f7d5-c9e3-4485-b539-cf6ebe8f8a25,1,706.94,706.94
ORD-001382,04f3f45b-d1d2-468f-926f-a20d38ffcf53,3,648.48,1945.44
ORD-001382,ad82f489-80fb-4ab2-bdcb-13e79d0e35fb,3,674.96,2024.88
ORD-001382,ae458e21-3770-4079-9fed-c30b7ac9308d,2,901.44,1802.88
ORD-001383,8899b0dc-71a0-4fa0-a6b0-ac9f5ce7480c,3,19.28,57.84
ORD-001383,85426297-26fc-49a2-a69e-0a4e6af9a45c,1,450.94,450.94
ORD-001383,6382aa8f-7015-49da-8e2b-33206e5d3fb4,2,25.15,50.3
ORD-001383,a41172e5-d44c-45e7-a8b1-243eee76a01d,3,398.65,1195.9499999999998
ORD-001383,74d41359-c624-44ba-8f3e-f9a3c9978f5a,2,516.19,1032.38
ORD-001384,3d3df6c1-f288-472e-a21b-3132cb59b383,1,492.32,492.32
ORD-001384,2e8fd2aa-3e7f-4fb1-aa6b-1c3738a5a388,2,538.23,1076.46
ORD-001384,7c34cee5-7109-4ee9-9ee2-570dc90f5978,1,803.65,803.65
ORD-001385,d9cc0d7e-ba3d-4639-a308-14db91d71d96,3,322.52,967.56
ORD-001385,ca25b56a-0fbb-4e75-90e5-e214ad3b390d,2,671.86,1343.72
ORD-001386,2a9062a5-1a82-4732-863d-fa089ad07586,3,505.12,1515.3600000000001
ORD-001387,ab85e304-fe27-44fd-b1ac-6bb0bc578a3e,1,852.48,852.48
ORD-001387,9be2b865-2317-4f5b-b405-3f012f0bb8fb,2,39.15,78.3
ORD-001387,742d2c92-fcf6-4364-9bde-4490b7e5bb90,3,846.36,2539.08
ORD-001387,7f860829-11cb-4357-9a02-efdfb77649ae,1,725.48,725.48
ORD-001388,f04f4f12-96b4-4d8e-aada-f268607e003c,1,643.56,643.56
ORD-001388,fa407e03-eb2d-4941-86fb-c31db86db758,2,356.41,712.82
ORD-001388,420bcdba-4659-4262-8b2a-e1be49145905,2,247.63,495.26
ORD-001389,5ba9f94f-7c5f-407d-ad88-c5c264376435,1,821.66,821.66
ORD-001389,faab82fa-51cf-4676-bff7-2f7bf7b28cf3,3,753.42,2260.2599999999998
ORD-001390,45b5ae49-50c4-4c7a-bc7f-d2216d170c3f,3,224.62,673.86
ORD-001390,85426297-26fc-49a2-a69e-0a4e6af9a45c,3,456.7,1370.1
ORD-001390,52c020c9-f59b-4eb7-a254-a01478fc4614,1,816.63,816.63
ORD-001390,9be2b865-2317-4f5b-b405-3f012f0bb8fb,1,39.02,39.02
ORD-001390,dbd238cd-421d-41ef-a210-82c1c00cf62c,2,877.17,1754.34
ORD-001391,3760e57c-2f23-40d2-ae8d-1b6bcee93dfb,1,387.27,387.27
ORD-001391,d08c345b-0596-4dd7-9867-6b5d4077070d,3,110.64,331.92
ORD-001392,8e0f4ddc-7f59-4218-b3c4-d3f34125168a,3,84.4,253.20000000000002
ORD-001392,85426297-26fc-49a2-a69e-0a4e6af9a45c,1,450.76,450.76
ORD-001392,bce24858-fad5-4c3f-98b1-e71187222c2b,3,467.13,1401.3899999999999
ORD-001392,ef7d92e4-6287-4a2d-8551-d5d2a4a51d5d,1,634.53,634.53
ORD-001393,3855fb85-8e60-4c4c-8d0c-d5e1d0b73a24,3,58.22,174.66
ORD-001393,2aa43396-ca8f-433d-b472-4df14fcbbadf,3,388.27,1164.81
ORD-001393,b93cddf2-6537-4127-8ce2-624f9aa29834,2,215.93,431.86
ORD-001393,55ecc7b8-3b15-452b-b56f-ed44d9daea49,3,725.11,2175.33
ORD-001393,37e48379-d810-4be1-90e2-195c0f2f6de5,3,198.79,596.37
ORD-001394,7c34cee5-7109-4ee9-9ee2-570dc90f5978,1,914.19,914.19
ORD-001394,f10acdec-95f8-4977-a21d-8254c9fbf5ba,2,355.0,710.0
ORD-001394,b0bf5af1-fb0c-44d2-a03e-9803a9d3d464,3,160.22,480.65999999999997
ORD-001394,671a5b36-3c48-4567-a517-7dba3fb1d09f,1,830.85,830.85
ORD-001395,70d242a2-d6e6-49b2-82dd-dc10f9505de7,3,491.09,1473.27
ORD-001395,fb016ade-5c71-45c2-9cf9-04683455a4d4,3,841.44,2524.32
ORD-001395,4375b157-2438-422b-aa81-33c6480a48b2,1,303.88,303.88
ORD-001395,671a5b36-3c48-4567-a517-7dba3fb1d09f,3,817.35,2452.05
ORD-001395,63a41a01-c853-4665-b54a-1ee98a25cc24,3,547.84,1643.52
ORD-001396,912e9f9e-9d04-46c6-a552-0b9dd7ce2734,3,845.67,2537.0099999999998
ORD-001397,9077a69a-7977-4d2e-bee5-aadf01e84cc6,2,949.68,1899.36
ORD-001398,63a41a01-c853-4665-b54a-1ee98a25cc24,1,608.12,608.12
ORD-001398,cc50103c-c090-40dd-b09e-129491b983e4,3,373.53,1120.59
ORD-001398,deebf19b-f879-4e94-96dd-7544e5a8241b,3,864.57,2593.71
ORD-001398,33842d9c-8a4f-479f-953b-efa0ab91e543,3,617.8,1853.3999999999999
ORD-001398,9ef2e0e9-2048-4cf7-a441-d92d6fdc3f63,1,966.13,966.13
ORD-001399,9b91e12d-ce6e-4b84-8a85-1e6f0746fc96,1,696.16,696.16
ORD-001399,16664571-6011-4d6e-b585-66afb586279a,1,550.09,550.09
ORD-001400,ee6204b7-db26-4235-8b62-6e5b3224061d,2,738.5,1477.0
ORD-001401,7c7801a8-acca-4ccd-ad40-8a72fc19d689,2,893.01,1786.02
ORD-001402,ab85e304-fe27-44fd-b1ac-6bb0bc578a3e,2,972.45,1944.9
ORD-001402,dc0d3770-971f-4886-a3a5-52d5d3432e38,3,302.5,907.5
ORD-001402,7bf80092-7e1d-4c0b-9907-d08c279385b7,2,529.15,1058.3
ORD-001403,8e0f4ddc-7f59-4218-b3c4-d3f34125168a,2,91.4,182.8
ORD-001403,b93cddf2-6537-4127-8ce2-624f9aa29834,2,225.96,451.92
ORD-001404,ad82f489-80fb-4ab2-bdcb-13e79d0e35fb,1,667.86,667.86
ORD-001404,b0bf5af1-fb0c-44d2-a03e-9803a9d3d464,1,159.37,159.37
ORD-001405,bce24858-fad5-4c3f-98b1-e71187222c2b,1,414.18,414.18
ORD-001405,811e2471-6b40-4188-95ed-ace81f69d335,1,318.73,318.73
ORD-001405,8569c478-c99b-4c60-be7e-5a1563b3a4e2,1,531.66,531.66
ORD-001406,454b7ebc-fee8-4590-a620-8eb467fecb64,3,573.43,1720.29
ORD-001406,5e97e495-e132-433b-9087-b8df43ed91c6,1,98.41,98.41
ORD-001406,fcbb56a1-b862-4fb2-88fe-ed0472814307,2,431.15,862.3
ORD-001407,050d253d-22dc-473f-813b-6faf3727d9a4,1,301.76,301.76
ORD-001407,41a3d19b-1c8e-4a8e-a78e-e77252917c55,1,700.13,700.13
ORD-001407,2393bff1-4e45-46ea-a406-e25b2af55019,2,508.04,1016.08
ORD-001407,63c48bf1-fad6-4da1-8140-67b2bb06d791,3,608.36,1825.08
ORD-001408,4375b157-2438-422b-aa81-33c6480a48b2,2,321.57,643.14
ORD-001408,8c205c60-3b62-4af1-8e3b-6d36315814ae,2,1050.11,2100.22
ORD-001408,ef7d92e4-6287-4a2d-8551-d5d2a4a51d5d,3,733.89,2201.67
ORD-001408,d08c345b-0596-4dd7-9867-6b5d4077070d,3,120.45,361.35
ORD-001408,1f2074d5-523f-42fc-b2e4-847619e94cc4,1,11.23,11.23
ORD-001409,3f35308c-7fb2-4c8c-8aaa-2f60914da1cc,3,279.55,838.6500000000001
ORD-001409,aff02d9a-6315-48db-bf3e-dcdb7e9d4d93,3,22.55,67.65
ORD-001410,ee6204b7-db26-4235-8b62-6e5b3224061d,3,721.9,2165.7
ORD-001410,6ebe25ff-c064-4e89-8b8a-59882bad12d8,1,193.1,193.1
ORD-001410,ede6f4f1-bcc6-44d7-9392-ab4a6ce2a110,3,74.14,222.42000000000002
ORD-001410,94cae71c-088a-4a34-a24f-4a036fd8264a,2,599.2,1198.4
ORD-001411,9be2b865-2317-4f5b-b405-3f012f0bb8fb,3,42.69,128.07
ORD-001411,b93cddf2-6537-4127-8ce2-624f9aa29834,2,237.79,475.58
ORD-001411,454b4bb2-e284-45c4-bbdf-2eb6aa50e3f4,2,560.59,1121.18
ORD-001412,68d81f9a-9cc0-4b20-9838-257ad1927777,3,112.82,338.46
ORD-001412,87db6283-4935-4d50-b89b-026c1918a3f4,1,150.77,150.77
ORD-001412,3f35308c-7fb2-4c8c-8aaa-2f60914da1cc,3,241.72,725.16
ORD-001412,366aced0-fca0-4552-b005-693380619df5,1,362.08,362.08
ORD-001412,75be87b1-b37b-4a23-aed6-08cc34a651ac,2,391.14,782.28
ORD-001413,c5ff2331-db2f-4ecd-a938-d8b6c34e174d,1,773.3,773.3
ORD-001413,faab82fa-51cf-4676-bff7-2f7bf7b28cf3,3,647.55,1942.6499999999999
ORD-001413,405bebd4-be7d-4505-a89f-6ef992011c8b,1,764.19,764.19
ORD-001413,94ba6334-cdc4-44a9-ab94-f80a2c07b053,1,543.5,543.5
ORD-001414,7b766140-2096-40c6-bd41-30e19a9cfa16,1,975.96,975.96
ORD-001415,f04f4f12-96b4-4d8e-aada-f268607e003c,1,733.6,733.6
ORD-001415,c5784eab-50a3-47c7-8dbe-00213caf5933,1,704.44,704.44
ORD-001416,c5ff2331-db2f-4ecd-a938-d8b6c34e174d,2,806.58,1613.16
ORD-001417,5495fe5e-67f1-4652-aedc-41136b95eee7,2,435.02,870.04
ORD-001418,33842d9c-8a4f-479f-953b-efa0ab91e543,3,713.9,2141.7
ORD-001418,d772ec05-2262-4b97-8c5b-0d43fe6340db,1,85.55,85.55
ORD-001418,050d253d-22dc-473f-813b-6faf3727d9a4,3,319.13,957.39
ORD-001418,c5ff2331-db2f-4ecd-a938-d8b6c34e174d,1,808.82,808.82
ORD-001418,9a612763-a18d-4647-9ea3-77af34124d8a,3,352.37,1057.1100000000001
ORD-001419,893204df-ac13-4689-9a88-7bca558213da,2,848.88,1697.76
ORD-001419,f8fe12a5-1e45-46db-b206-769db4270f04,1,794.25,794.25
ORD-001420,f8fe12a5-1e45-46db-b206-769db4270f04,1,852.82,852.82
ORD-001420,dbbd5b7a-a62d-4a45-be8f-920ae39e8608,2,980.69,1961.38
ORD-001420,8e0f4ddc-7f59-4218-b3c4-d3f34125168a,2,92.63,185.26
ORD-001421,193b42ad-40fd-462a-b98e-b77cc9f6e888,1,43.99,43.99
ORD-001421,41465d3a-ed68-4b53-8996-44e7f759d179,1,634.91,634.91
ORD-001421,c9360b39-4f2d-480b-82ce-6da8c789fa7f,1,508.35,508.35
ORD-001421,6764c33e-0b6b-436f-a668-17d7c7446edd,1,309.71,309.71
ORD-001421,9b91e12d-ce6e-4b84-8a85-1e6f0746fc96,1,776.43,776.43
ORD-001422,5e97e495-e132-433b-9087-b8df43ed91c6,1,97.09,97.09
ORD-001422,532fb4b4-b30a-4ecd-a59f-88383b1b4111,1,742.69,742.69
ORD-001422,70d242a2-d6e6-49b2-82dd-dc10f9505de7,3,472.58,1417.74
ORD-001422,89b21998-89f0-438d-9c22-841ebc194ee5,3,648.19,1944.5700000000002
ORD-001423,050d253d-22dc-473f-813b-6faf3727d9a4,1,346.57,346.57
ORD-001423,fa85c5bc-4464-4fe6-8dbe-c31c9deff2a4,1,171.57,171.57
ORD-001423,dc0d3770-971f-4886-a3a5-52d5d3432e38,1,304.15,304.15
ORD-001423,33842d9c-8a4f-479f-953b-efa0ab91e543,1,684.86,684.86
ORD-001424,454b7ebc-fee8-4590-a620-8eb467fecb64,1,638.98,638.98
ORD-001425,7bf80092-7e1d-4c0b-9907-d08c279385b7,3,579.24,1737.72
ORD-001425,52c020c9-f59b-4eb7-a254-a01478fc4614,2,789.13,1578.26
ORD-001426,9bc4a986-aa96-4d57-b920-cf93e12654d8,3,276.09,828.27
ORD-001426,419ec84b-1236-48c4-8bc5-a1a124851553,3,1057.6,3172.7999999999997
ORD-001426,74d41359-c624-44ba-8f3e-f9a3c9978f5a,2,520.4,1040.8
ORD-001426,f7e68e0f-782c-4aac-a779-0c44ad195769,3,126.61,379.83
ORD-001426,97d6315b-705c-4cdf-a248-799ac6907757,3,48.28,144.84
ORD-001427,fd8ababa-b19a-4e03-9b81-8402dc09b8b0,2,287.42,574.84
ORD-001427,d08c345b-0596-4dd7-9867-6b5d4077070d,3,115.8,347.4
ORD-001427,4375b157-2438-422b-aa81-33c6480a48b2,3,328.28,984.8399999999999
ORD-001427,4b62729d-5443-4aea-9021-7b3065cb276f,1,730.14,730.14
ORD-001428,1a037248-f604-4a40-8f01-a1ec98cba9ba,1,1014.78,1014.78
ORD-001428,3d3df6c1-f288-472e-a21b-3132cb59b383,1,541.9,541.9
ORD-001428,0455be0d-d01b-4d23-9869-de8d353d91ad,1,799.33,799.33
ORD-001428,0a803a1e-a34d-4d81-9dec-33146a0142b7,1,174.29,174.29
ORD-001429,5495fe5e-67f1-4652-aedc-41136b95eee7,2,392.6,785.2
ORD-001429,10f6e3af-8e9e-4f38-811a-f929a91d59eb,3,241.56,724.6800000000001
ORD-001429,bfc6e01d-0aeb-4c5c-906e-9c4b32bd6a2c,3,462.59,1387.77
ORD-001429,ef5f3f32-50c4-44aa-a8cf-b70c38a7c67e,1,174.95,174.95
ORD-001429,1bf69c20-872b-4d71-b68d-62ddaa662a91,3,23.6,70.80000000000001
ORD-001430,04f3f45b-d1d2-468f-926f-a20d38ffcf53,3,721.61,2164.83
ORD-001430,ef5f3f32-50c4-44aa-a8cf-b70c38a7c67e,1,175.68,175.68
ORD-001430,05d41c69-92c2-48e8-ae4f-ba81c15eb0f9,1,271.56,271.56
ORD-001430,4b62729d-5443-4aea-9021-7b3065cb276f,3,714.17,2142.5099999999998
ORD-001430,15725fd3-bcc9-4d75-b86d-13a46fb28e30,2,574.31,1148.62
ORD-001431,23584003-2f84-4c24-b742-910c8bd156f0,1,623.82,623.82
ORD-001431,45b5ae49-50c4-4c7a-bc7f-d2216d170c3f,1,231.42,231.42
ORD-001432,b0d968cc-2620-4a46-9cdc-3171d64b59b6,3,286.72,860.1600000000001
ORD-001432,7a5f0e72-27b0-4209-a5fc-b169a612ba9f,1,823.33,823.33
ORD-001432,0e5bd978-c61f-4398-846f-ef3d11025b05,2,559.53,1119.06
ORD-001432,893204df-ac13-4689-9a88-7bca558213da,3,752.58,2257.7400000000002
ORD-001433,2f0b1d71-f73d-47c1-b0be-55161f273d55,3,755.11,2265.33
ORD-001434,acbfdf46-7f51-4371-bcd1-bd2f84a61541,2,140.83,281.66
ORD-001435,deff3d30-fa21-4823-b63c-3d4e6842e6c5,1,151.32,151.32
ORD-001436,74d41359-c624-44ba-8f3e-f9a3c9978f5a,3,575.17,1725.5099999999998
ORD-001436,60d6813e-5f16-468e-9c55-9bef30b5a553,1,588.38,588.38
ORD-001436,41465d3a-ed68-4b53-8996-44e7f759d179,3,743.16,2229.48
ORD-001436,366aced0-fca0-4552-b005-693380619df5,1,391.68,391.68
ORD-001437,f10acdec-95f8-4977-a21d-8254c9fbf5ba,3,359.82,1079.46
ORD-001438,9b91e12d-ce6e-4b84-8a85-1e6f0746fc96,3,753.24,2259.7200000000003
ORD-001438,deebf19b-f879-4e94-96dd-7544e5a8241b,3,906.08,2718.2400000000002
ORD-001439,532fb4b4-b30a-4ecd-a59f-88383b1b4111,1,752.0,752.0
ORD-001440,4b8df45f-8e44-4f15-bd8f-a378a0c58905,2,764.42,1528.84
ORD-001441,1f2074d5-523f-42fc-b2e4-847619e94cc4,1,11.3,11.3
ORD-001442,8a5a9ca5-73e4-4ebd-91df-9e78783ac1fd,3,32.6,97.80000000000001
ORD-001442,71cc17b0-7afa-4146-b237-990ccd566c1c,2,548.05,1096.1
ORD-001442,85426297-26fc-49a2-a69e-0a4e6af9a45c,2,445.38,890.76
ORD-001443,3a8579a0-82ca-4403-8e61-9e860a8aa440,2,304.09,608.18
ORD-001443,cc9e8554-b363-43de-94d4-cd8918d96dfb,2,464.94,929.88
ORD-001444,811e2471-6b40-4188-95ed-ace81f69d335,2,311.22,622.44
ORD-001445,3d3df6c1-f288-472e-a21b-3132cb59b383,3,533.47,1600.41
ORD-001446,2921a438-07b9-461e-95bf-ae0600aa711e,3,267.97,803.9100000000001
ORD-001446,dc0d3770-971f-4886-a3a5-52d5d3432e38,3,322.95,968.8499999999999
ORD-001446,811e2471-6b40-4188-95ed-ace81f69d335,2,342.05,684.1
ORD-001446,90cd07ed-a352-4b36-a0cc-b00bc3a206d0,1,15.19,15.19
ORD-001447,2f0b1d71-f73d-47c1-b0be-55161f273d55,1,672.9,672.9
ORD-001447,9b91e12d-ce6e-4b84-8a85-1e6f0746fc96,1,694.89,694.89
ORD-001447,7f860829-11cb-4357-9a02-efdfb77649ae,1,725.05,725.05
ORD-001447,3f35308c-7fb2-4c8c-8aaa-2f60914da1cc,2,244.63,489.26
ORD-001447,23584003-2f84-4c24-b742-910c8bd156f0,3,543.99,1631.97
ORD-001448,28ceec8b-a2b2-40ba-a0f6-14292187fede,2,804.88,1609.76
ORD-001449,dbbd5b7a-a62d-4a45-be8f-920ae39e8608,3,983.18,2949.54
ORD-001449,70343e52-0a89-43cb-86df-8ddaaf47dff1,2,637.09,1274.18
ORD-001450,3278b24e-b3ba-4f5e-b1ac-eee48208f7d9,3,877.59,2632.77
ORD-001450,37e48379-d810-4be1-90e2-195c0f2f6de5,2,173.67,347.34
ORD-001451,6059b6db-a71e-4aa4-a462-aa577d13efcd,3,79.82,239.45999999999998
ORD-001451,15725fd3-bcc9-4d75-b86d-13a46fb28e30,1,596.85,596.85
ORD-001451,c5ff2331-db2f-4ecd-a938-d8b6c34e174d,3,810.73,2432.19
ORD-001451,c9360b39-4f2d-480b-82ce-6da8c789fa7f,3,516.22,1548.66
ORD-001451,6ebe25ff-c064-4e89-8b8a-59882bad12d8,2,186.35,372.7
ORD-001452,9bc4a986-aa96-4d57-b920-cf93e12654d8,2,267.06,534.12
ORD-001452,7c34cee5-7109-4ee9-9ee2-570dc90f5978,3,869.99,2609.9700000000003
ORD-001453,def4bb75-19e7-4d7c-8886-339395c44fc5,1,991.72,991.72
ORD-001453,1c70a4e2-230e-46e1-9e16-4002dc16d033,1,1003.59,1003.59
ORD-001453,3a8579a0-82ca-4403-8e61-9e860a8aa440,2,356.17,712.34
ORD-001454,366aced0-fca0-4552-b005-693380619df5,2,402.72,805.44
ORD-001454,bf47ea32-f0cd-4cbe-89ea-3949a76eb378,1,475.24,475.24
ORD-001454,0a803a1e-a34d-4d81-9dec-33146a0142b7,1,173.76,173.76
ORD-001455,d1f03c1c-8c75-4b6a-856e-4d8177b8e3b5,2,860.17,1720.34
ORD-001455,707ddaf2-2092-4b20-8ea8-a38a49a705bb,3,605.59,1816.77
ORD-001456,0e5bd978-c61f-4398-846f-ef3d11025b05,2,604.89,1209.78
ORD-001456,bfc6e01d-0aeb-4c5c-906e-9c4b32bd6a2c,3,441.62,1324.8600000000001
ORD-001456,67ec5461-6b1d-41ec-84d3-3b4ffe2f9592,3,153.07,459.21
ORD-001456,7c34cee5-7109-4ee9-9ee2-570dc90f5978,1,930.18,930.18
ORD-001457,d74ab3e8-a38b-4065-b223-4565aaade398,3,378.59,1135.77
ORD-001457,ef7d92e4-6287-4a2d-8551-d5d2a4a51d5d,1,738.18,738.18
ORD-001457,419ec84b-1236-48c4-8bc5-a1a124851553,2,931.71,1863.42
ORD-001457,0a803a1e-a34d-4d81-9dec-33146a0142b7,1,165.26,165.26
ORD-001457,9a612763-a18d-4647-9ea3-77af34124d8a,3,307.41,922.23
ORD-001458,811e2471-6b40-4188-95ed-ace81f69d335,2,306.61,613.22
ORD-001459,5365a6b3-f8c1-4cba-b21f-bda73e899461,1,173.37,173.37
ORD-001459,dbbd5b7a-a62d-4a45-be8f-920ae39e8608,2,917.98,1835.96
ORD-001459,fa85c5bc-4464-4fe6-8dbe-c31c9deff2a4,3,159.45,478.34999999999997
ORD-001460,d1f03c1c-8c75-4b6a-856e-4d8177b8e3b5,1,842.37,842.37
ORD-001461,4e71de59-4d7f-4ba4-908e-5b6eb0550621,3,705.71,2117.13
ORD-001462,63c48bf1-fad6-4da1-8140-67b2bb06d791,2,572.79,1145.58
ORD-001462,1bf69c20-872b-4d71-b68d-62ddaa662a91,2,22.58,45.16
ORD-001463,937bff8a-d5ab-43ab-b22a-f408ac90f9f1,3,904.63,2713.89
ORD-001464,f8fe12a5-1e45-46db-b206-769db4270f04,2,910.17,1820.34
ORD-001464,3760e57c-2f23-40d2-ae8d-1b6bcee93dfb,2,462.89,925.78
ORD-001464,9be2b865-2317-4f5b-b405-3f012f0bb8fb,1,40.24,40.24
ORD-001464,061a25ae-bdae-4ffd-90d4-f3ab3e8ecefe,3,266.49,799.47
ORD-001464,6e0a26d0-33df-4412-83c4-f2d36c0ac262,3,922.89,2768.67
ORD-001465,2aa43396-ca8f-433d-b472-4df14fcbbadf,1,401.79,401.79
ORD-001465,4375b157-2438-422b-aa81-33c6480a48b2,1,315.13,315.13
ORD-001466,0166f91f-430b-4bdb-9f7a-561e622896ec,1,734.94,734.94
ORD-001466,3760e57c-2f23-40d2-ae8d-1b6bcee93dfb,3,457.24,1371.72
ORD-001466,d1f03c1c-8c75-4b6a-856e-4d8177b8e3b5,1,951.24,951.24
ORD-001466,f9fc8038-04f0-432b-a50c-a7a5af2a2345,2,11.39,22.78
ORD-001466,da096c2a-6ee1-4f2c-83b3-0f2f76fe15c9,3,148.53,445.59000000000003
ORD-001467,6ebe25ff-c064-4e89-8b8a-59882bad12d8,1,218.43,218.43
ORD-001467,8be9d6b9-e56b-4c5e-a460-748e7c075dae,2,699.05,1398.1
ORD-001467,05d41c69-92c2-48e8-ae4f-ba81c15eb0f9,3,290.7,872.0999999999999
ORD-001467,4e71de59-4d7f-4ba4-908e-5b6eb0550621,2,755.29,1510.58
ORD-001467,faab82fa-51cf-4676-bff7-2f7bf7b28cf3,2,664.39,1328.78
ORD-001468,671a5b36-3c48-4567-a517-7dba3fb1d09f,1,893.78,893.78
ORD-001469,b93cddf2-6537-4127-8ce2-624f9aa29834,3,219.31,657.9300000000001
ORD-001470,4208330c-150b-463f-a7c7-0673090914e8,1,564.2,564.2
ORD-001470,da096c2a-6ee1-4f2c-83b3-0f2f76fe15c9,2,139.54,279.08
ORD-001470,97d6315b-705c-4cdf-a248-799ac6907757,3,47.69,143.07
ORD-001471,67ec5461-6b1d-41ec-84d3-3b4ffe2f9592,1,144.96,144.96
ORD-001471,0e5bd978-c61f-4398-846f-ef3d11025b05,2,545.35,1090.7
ORD-001472,f10acdec-95f8-4977-a21d-8254c9fbf5ba,1,351.02,351.02
ORD-001472,fcbb56a1-b862-4fb2-88fe-ed0472814307,2,439.32,878.64
ORD-001472,6e0a26d0-33df-4412-83c4-f2d36c0ac262,1,942.22,942.22
ORD-001473,68d81f9a-9cc0-4b20-9838-257ad1927777,1,111.22,111.22
ORD-001473,6f13ee39-c753-4c6e-a1d5-280ae443373b,2,391.16,782.32
ORD-001473,893204df-ac13-4689-9a88-7bca558213da,3,716.35,2149.05
ORD-001474,454b7ebc-fee8-4590-a620-8eb467fecb64,1,660.76,660.76
ORD-001475,7c7801a8-acca-4ccd-ad40-8a72fc19d689,2,906.47,1812.94
ORD-001475,5e97e495-e132-433b-9087-b8df43ed91c6,3,87.03,261.09000000000003
ORD-001475,37e48379-d810-4be1-90e2-195c0f2f6de5,1,177.99,177.99
ORD-001476,ef7d92e4-6287-4a2d-8551-d5d2a4a51d5d,1,755.12,755.12
ORD-001476,3f35308c-7fb2-4c8c-8aaa-2f60914da1cc,1,244.69,244.69
ORD-001477,9a612763-a18d-4647-9ea3-77af34124d8a,1,332.66,332.66
ORD-001477,0dc39a14-a7b4-4bef-aed4-4e5d8a05457e,1,357.42,357.42
ORD-001477,c3522c3b-6d84-4b59-8d46-dfd3c8e5a9d2,2,428.52,857.04
ORD-001477,26dc7e49-f0e9-49a9-a86d-6d43c48fcb61,3,579.5,1738.5
ORD-001477,6764c33e-0b6b-436f-a668-17d7c7446edd,1,303.12,303.12
ORD-001478,cc9e8554-b363-43de-94d4-cd8918d96dfb,3,506.83,1520.49
ORD-001478,0fa5d429-0e39-4bb5-8b14-2d77fd17e378,1,558.49,558.49
ORD-001478,2f0b1d71-f73d-47c1-b0be-55161f273d55,3,655.33,1965.9900000000002
ORD-001479,193b42ad-40fd-462a-b98e-b77cc9f6e888,2,40.85,81.7
ORD-001479,26dc7e49-f0e9-49a9-a86d-6d43c48fcb61,2,604.13,1208.26
ORD-001480,1c70a4e2-230e-46e1-9e16-4002dc16d033,1,925.41,925.41
ORD-001480,8a5a9ca5-73e4-4ebd-91df-9e78783ac1fd,1,31.88,31.88
ORD-001480,893204df-ac13-4689-9a88-7bca558213da,2,805.87,1611.74
ORD-001480,16664571-6011-4d6e-b585-66afb586279a,1,493.6,493.6
ORD-001480,26dc7e49-f0e9-49a9-a86d-6d43c48fcb61,3,548.68,1646.04
ORD-001481,ef5f3f32-50c4-44aa-a8cf-b70c38a7c67e,2,191.51,383.02
ORD-001481,16664571-6011-4d6e-b585-66afb586279a,3,564.51,1693.53
ORD-001481,04f3f45b-d1d2-468f-926f-a20d38ffcf53,2,641.38,1282.76
ORD-001481,454b7ebc-fee8-4590-a620-8eb467fecb64,1,659.68,659.68
ORD-001481,671a5b36-3c48-4567-a517-7dba3fb1d09f,3,914.51,2743.5299999999997
ORD-001482,93f20425-7de0-47b2-9093-f087c2711366,2,807.63,1615.26
ORD-001482,23ee362b-698c-426d-b18f-b3237ab9e2e7,3,324.93,974.79
ORD-001483,5f4b66a4-629f-416e-bdb6-36f673204882,3,437.86,1313.58
ORD-001483,c9543a40-1b4c-4e7b-9ac1-572e5b495f5e,3,152.76,458.28
ORD-001483,9be2b865-2317-4f5b-b405-3f012f0bb8fb,3,41.7,125.10000000000001
ORD-001483,6e0a26d0-33df-4412-83c4-f2d36c0ac262,3,927.44,2782.32
ORD-001483,68457cfd-15e1-4596-a81f-3df9fe90b61c,3,790.96,2372.88
ORD-001484,4f81a909-a41c-4d86-a956-3dfa8676343c,2,575.93,1151.86
ORD-001484,b93cddf2-6537-4127-8ce2-624f9aa29834,2,232.45,464.9
ORD-001484,4e71de59-4d7f-4ba4-908e-5b6eb0550621,3,845.91,2537.73
ORD-001484,8e0f4ddc-7f59-4218-b3c4-d3f34125168a,1,85.13,85.13
ORD-001484,405bebd4-be7d-4505-a89f-6ef992011c8b,3,764.14,2292.42
ORD-001485,16664571-6011-4d6e-b585-66afb586279a,3,554.89,1664.67
ORD-001485,9a612763-a18d-4647-9ea3-77af34124d8a,1,367.51,367.51
ORD-001485,909c4825-1e5b-4389-b3fa-c87e6de42a78,1,499.76,499.76
ORD-001486,90ef69e2-4c38-4a58-abf2-7ca075f0ef61,2,424.85,849.7
ORD-001486,419ec84b-1236-48c4-8bc5-a1a124851553,2,945.72,1891.44
ORD-001487,ede6f4f1-bcc6-44d7-9392-ab4a6ce2a110,3,73.16,219.48
ORD-001487,4208330c-150b-463f-a7c7-0673090914e8,3,551.6,1654.8000000000002
ORD-001487,93f20425-7de0-47b2-9093-f087c2711366,2,789.81,1579.62
ORD-001487,588a421a-a76c-48f5-b9cc-3d7953860c8a,2,409.78,819.56
ORD-001488,f7aa4564-5e47-4f7b-bf6d-acd15d81d874,2,936.33,1872.66
ORD-001488,061a25ae-bdae-4ffd-90d4-f3ab3e8ecefe,3,235.15,705.45
ORD-001489,5495fe5e-67f1-4652-aedc-41136b95eee7,2,413.1,826.2
ORD-001489,f04f4f12-96b4-4d8e-aada-f268607e003c,3,649.63,1948.8899999999999
ORD-001489,1a037248-f604-4a40-8f01-a1ec98cba9ba,3,992.56,2977.68
ORD-001489,fcbb56a1-b862-4fb2-88fe-ed0472814307,2,430.23,860.46
ORD-001489,ef5f3f32-50c4-44aa-a8cf-b70c38a7c67e,2,190.36,380.72
ORD-001490,28ceec8b-a2b2-40ba-a0f6-14292187fede,3,774.82,2324.46
ORD-001490,2f0b1d71-f73d-47c1-b0be-55161f273d55,1,734.5,734.5
ORD-001490,4208330c-150b-463f-a7c7-0673090914e8,1,544.2,544.2
ORD-001490,04f3f45b-d1d2-468f-926f-a20d38ffcf53,2,676.05,1352.1
ORD-001490,8be9d6b9-e56b-4c5e-a460-748e7c075dae,1,636.78,636.78
ORD-001491,5ba9f94f-7c5f-407d-ad88-c5c264376435,3,839.16,2517.48
ORD-001491,707ddaf2-2092-4b20-8ea8-a38a49a705bb,2,686.87,1373.74
ORD-001491,75be87b1-b37b-4a23-aed6-08cc34a651ac,1,363.61,363.61
ORD-001491,1a037248-f604-4a40-8f01-a1ec98cba9ba,2,1002.32,2004.64
ORD-001492,60b84dd6-d802-4494-8360-067cf1e8e22e,1,330.29,330.29
ORD-001492,2921a438-07b9-461e-95bf-ae0600aa711e,2,253.74,507.48
ORD-001493,912e9f9e-9d04-46c6-a552-0b9dd7ce2734,1,907.03,907.03
ORD-001493,2921a438-07b9-461e-95bf-ae0600aa711e,2,252.23,504.46
ORD-001493,ad82f489-80fb-4ab2-bdcb-13e79d0e35fb,1,643.36,643.36
ORD-001494,87db6283-4935-4d50-b89b-026c1918a3f4,3,166.81,500.43
ORD-001494,912e9f9e-9d04-46c6-a552-0b9dd7ce2734,1,916.53,916.53
ORD-001494,2e8fd2aa-3e7f-4fb1-aa6b-1c3738a5a388,1,559.0,559.0
ORD-001495,70d242a2-d6e6-49b2-82dd-dc10f9505de7,3,491.32,1473.96
ORD-001495,33b1781a-3a1b-419d-ab45-8633ffb25560,2,242.94,485.88
ORD-001495,ae458e21-3770-4079-9fed-c30b7ac9308d,1,776.16,776.16
ORD-001495,94ba6334-cdc4-44a9-ab94-f80a2c07b053,2,574.82,1149.64
ORD-001496,3cecfc42-0caa-4b16-8136-54fbbbef5d7e,2,1045.12,2090.24
ORD-001496,3693fe0b-4ec7-46b0-a018-f78f6cbd809b,1,380.45,380.45
ORD-001496,2a9062a5-1a82-4732-863d-fa089ad07586,1,506.31,506.31
ORD-001496,a6abb6d5-04a1-44a8-ab10-f1f274300e03,1,877.24,877.24
ORD-001496,9077a69a-7977-4d2e-bee5-aadf01e84cc6,2,854.42,1708.84
ORD-001497,9ef2e0e9-2048-4cf7-a441-d92d6fdc3f63,2,904.03,1808.06
ORD-001498,f9fc8038-04f0-432b-a50c-a7a5af2a2345,3,12.48,37.44
ORD-001498,4e71de59-4d7f-4ba4-908e-5b6eb0550621,3,762.0,2286.0
ORD-001499,16664571-6011-4d6e-b585-66afb586279a,3,518.14,1554.42
ORD-001499,67ec5461-6b1d-41ec-84d3-3b4ffe2f9592,1,165.01,165.01
ORD-001500,c9543a40-1b4c-4e7b-9ac1-572e5b495f5e,1,145.17,145.17
ORD-001500,e4f440b3-e2e8-4c4c-b460-5938baf5fc34,2,810.29,1620.58
ORD-001500,94cae71c-088a-4a34-a24f-4a036fd8264a,3,579.73,1739.19
ORD-001500,fd3507a2-3ab7-491f-984f-099ccd09eb79,2,941.9,1883.8
ORD-001501,707ddaf2-2092-4b20-8ea8-a38a49a705bb,1,702.34,702.34
ORD-001501,10f6e3af-8e9e-4f38-811a-f929a91d59eb,2,248.42,496.84
ORD-001501,050d253d-22dc-473f-813b-6faf3727d9a4,2,362.27,724.54
ORD-001501,9b91e12d-ce6e-4b84-8a85-1e6f0746fc96,1,798.98,798.98
ORD-001501,85426297-26fc-49a2-a69e-0a4e6af9a45c,3,460.37,1381.1100000000001
ORD-001502,3278b24e-b3ba-4f5e-b1ac-eee48208f7d9,1,834.89,834.89
ORD-001502,d11a42dd-8e96-4213-9ac0-1c7d97019f1e,3,91.31,273.93
ORD-001502,9077a69a-7977-4d2e-bee5-aadf01e84cc6,2,852.0,1704.0
ORD-001503,ede6f4f1-bcc6-44d7-9392-ab4a6ce2a110,2,68.35,136.7
ORD-001503,26dc7e49-f0e9-49a9-a86d-6d43c48fcb61,1,529.76,529.76
ORD-001504,3cecfc42-0caa-4b16-8136-54fbbbef5d7e,3,1065.46,3196.38
ORD-001504,8e0f4ddc-7f59-4218-b3c4-d3f34125168a,2,82.63,165.26
ORD-001504,15725fd3-bcc9-4d75-b86d-13a46fb28e30,1,615.43,615.43
ORD-001504,ef7d92e4-6287-4a2d-8551-d5d2a4a51d5d,1,706.67,706.67
ORD-001505,811e2471-6b40-4188-95ed-ace81f69d335,3,354.54,1063.6200000000001
ORD-001505,94ba6334-cdc4-44a9-ab94-f80a2c07b053,2,532.14,1064.28
ORD-001506,5e97e495-e132-433b-9087-b8df43ed91c6,2,87.66,175.32
ORD-001506,3d3df6c1-f288-472e-a21b-3132cb59b383,1,506.18,506.18
ORD-001506,0a803a1e-a34d-4d81-9dec-33146a0142b7,3,167.9,503.70000000000005
ORD-001507,68d81f9a-9cc0-4b20-9838-257ad1927777,3,107.45,322.35
ORD-001507,366aced0-fca0-4552-b005-693380619df5,1,402.56,402.56
ORD-001508,aaac043e-d176-493d-8b2f-408bdd5e57ad,2,404.16,808.32
ORD-001508,89b21998-89f0-438d-9c22-841ebc194ee5,1,584.06,584.06
ORD-001508,deebf19b-f879-4e94-96dd-7544e5a8241b,1,943.45,943.45
ORD-001508,5365a6b3-f8c1-4cba-b21f-bda73e899461,1,159.37,159.37
ORD-001509,fa85c5bc-4464-4fe6-8dbe-c31c9deff2a4,3,182.52,547.5600000000001
ORD-001509,3d75e4dd-8c0d-4ca1-b8fc-94899558f59d,3,317.66,952.98
ORD-001509,37e48379-d810-4be1-90e2-195c0f2f6de5,1,166.66,166.66
ORD-001509,04f3f45b-d1d2-468f-926f-a20d38ffcf53,1,688.73,688.73
ORD-001510,3f35308c-7fb2-4c8c-8aaa-2f60914da1cc,3,274.2,822.5999999999999
ORD-001510,050d253d-22dc-473f-813b-6faf3727d9a4,1,342.59,342.59
ORD-001510,405bebd4-be7d-4505-a89f-6ef992011c8b,2,833.28,1666.56
ORD-001510,acbfdf46-7f51-4371-bcd1-bd2f84a61541,2,141.04,282.08
ORD-001510,52c020c9-f59b-4eb7-a254-a01478fc4614,3,732.59,2197.77
ORD-001511,8899b0dc-71a0-4fa0-a6b0-ac9f5ce7480c,2,18.04,36.08
ORD-001511,909c4825-1e5b-4389-b3fa-c87e6de42a78,2,581.98,1163.96
ORD-001511,5efd7556-eb0c-4dac-bf16-a67ac3bf34ab,1,503.84,503.84
ORD-001511,4f81a909-a41c-4d86-a956-3dfa8676343c,3,588.06,1764.1799999999998
ORD-001511,937bff8a-d5ab-43ab-b22a-f408ac90f9f1,1,1057.07,1057.07
ORD-001512,60d6813e-5f16-468e-9c55-9bef30b5a553,2,504.0,1008.0
ORD-001512,67ec5461-6b1d-41ec-84d3-3b4ffe2f9592,1,155.12,155.12
ORD-001512,bfc6e01d-0aeb-4c5c-906e-9c4b32bd6a2c,2,475.03,950.06
ORD-001513,caf918e8-9227-4c43-a07c-5d2636c70c4a,3,182.89,548.67
ORD-001513,ee6204b7-db26-4235-8b62-6e5b3224061d,2,785.93,1571.86
ORD-001513,c5cb56bf-36b3-4b90-9e9f-1e49aa762838,1,671.09,671.09
ORD-001513,d1f03c1c-8c75-4b6a-856e-4d8177b8e3b5,3,836.23,2508.69
ORD-001513,893204df-ac13-4689-9a88-7bca558213da,2,746.22,1492.44
ORD-001514,10f6e3af-8e9e-4f38-811a-f929a91d59eb,1,231.31,231.31
ORD-001514,3693fe0b-4ec7-46b0-a018-f78f6cbd809b,1,407.91,407.91
ORD-001515,4375b157-2438-422b-aa81-33c6480a48b2,1,292.69,292.69
ORD-001515,04f3f45b-d1d2-468f-926f-a20d38ffcf53,2,647.02,1294.04
ORD-001516,10483ae3-3fc2-4384-bd7a-62aea10b3754,1,798.84,798.84
ORD-001516,90ef69e2-4c38-4a58-abf2-7ca075f0ef61,3,441.61,1324.83
ORD-001516,b0d968cc-2620-4a46-9cdc-3171d64b59b6,1,289.67,289.67
ORD-001517,fa85c5bc-4464-4fe6-8dbe-c31c9deff2a4,1,189.1,189.1
ORD-001517,742d2c92-fcf6-4364-9bde-4490b7e5bb90,1,889.53,889.53
ORD-001518,9b91e12d-ce6e-4b84-8a85-1e6f0746fc96,1,737.11,737.11
ORD-001518,a6abb6d5-04a1-44a8-ab10-f1f274300e03,3,904.78,2714.34
ORD-001518,10f6e3af-8e9e-4f38-811a-f929a91d59eb,2,225.13,450.26
ORD-001518,94ba6334-cdc4-44a9-ab94-f80a2c07b053,3,586.89,1760.67
ORD-001518,deebf19b-f879-4e94-96dd-7544e5a8241b,2,961.9,1923.8
ORD-001519,7f860829-11cb-4357-9a02-efdfb77649ae,1,714.73,714.73
ORD-001519,a41172e5-d44c-45e7-a8b1-243eee76a01d,1,415.85,415.85
ORD-001520,707ddaf2-2092-4b20-8ea8-a38a49a705bb,3,682.57,2047.71
ORD-001520,5e97e495-e132-433b-9087-b8df43ed91c6,3,90.11,270.33
ORD-001520,5f4b66a4-629f-416e-bdb6-36f673204882,2,424.69,849.38
ORD-001520,c5784eab-50a3-47c7-8dbe-00213caf5933,2,778.43,1556.86
ORD-001521,caf918e8-9227-4c43-a07c-5d2636c70c4a,3,179.75,539.25
ORD-001521,8899b0dc-71a0-4fa0-a6b0-ac9f5ce7480c,3,17.47,52.41
ORD-001521,7b766140-2096-40c6-bd41-30e19a9cfa16,2,932.8,1865.6
ORD-001521,fa85c5bc-4464-4fe6-8dbe-c31c9deff2a4,3,172.74,518.22
ORD-001521,5a9eb21e-edd6-45d1-8aca-409e73e04659,1,441.64,441.64
ORD-001522,3d3df6c1-f288-472e-a21b-3132cb59b383,1,551.98,551.98
ORD-001522,9bc4a986-aa96-4d57-b920-cf93e12654d8,2,253.01,506.02
ORD-001523,9ef2e0e9-2048-4cf7-a441-d92d6fdc3f63,1,1000.95,1000.95
ORD-001523,f04f4f12-96b4-4d8e-aada-f268607e003c,2,668.73,1337.46
ORD-001524,04f3f45b-d1d2-468f-926f-a20d38ffcf53,3,687.22,2061.66
ORD-001525,7a5f0e72-27b0-4209-a5fc-b169a612ba9f,2,767.8,1535.6
ORD-001525,2e8fd2aa-3e7f-4fb1-aa6b-1c3738a5a388,1,601.51,601.51
ORD-001525,315e1105-d13a-4238-9da3-93dd8555b2b0,3,739.93,2219.79
ORD-001525,c5ff2331-db2f-4ecd-a938-d8b6c34e174d,3,783.71,2351.13
ORD-001525,10f847f0-0a23-402a-bb45-480ffa6e1098,1,296.45,296.45
ORD-001526,4ff0f9b1-185b-464f-a09f-8af3db013013,2,423.57,847.14
ORD-001526,2a9062a5-1a82-4732-863d-fa089ad07586,1,549.44,549.44
ORD-001527,ef5f3f32-50c4-44aa-a8cf-b70c38a7c67e,2,179.32,358.64
ORD-001528,1a037248-f604-4a40-8f01-a1ec98cba9ba,1,980.94,980.94
ORD-001528,05d41c69-92c2-48e8-ae4f-ba81c15eb0f9,1,289.77,289.77
ORD-001528,caf918e8-9227-4c43-a07c-5d2636c70c4a,2,184.17,368.34
ORD-001529,33842d9c-8a4f-479f-953b-efa0ab91e543,3,674.47,2023.41
ORD-001529,7c7801a8-acca-4ccd-ad40-8a72fc19d689,1,838.51,838.51
ORD-001529,f7aa4564-5e47-4f7b-bf6d-acd15d81d874,1,863.49,863.49
ORD-001530,bf47ea32-f0cd-4cbe-89ea-3949a76eb378,2,481.79,963.58
ORD-001530,2aa43396-ca8f-433d-b472-4df14fcbbadf,3,357.64,1072.92
ORD-001530,21f90a72-45a0-4a27-aeaa-7f370cca438e,3,89.91,269.73
ORD-001531,94cae71c-088a-4a34-a24f-4a036fd8264a,2,554.01,1108.02
ORD-001531,23ee362b-698c-426d-b18f-b3237ab9e2e7,1,328.85,328.85
ORD-001531,f8fe12a5-1e45-46db-b206-769db4270f04,1,897.21,897.21
ORD-001531,7bf80092-7e1d-4c0b-9907-d08c279385b7,3,553.45,1660.3500000000001
ORD-001531,909c4825-1e5b-4389-b3fa-c87e6de42a78,2,573.63,1147.26
ORD-001532,55ecc7b8-3b15-452b-b56f-ed44d9daea49,3,851.72,2555.16
ORD-001532,6764c33e-0b6b-436f-a668-17d7c7446edd,2,290.32,580.64
ORD-001532,ee6204b7-db26-4235-8b62-6e5b3224061d,2,734.12,1468.24
ORD-001532,0e5bd978-c61f-4398-846f-ef3d11025b05,3,610.86,1832.58
ORD-001532,fa85c5bc-4464-4fe6-8dbe-c31c9deff2a4,1,173.62,173.62
ORD-001533,dbd238cd-421d-41ef-a210-82c1c00cf62c,1,1033.97,1033.97
ORD-001533,4ff0f9b1-185b-464f-a09f-8af3db013013,2,376.92,753.84
ORD-001533,4375b157-2438-422b-aa81-33c6480a48b2,3,289.47,868.4100000000001
ORD-001533,97d6315b-705c-4cdf-a248-799ac6907757,3,48.34,145.02
ORD-001534,cc9e8554-b363-43de-94d4-cd8918d96dfb,3,451.8,1355.4
ORD-001534,e3bfcdbd-04e2-4a88-a250-358045a9c86a,1,849.96,849.96
ORD-001534,99371c9b-acdd-4ec1-8eb4-e4d45fffae47,3,282.16,846.48
ORD-001534,c5cb56bf-36b3-4b90-9e9f-1e49aa762838,3,662.64,1987.92
ORD-001534,fa85c5bc-4464-4fe6-8dbe-c31c9deff2a4,2,156.12,312.24
ORD-001535,ab85e304-fe27-44fd-b1ac-6bb0bc578a3e,3,908.65,2725.95
ORD-001535,b67caa36-478c-44e8-955c-980b0edb39fc,3,958.32,2874.96
ORD-001535,ca25b56a-0fbb-4e75-90e5-e214ad3b390d,2,644.21,1288.42
ORD-001535,9b91e12d-ce6e-4b84-8a85-1e6f0746fc96,2,776.08,1552.16
ORD-001536,420bcdba-4659-4262-8b2a-e1be49145905,3,247.88,743.64
ORD-001537,d08c345b-0596-4dd7-9867-6b5d4077070d,3,122.43,367.29
ORD-001537,ca25b56a-0fbb-4e75-90e5-e214ad3b390d,1,574.1,574.1
ORD-001537,0ec71bd2-524d-47f9-9684-3a2ea9fea671,3,103.1,309.29999999999995
ORD-001537,71cc17b0-7afa-4146-b237-990ccd566c1c,1,500.34,500.34
ORD-001538,52c020c9-f59b-4eb7-a254-a01478fc4614,2,727.67,1455.34
ORD-001538,4b8df45f-8e44-4f15-bd8f-a378a0c58905,2,750.98,1501.96
ORD-001539,454b7ebc-fee8-4590-a620-8eb467fecb64,1,572.49,572.49
ORD-001539,c9360b39-4f2d-480b-82ce-6da8c789fa7f,1,522.51,522.51
ORD-001540,70d242a2-d6e6-49b2-82dd-dc10f9505de7,3,537.05,1611.1499999999999
ORD-001540,0d7a085b-b4d5-419f-ad5e-9f79d6908bb0,3,751.51,2254.5299999999997
ORD-001540,deebf19b-f879-4e94-96dd-7544e5a8241b,2,900.72,1801.44
ORD-001540,89b21998-89f0-438d-9c22-841ebc194ee5,2,560.54,1121.08
ORD-001541,dbd238cd-421d-41ef-a210-82c1c00cf62c,2,1040.93,2081.86
ORD-001542,6672fd4f-9690-4544-a0aa-73d3d13c3143,2,860.14,1720.28
ORD-001542,2f0b1d71-f73d-47c1-b0be-55161f273d55,1,755.86,755.86
ORD-001542,d11a42dd-8e96-4213-9ac0-1c7d97019f1e,3,87.75,263.25
ORD-001542,23584003-2f84-4c24-b742-910c8bd156f0,1,600.55,600.55
ORD-001543,5efd7556-eb0c-4dac-bf16-a67ac3bf34ab,2,455.68,911.36
ORD-001544,8a5a9ca5-73e4-4ebd-91df-9e78783ac1fd,2,33.01,66.02
ORD-001544,bd7b09b1-2139-484c-975c-6adc6bf68daa,1,221.31,221.31
ORD-001544,fb016ade-5c71-45c2-9cf9-04683455a4d4,3,932.1,2796.3
ORD-001544,75be87b1-b37b-4a23-aed6-08cc34a651ac,2,395.91,791.82
ORD-001544,41a3d19b-1c8e-4a8e-a78e-e77252917c55,2,729.91,1459.82
ORD-001545,33b1781a-3a1b-419d-ab45-8633ffb25560,3,263.15,789.4499999999999
ORD-001545,cc50103c-c090-40dd-b09e-129491b983e4,2,433.58,867.16
ORD-001545,45b5ae49-50c4-4c7a-bc7f-d2216d170c3f,1,222.25,222.25
ORD-001545,3855fb85-8e60-4c4c-8d0c-d5e1d0b73a24,2,54.35,108.7
ORD-001546,c3522c3b-6d84-4b59-8d46-dfd3c8e5a9d2,3,446.59,1339.77
ORD-001546,87db6283-4935-4d50-b89b-026c1918a3f4,3,157.21,471.63
ORD-001546,588a421a-a76c-48f5-b9cc-3d7953860c8a,2,412.33,824.66
ORD-001547,7f860829-11cb-4357-9a02-efdfb77649ae,2,624.82,1249.64
ORD-001547,6ebe25ff-c064-4e89-8b8a-59882bad12d8,1,192.19,192.19
ORD-001547,742d2c92-fcf6-4364-9bde-4490b7e5bb90,3,996.98,2990.94
ORD-001547,7425f7d5-c9e3-4485-b539-cf6ebe8f8a25,1,833.88,833.88
ORD-001547,ff22512f-6c6f-4752-9f58-caec61b6cb91,2,691.07,1382.14
ORD-001548,1a037248-f604-4a40-8f01-a1ec98cba9ba,1,857.72,857.72
ORD-001549,1f2074d5-523f-42fc-b2e4-847619e94cc4,3,11.41,34.230000000000004
ORD-001549,4208330c-150b-463f-a7c7-0673090914e8,1,507.21,507.21
ORD-001550,6059b6db-a71e-4aa4-a462-aa577d13efcd,2,89.36,178.72
ORD-001551,1a037248-f604-4a40-8f01-a1ec98cba9ba,3,888.16,2664.48
ORD-001552,4208330c-150b-463f-a7c7-0673090914e8,3,510.27,1530.81
ORD-001552,405ad395-d291-49d4-9bd4-d211ffc22eea,2,469.33,938.66
ORD-001553,da67f0be-e782-4f46-adf3-77b094d80592,3,276.03,828.0899999999999
ORD-001553,0e5bd978-c61f-4398-846f-ef3d11025b05,3,562.88,1688.6399999999999
ORD-001553,671a5b36-3c48-4567-a517-7dba3fb1d09f,2,909.14,1818.28
ORD-001553,28ceec8b-a2b2-40ba-a0f6-14292187fede,3,862.18,2586.54
ORD-001554,4e71de59-4d7f-4ba4-908e-5b6eb0550621,3,845.53,2536.59
ORD-001554,0e5bd978-c61f-4398-846f-ef3d11025b05,3,554.16,1662.48
ORD-001554,deff3d30-fa21-4823-b63c-3d4e6842e6c5,3,131.44,394.32
ORD-001554,bf47ea32-f0cd-4cbe-89ea-3949a76eb378,2,542.1,1084.2
ORD-001555,fcbb56a1-b862-4fb2-88fe-ed0472814307,2,380.25,760.5
ORD-001555,da096c2a-6ee1-4f2c-83b3-0f2f76fe15c9,1,149.38,149.38
ORD-001555,70d242a2-d6e6-49b2-82dd-dc10f9505de7,1,523.15,523.15
ORD-001556,2e8fd2aa-3e7f-4fb1-aa6b-1c3738a5a388,1,527.76,527.76
ORD-001557,742d2c92-fcf6-4364-9bde-4490b7e5bb90,3,885.38,2656.14
ORD-001558,68d81f9a-9cc0-4b20-9838-257ad1927777,1,111.83,111.83
ORD-001559,33b1781a-3a1b-419d-ab45-8633ffb25560,3,269.04,807.1200000000001
ORD-001559,97d6315b-705c-4cdf-a248-799ac6907757,2,46.32,92.64
ORD-001560,7425f7d5-c9e3-4485-b539-cf6ebe8f8a25,3,720.03,2160.09
ORD-001560,9bc4a986-aa96-4d57-b920-cf93e12654d8,2,239.17,478.34
ORD-001560,4208330c-150b-463f-a7c7-0673090914e8,1,598.95,598.95
ORD-001560,cc9e8554-b363-43de-94d4-cd8918d96dfb,2,460.54,921.08
ORD-001560,8d81191f-438b-4926-bebb-c3e8f4501a6a,2,630.1,1260.2
ORD-001561,bd7b09b1-2139-484c-975c-6adc6bf68daa,1,198.66,198.66
ORD-001561,6672fd4f-9690-4544-a0aa-73d3d13c3143,3,915.02,2745.06
ORD-001561,b0d968cc-2620-4a46-9cdc-3171d64b59b6,2,259.27,518.54
ORD-001561,def4bb75-19e7-4d7c-8886-339395c44fc5,1,1001.5,1001.5
ORD-001562,fcbb56a1-b862-4fb2-88fe-ed0472814307,2,436.01,872.02
ORD-001562,e3bfcdbd-04e2-4a88-a250-358045a9c86a,3,751.76,2255.2799999999997
ORD-001562,10483ae3-3fc2-4384-bd7a-62aea10b3754,1,740.6,740.6
ORD-001562,63a41a01-c853-4665-b54a-1ee98a25cc24,3,614.37,1843.1100000000001
ORD-001563,2e8fd2aa-3e7f-4fb1-aa6b-1c3738a5a388,1,512.39,512.39
ORD-001563,28ceec8b-a2b2-40ba-a0f6-14292187fede,3,740.42,2221.2599999999998
ORD-001563,acbfdf46-7f51-4371-bcd1-bd2f84a61541,2,159.62,319.24
ORD-001563,8a5a9ca5-73e4-4ebd-91df-9e78783ac1fd,3,31.77,95.31
ORD-001564,45b5ae49-50c4-4c7a-bc7f-d2216d170c3f,1,214.82,214.82
ORD-001564,3d75e4dd-8c0d-4ca1-b8fc-94899558f59d,1,294.96,294.96
ORD-001565,5495fe5e-67f1-4652-aedc-41136b95eee7,3,393.99,1181.97
ORD-001565,6f13ee39-c753-4c6e-a1d5-280ae443373b,1,432.96,432.96
ORD-001566,193b42ad-40fd-462a-b98e-b77cc9f6e888,1,43.77,43.77
ORD-001566,fa407e03-eb2d-4941-86fb-c31db86db758,1,341.87,341.87
ORD-001566,405bebd4-be7d-4505-a89f-6ef992011c8b,1,786.31,786.31
ORD-001566,4b62729d-5443-4aea-9021-7b3065cb276f,1,750.17,750.17
ORD-001566,9b91e12d-ce6e-4b84-8a85-1e6f0746fc96,2,758.24,1516.48
ORD-001567,0fa5d429-0e39-4bb5-8b14-2d77fd17e378,1,567.69,567.69
ORD-001567,3693fe0b-4ec7-46b0-a018-f78f6cbd809b,2,398.76,797.52
ORD-001567,16664571-6011-4d6e-b585-66afb586279a,1,540.83,540.83
ORD-001567,7c7801a8-acca-4ccd-ad40-8a72fc19d689,3,918.54,2755.62
ORD-001567,5495fe5e-67f1-4652-aedc-41136b95eee7,3,431.73,1295.19
ORD-001568,74d41359-c624-44ba-8f3e-f9a3c9978f5a,1,608.06,608.06
ORD-001568,3693fe0b-4ec7-46b0-a018-f78f6cbd809b,3,404.27,1212.81
ORD-001568,5a9eb21e-edd6-45d1-8aca-409e73e04659,2,431.64,863.28
ORD-001569,33b1781a-3a1b-419d-ab45-8633ffb25560,1,287.17,287.17
ORD-001570,532fb4b4-b30a-4ecd-a59f-88383b1b4111,2,724.17,1448.34
ORD-001570,60b84dd6-d802-4494-8360-067cf1e8e22e,3,290.9,872.6999999999999
ORD-001570,e4f440b3-e2e8-4c4c-b460-5938baf5fc34,1,701.46,701.46
ORD-001570,1f2074d5-523f-42fc-b2e4-847619e94cc4,2,10.52,21.04
ORD-001570,bfc6e01d-0aeb-4c5c-906e-9c4b32bd6a2c,3,432.29,1296.8700000000001
ORD-001571,f9fc8038-04f0-432b-a50c-a7a5af2a2345,1,11.43,11.43
ORD-001572,2a9062a5-1a82-4732-863d-fa089ad07586,3,565.57,1696.71
ORD-001572,68d81f9a-9cc0-4b20-9838-257ad1927777,3,105.67,317.01
ORD-001572,ab85e304-fe27-44fd-b1ac-6bb0bc578a3e,1,852.85,852.85
ORD-001572,fb016ade-5c71-45c2-9cf9-04683455a4d4,3,922.2,2766.6000000000004
ORD-001572,d11a42dd-8e96-4213-9ac0-1c7d97019f1e,1,81.78,81.78
ORD-001573,dc0d3770-971f-4886-a3a5-52d5d3432e38,3,305.26,915.78
ORD-001574,ee6204b7-db26-4235-8b62-6e5b3224061d,3,851.34,2554.02
ORD-001574,15725fd3-bcc9-4d75-b86d-13a46fb28e30,3,640.01,1920.03
ORD-001574,16664571-6011-4d6e-b585-66afb586279a,3,542.39,1627.17
ORD-001574,aff02d9a-6315-48db-bf3e-dcdb7e9d4d93,3,21.95,65.85
ORD-001575,74d41359-c624-44ba-8f3e-f9a3c9978f5a,3,560.28,1680.84
ORD-001575,21f90a72-45a0-4a27-aeaa-7f370cca438e,1,87.02,87.02
ORD-001575,3855fb85-8e60-4c4c-8d0c-d5e1d0b73a24,3,53.09,159.27
ORD-001576,0fa5d429-0e39-4bb5-8b14-2d77fd17e378,1,532.02,532.02
ORD-001577,ae458e21-3770-4079-9fed-c30b7ac9308d,3,900.29,2700.87
ORD-001578,ee6204b7-db26-4235-8b62-6e5b3224061d,1,861.14,861.14
ORD-001578,68457cfd-15e1-4596-a81f-3df9fe90b61c,3,824.61,2473.83
ORD-001579,75be87b1-b37b-4a23-aed6-08cc34a651ac,1,425.16,425.16
ORD-001579,71cc17b0-7afa-4146-b237-990ccd566c1c,3,570.91,1712.73
ORD-001579,c9543a40-1b4c-4e7b-9ac1-572e5b495f5e,3,154.41,463.23
ORD-001579,5efd7556-eb0c-4dac-bf16-a67ac3bf34ab,1,430.51,430.51
ORD-001579,366aced0-fca0-4552-b005-693380619df5,1,373.58,373.58
ORD-001580,04f3f45b-d1d2-468f-926f-a20d38ffcf53,1,685.11,685.11
ORD-001580,fd8ababa-b19a-4e03-9b81-8402dc09b8b0,1,322.99,322.99
ORD-001581,94cae71c-088a-4a34-a24f-4a036fd8264a,1,613.25,613.25
ORD-001582,3f35308c-7fb2-4c8c-8aaa-2f60914da1cc,1,252.09,252.09
ORD-001583,94ba6334-cdc4-44a9-ab94-f80a2c07b053,1,535.01,535.01
ORD-001584,bce24858-fad5-4c3f-98b1-e71187222c2b,2,430.03,860.06
ORD-001584,45b5ae49-50c4-4c7a-bc7f-d2216d170c3f,3,206.53,619.59
ORD-001584,454b4bb2-e284-45c4-bbdf-2eb6aa50e3f4,1,562.76,562.76
ORD-001584,d11a42dd-8e96-4213-9ac0-1c7d97019f1e,3,91.29,273.87
ORD-001585,742d2c92-fcf6-4364-9bde-4490b7e5bb90,1,997.5,997.5
ORD-001586,0166f91f-430b-4bdb-9f7a-561e622896ec,2,638.34,1276.68
ORD-001587,742d2c92-fcf6-4364-9bde-4490b7e5bb90,2,1001.02,2002.04
ORD-001587,aaac043e-d176-493d-8b2f-408bdd5e57ad,1,458.28,458.28
ORD-001587,9b91e12d-ce6e-4b84-8a85-1e6f0746fc96,3,762.21,2286.63
ORD-001587,37e48379-d810-4be1-90e2-195c0f2f6de5,1,174.61,174.61
ORD-001587,23ee362b-698c-426d-b18f-b3237ab9e2e7,1,315.88,315.88
ORD-001588,366aced0-fca0-4552-b005-693380619df5,2,386.53,773.06
ORD-001588,2a9062a5-1a82-4732-863d-fa089ad07586,3,551.6,1654.8000000000002
ORD-001589,93f20425-7de0-47b2-9093-f087c2711366,1,706.87,706.87
ORD-001589,5365a6b3-f8c1-4cba-b21f-bda73e899461,2,147.15,294.3
ORD-001589,b70acae6-2103-41b9-a113-f23f9b293a5d,3,426.05,1278.15
ORD-001590,90ef69e2-4c38-4a58-abf2-7ca075f0ef61,3,415.55,1246.65
ORD-001591,ef5f3f32-50c4-44aa-a8cf-b70c38a7c67e,1,186.17,186.17
ORD-001591,85426297-26fc-49a2-a69e-0a4e6af9a45c,3,415.59,1246.77
ORD-001592,b93cddf2-6537-4127-8ce2-624f9aa29834,3,223.35,670.05
ORD-001592,5ba9f94f-7c5f-407d-ad88-c5c264376435,1,913.51,913.51
ORD-001592,d772ec05-2262-4b97-8c5b-0d43fe6340db,3,97.05,291.15
ORD-001593,97d6315b-705c-4cdf-a248-799ac6907757,2,47.38,94.76
ORD-001593,937bff8a-d5ab-43ab-b22a-f408ac90f9f1,3,1004.77,3014.31
ORD-001593,41465d3a-ed68-4b53-8996-44e7f759d179,1,717.03,717.03
ORD-001593,26dc7e49-f0e9-49a9-a86d-6d43c48fcb61,1,616.08,616.08
ORD-001593,67ec5461-6b1d-41ec-84d3-3b4ffe2f9592,1,141.96,141.96
ORD-001594,3f35308c-7fb2-4c8c-8aaa-2f60914da1cc,2,259.39,518.78
ORD-001594,ee6204b7-db26-4235-8b62-6e5b3224061d,2,770.56,1541.12
ORD-001594,8899b0dc-71a0-4fa0-a6b0-ac9f5ce7480c,1,17.95,17.95
ORD-001594,3a8579a0-82ca-4403-8e61-9e860a8aa440,1,311.29,311.29
ORD-001594,71cc17b0-7afa-4146-b237-990ccd566c1c,1,565.28,565.28
ORD-001595,2f0b1d71-f73d-47c1-b0be-55161f273d55,2,672.51,1345.02
ORD-001596,3693fe0b-4ec7-46b0-a018-f78f6cbd809b,2,399.69,799.38
ORD-001596,050d253d-22dc-473f-813b-6faf3727d9a4,1,340.64,340.64
ORD-001596,d772ec05-2262-4b97-8c5b-0d43fe6340db,1,93.06,93.06
ORD-001596,b93cddf2-6537-4127-8ce2-624f9aa29834,3,250.05,750.1500000000001
ORD-001596,deff3d30-fa21-4823-b63c-3d4e6842e6c5,2,143.69,287.38
ORD-001597,da67f0be-e782-4f46-adf3-77b094d80592,1,288.97,288.97
ORD-001597,5a9eb21e-edd6-45d1-8aca-409e73e04659,3,437.8,1313.4
ORD-001598,ff22512f-6c6f-4752-9f58-caec61b6cb91,1,671.21,671.21
ORD-001598,9ef2e0e9-2048-4cf7-a441-d92d6fdc3f63,3,945.29,2835.87
ORD-001598,419ec84b-1236-48c4-8bc5-a1a124851553,1,910.55,910.55
ORD-001599,da67f0be-e782-4f46-adf3-77b094d80592,1,275.82,275.82
ORD-001600,405ad395-d291-49d4-9bd4-d211ffc22eea,3,531.11,1593.33
ORD-001600,37e48379-d810-4be1-90e2-195c0f2f6de5,3,180.36,541.08
ORD-001600,0ec71bd2-524d-47f9-9684-3a2ea9fea671,2,115.03,230.06
ORD-001600,63a41a01-c853-4665-b54a-1ee98a25cc24,2,586.2,1172.4
ORD-001601,5e97e495-e132-433b-9087-b8df43ed91c6,2,90.76,181.52
ORD-001601,94cae71c-088a-4a34-a24f-4a036fd8264a,1,643.88,643.88
ORD-001601,366aced0-fca0-4552-b005-693380619df5,2,373.7,747.4
ORD-001602,75be87b1-b37b-4a23-aed6-08cc34a651ac,2,397.37,794.74
ORD-001602,5efd7556-eb0c-4dac-bf16-a67ac3bf34ab,1,425.98,425.98
ORD-001602,10f847f0-0a23-402a-bb45-480ffa6e1098,1,292.68,292.68
ORD-001603,e8a79c65-89d1-45db-90cd-7e145b3c7e3a,1,489.22,489.22
ORD-001604,0ec71bd2-524d-47f9-9684-3a2ea9fea671,1,98.13,98.13
ORD-001604,41465d3a-ed68-4b53-8996-44e7f759d179,2,649.05,1298.1
ORD-001604,8e0f4ddc-7f59-4218-b3c4-d3f34125168a,1,91.4,91.4
ORD-001604,55ecc7b8-3b15-452b-b56f-ed44d9daea49,2,786.17,1572.34
ORD-001604,bf47ea32-f0cd-4cbe-89ea-3949a76eb378,3,457.65,1372.9499999999998
ORD-001605,8899b0dc-71a0-4fa0-a6b0-ac9f5ce7480c,2,17.55,35.1
ORD-001605,4b8df45f-8e44-4f15-bd8f-a378a0c58905,3,709.75,2129.25
ORD-001605,94ba6334-cdc4-44a9-ab94-f80a2c07b053,3,529.36,1588.08
ORD-001606,909c4825-1e5b-4389-b3fa-c87e6de42a78,1,532.32,532.32
ORD-001606,d9cc0d7e-ba3d-4639-a308-14db91d71d96,1,321.72,321.72
ORD-001606,2a9062a5-1a82-4732-863d-fa089ad07586,2,541.35,1082.7
ORD-001606,fd3507a2-3ab7-491f-984f-099ccd09eb79,2,834.13,1668.26
ORD-001606,4b8df45f-8e44-4f15-bd8f-a378a0c58905,1,832.34,832.34
ORD-001607,742d2c92-fcf6-4364-9bde-4490b7e5bb90,2,884.53,1769.06
ORD-001607,ede6f4f1-bcc6-44d7-9392-ab4a6ce2a110,2,65.78,131.56
ORD-001607,1bf69c20-872b-4d71-b68d-62ddaa662a91,3,20.62,61.86
ORD-001608,8a5a9ca5-73e4-4ebd-91df-9e78783ac1fd,3,36.09,108.27000000000001
ORD-001608,55ecc7b8-3b15-452b-b56f-ed44d9daea49,3,760.95,2282.8500000000004
ORD-001608,60b84dd6-d802-4494-8360-067cf1e8e22e,2,323.83,647.66
ORD-001609,1a037248-f604-4a40-8f01-a1ec98cba9ba,1,955.6,955.6
ORD-001609,c5ff2331-db2f-4ecd-a938-d8b6c34e174d,2,736.94,1473.88
ORD-001610,671a5b36-3c48-4567-a517-7dba3fb1d09f,3,815.86,2447.58
ORD-001610,16664571-6011-4d6e-b585-66afb586279a,2,587.75,1175.5
ORD-001611,4ff0f9b1-185b-464f-a09f-8af3db013013,1,353.01,353.01
ORD-001611,c5784eab-50a3-47c7-8dbe-00213caf5933,3,660.07,1980.21
ORD-001611,742d2c92-fcf6-4364-9bde-4490b7e5bb90,1,982.28,982.28
ORD-001611,fcbb56a1-b862-4fb2-88fe-ed0472814307,3,432.3,1296.9
ORD-001612,707ddaf2-2092-4b20-8ea8-a38a49a705bb,2,615.89,1231.78
ORD-001612,9ef2e0e9-2048-4cf7-a441-d92d6fdc3f63,2,944.38,1888.76
ORD-001612,faab82fa-51cf-4676-bff7-2f7bf7b28cf3,1,753.45,753.45
ORD-001612,5a9eb21e-edd6-45d1-8aca-409e73e04659,1,386.84,386.84
ORD-001613,2aa43396-ca8f-433d-b472-4df14fcbbadf,2,331.63,663.26
ORD-001614,d11a42dd-8e96-4213-9ac0-1c7d97019f1e,1,93.89,93.89
ORD-001614,60b84dd6-d802-4494-8360-067cf1e8e22e,3,327.18,981.54
ORD-001614,8be9d6b9-e56b-4c5e-a460-748e7c075dae,3,662.2,1986.6000000000001
ORD-001614,3693fe0b-4ec7-46b0-a018-f78f6cbd809b,2,424.47,848.94
ORD-001614,04f3f45b-d1d2-468f-926f-a20d38ffcf53,2,636.49,1272.98
ORD-001615,deebf19b-f879-4e94-96dd-7544e5a8241b,2,930.44,1860.88
ORD-001616,d772ec05-2262-4b97-8c5b-0d43fe6340db,3,100.35,301.04999999999995
ORD-001616,0e5bd978-c61f-4398-846f-ef3d11025b05,2,612.36,1224.72
ORD-001616,fd8ababa-b19a-4e03-9b81-8402dc09b8b0,2,315.33,630.66
ORD-001617,8569c478-c99b-4c60-be7e-5a1563b3a4e2,3,488.03,1464.09
ORD-001617,7c34cee5-7109-4ee9-9ee2-570dc90f5978,2,898.12,1796.24
ORD-001618,2393bff1-4e45-46ea-a406-e25b2af55019,3,544.4,1633.1999999999998
ORD-001618,532fb4b4-b30a-4ecd-a59f-88383b1b4111,2,740.15,1480.3
ORD-001618,5a9eb21e-edd6-45d1-8aca-409e73e04659,2,463.76,927.52
ORD-001618,10f6e3af-8e9e-4f38-811a-f929a91d59eb,1,224.23,224.23
ORD-001619,9a612763-a18d-4647-9ea3-77af34124d8a,1,318.99,318.99
ORD-001619,b70acae6-2103-41b9-a113-f23f9b293a5d,1,432.55,432.55
ORD-001619,c5ff2331-db2f-4ecd-a938-d8b6c34e174d,2,734.44,1468.88
ORD-001620,d9cc0d7e-ba3d-4639-a308-14db91d71d96,3,324.61,973.83
ORD-001620,742d2c92-fcf6-4364-9bde-4490b7e5bb90,3,997.25,2991.75
ORD-001620,99371c9b-acdd-4ec1-8eb4-e4d45fffae47,3,302.98,908.94
ORD-001620,8e0f4ddc-7f59-4218-b3c4-d3f34125168a,1,83.67,83.67
ORD-001620,41465d3a-ed68-4b53-8996-44e7f759d179,2,633.96,1267.92
ORD-001621,26fdd0a3-d3c1-4b32-958b-645ecf7fc069,1,900.73,900.73
ORD-001621,df68296b-c1d5-4644-96ef-390a77c22380,1,141.8,141.8
ORD-001622,671a5b36-3c48-4567-a517-7dba3fb1d09f,1,763.68,763.68
ORD-001622,fcbb56a1-b862-4fb2-88fe-ed0472814307,1,431.28,431.28
ORD-001623,16664571-6011-4d6e-b585-66afb586279a,1,579.91,579.91
ORD-001623,d772ec05-2262-4b97-8c5b-0d43fe6340db,3,102.48,307.44
ORD-001623,90ef69e2-4c38-4a58-abf2-7ca075f0ef61,1,380.98,380.98
ORD-001624,df68296b-c1d5-4644-96ef-390a77c22380,3,144.06,432.18
ORD-001624,33842d9c-8a4f-479f-953b-efa0ab91e543,3,673.37,2020.1100000000001
ORD-001624,90cd07ed-a352-4b36-a0cc-b00bc3a206d0,1,15.56,15.56
ORD-001624,8d81191f-438b-4926-bebb-c3e8f4501a6a,1,657.63,657.63
ORD-001624,85426297-26fc-49a2-a69e-0a4e6af9a45c,1,463.17,463.17
ORD-001625,68457cfd-15e1-4596-a81f-3df9fe90b61c,3,764.99,2294.9700000000003
ORD-001625,811e2471-6b40-4188-95ed-ace81f69d335,1,353.95,353.95
ORD-001625,8569c478-c99b-4c60-be7e-5a1563b3a4e2,2,576.66,1153.32
ORD-001626,405bebd4-be7d-4505-a89f-6ef992011c8b,2,833.7,1667.4
ORD-001626,23584003-2f84-4c24-b742-910c8bd156f0,3,638.43,1915.29
ORD-001626,f8fe12a5-1e45-46db-b206-769db4270f04,3,949.02,2847.06
ORD-001626,da096c2a-6ee1-4f2c-83b3-0f2f76fe15c9,3,144.86,434.58000000000004
ORD-001627,fd3507a2-3ab7-491f-984f-099ccd09eb79,1,866.88,866.88
ORD-001628,fd3507a2-3ab7-491f-984f-099ccd09eb79,3,836.68,2510.04
ORD-001628,6672fd4f-9690-4544-a0aa-73d3d13c3143,1,898.2,898.2
ORD-001628,1c70a4e2-230e-46e1-9e16-4002dc16d033,2,954.82,1909.64
ORD-001628,16664571-6011-4d6e-b585-66afb586279a,2,552.38,1104.76
ORD-001629,0e5bd978-c61f-4398-846f-ef3d11025b05,1,565.17,565.17
ORD-001630,8899b0dc-71a0-4fa0-a6b0-ac9f5ce7480c,1,19.43,19.43
ORD-001630,7c7801a8-acca-4ccd-ad40-8a72fc19d689,2,936.43,1872.86
ORD-001630,70d242a2-d6e6-49b2-82dd-dc10f9505de7,3,467.18,1401.54
ORD-001631,28ceec8b-a2b2-40ba-a0f6-14292187fede,3,806.42,2419.2599999999998
ORD-001631,3855fb85-8e60-4c4c-8d0c-d5e1d0b73a24,2,49.28,98.56
ORD-001631,1c70a4e2-230e-46e1-9e16-4002dc16d033,2,891.82,1783.64
ORD-001631,bd7b09b1-2139-484c-975c-6adc6bf68daa,1,193.76,193.76
ORD-001632,41465d3a-ed68-4b53-8996-44e7f759d179,1,659.71,659.71
ORD-001632,c3522c3b-6d84-4b59-8d46-dfd3c8e5a9d2,1,434.6,434.6
ORD-001632,2921a438-07b9-461e-95bf-ae0600aa711e,3,257.28,771.8399999999999
ORD-001632,28ceec8b-a2b2-40ba-a0f6-14292187fede,1,783.2,783.2
ORD-001633,0e5bd978-c61f-4398-846f-ef3d11025b05,3,532.83,1598.4900000000002
ORD-001633,3278b24e-b3ba-4f5e-b1ac-eee48208f7d9,3,831.5,2494.5
ORD-001633,68457cfd-15e1-4596-a81f-3df9fe90b61c,1,806.35,806.35
ORD-001633,405ad395-d291-49d4-9bd4-d211ffc22eea,2,498.43,996.86
ORD-001633,0fa5d429-0e39-4bb5-8b14-2d77fd17e378,3,608.88,1826.6399999999999
ORD-001634,dbd238cd-421d-41ef-a210-82c1c00cf62c,2,993.49,1986.98
ORD-001634,deff3d30-fa21-4823-b63c-3d4e6842e6c5,2,155.61,311.22
ORD-001634,85426297-26fc-49a2-a69e-0a4e6af9a45c,2,432.43,864.86
ORD-001634,c9360b39-4f2d-480b-82ce-6da8c789fa7f,1,560.55,560.55
ORD-001634,7425f7d5-c9e3-4485-b539-cf6ebe8f8a25,3,773.74,2321.2200000000003
ORD-001635,60d6813e-5f16-468e-9c55-9bef30b5a553,1,550.15,550.15
ORD-001635,3855fb85-8e60-4c4c-8d0c-d5e1d0b73a24,1,54.9,54.9
ORD-001636,68457cfd-15e1-4596-a81f-3df9fe90b61c,3,803.45,2410.3500000000004
ORD-001636,df68296b-c1d5-4644-96ef-390a77c22380,3,138.72,416.15999999999997
ORD-001636,d74ab3e8-a38b-4065-b223-4565aaade398,3,382.06,1146.18
ORD-001637,63c48bf1-fad6-4da1-8140-67b2bb06d791,2,611.38,1222.76
ORD-001637,061a25ae-bdae-4ffd-90d4-f3ab3e8ecefe,3,258.45,775.3499999999999
ORD-001638,909c4825-1e5b-4389-b3fa-c87e6de42a78,2,540.01,1080.02
ORD-001638,93f20425-7de0-47b2-9093-f087c2711366,3,759.84,2279.52
ORD-001638,2921a438-07b9-461e-95bf-ae0600aa711e,3,228.55,685.6500000000001
ORD-001639,9ef2e0e9-2048-4cf7-a441-d92d6fdc3f63,2,842.52,1685.04
ORD-001640,23584003-2f84-4c24-b742-910c8bd156f0,2,607.15,1214.3
ORD-001640,acbfdf46-7f51-4371-bcd1-bd2f84a61541,3,155.18,465.54
ORD-001641,90cd07ed-a352-4b36-a0cc-b00bc3a206d0,3,14.14,42.42
ORD-001641,68d81f9a-9cc0-4b20-9838-257ad1927777,1,105.0,105.0
ORD-001642,532fb4b4-b30a-4ecd-a59f-88383b1b4111,1,881.51,881.51
ORD-001642,893204df-ac13-4689-9a88-7bca558213da,1,853.75,853.75
ORD-001642,41465d3a-ed68-4b53-8996-44e7f759d179,2,687.12,1374.24
ORD-001643,193b42ad-40fd-462a-b98e-b77cc9f6e888,1,41.38,41.38
ORD-001644,0ec71bd2-524d-47f9-9684-3a2ea9fea671,1,101.58,101.58
ORD-001644,f8fe12a5-1e45-46db-b206-769db4270f04,3,795.75,2387.25
ORD-001644,99371c9b-acdd-4ec1-8eb4-e4d45fffae47,2,315.49,630.98
ORD-001644,90ef69e2-4c38-4a58-abf2-7ca075f0ef61,1,418.13,418.13
ORD-001645,60b84dd6-d802-4494-8360-067cf1e8e22e,2,332.65,665.3
ORD-001645,1c70a4e2-230e-46e1-9e16-4002dc16d033,2,991.06,1982.12
ORD-001645,6672fd4f-9690-4544-a0aa-73d3d13c3143,2,907.36,1814.72
ORD-001645,4f81a909-a41c-4d86-a956-3dfa8676343c,3,566.03,1698.09
ORD-001646,d11a42dd-8e96-4213-9ac0-1c7d97019f1e,3,89.52,268.56
ORD-001646,f7aa4564-5e47-4f7b-bf6d-acd15d81d874,3,949.06,2847.18
ORD-001646,8be9d6b9-e56b-4c5e-a460-748e7c075dae,3,650.58,1951.7400000000002
ORD-001646,d74ab3e8-a38b-4065-b223-4565aaade398,3,340.88,1022.64
ORD-001646,dbbd5b7a-a62d-4a45-be8f-920ae39e8608,2,895.35,1790.7
ORD-001647,1bf69c20-872b-4d71-b68d-62ddaa662a91,2,22.02,44.04
ORD-001647,71cc17b0-7afa-4146-b237-990ccd566c1c,1,554.7,554.7
ORD-001647,fa407e03-eb2d-4941-86fb-c31db86db758,2,346.57,693.14
ORD-001648,405ad395-d291-49d4-9bd4-d211ffc22eea,3,482.85,1448.5500000000002
ORD-001648,93f20425-7de0-47b2-9093-f087c2711366,3,774.16,2322.48
ORD-001648,3a8579a0-82ca-4403-8e61-9e860a8aa440,1,340.04,340.04
ORD-001649,193b42ad-40fd-462a-b98e-b77cc9f6e888,2,40.97,81.94
ORD-001649,94ba6334-cdc4-44a9-ab94-f80a2c07b053,3,560.72,1682.16
ORD-001649,7bf80092-7e1d-4c0b-9907-d08c279385b7,2,565.73,1131.46
ORD-001649,15725fd3-bcc9-4d75-b86d-13a46fb28e30,1,573.75,573.75
ORD-001649,4b62729d-5443-4aea-9021-7b3065cb276f,3,740.24,2220.7200000000003
ORD-001650,deff3d30-fa21-4823-b63c-3d4e6842e6c5,1,149.16,149.16
ORD-001651,94ba6334-cdc4-44a9-ab94-f80a2c07b053,3,606.65,1819.9499999999998
ORD-001652,8e0f4ddc-7f59-4218-b3c4-d3f34125168a,2,84.52,169.04
ORD-001653,f371f7f7-a2de-4914-8f74-9432cc9522f4,1,692.73,692.73
ORD-001654,2a9062a5-1a82-4732-863d-fa089ad07586,1,511.09,511.09
ORD-001654,90ef69e2-4c38-4a58-abf2-7ca075f0ef61,1,395.1,395.1
ORD-001654,5365a6b3-f8c1-4cba-b21f-bda73e899461,3,167.48,502.43999999999994
ORD-001654,e3bfcdbd-04e2-4a88-a250-358045a9c86a,1,795.14,795.14
ORD-001655,0fa5d429-0e39-4bb5-8b14-2d77fd17e378,2,587.15,1174.3
ORD-001656,faab82fa-51cf-4676-bff7-2f7bf7b28cf3,2,760.9,1521.8
ORD-001656,e4f440b3-e2e8-4c4c-b460-5938baf5fc34,2,756.87,1513.74
ORD-001656,41465d3a-ed68-4b53-8996-44e7f759d179,3,645.53,1936.59
ORD-001656,420bcdba-4659-4262-8b2a-e1be49145905,1,220.28,220.28
ORD-001656,6672fd4f-9690-4544-a0aa-73d3d13c3143,2,924.52,1849.04
ORD-001657,7b766140-2096-40c6-bd41-30e19a9cfa16,3,929.61,2788.83
ORD-001657,5e97e495-e132-433b-9087-b8df43ed91c6,2,93.14,186.28
ORD-001657,5365a6b3-f8c1-4cba-b21f-bda73e899461,2,172.09,344.18
ORD-001657,f8fe12a5-1e45-46db-b206-769db4270f04,2,806.91,1613.82
ORD-001657,c5cb56bf-36b3-4b90-9e9f-1e49aa762838,2,652.28,1304.56
ORD-001658,0455be0d-d01b-4d23-9869-de8d353d91ad,2,745.56,1491.12
ORD-001658,fd8ababa-b19a-4e03-9b81-8402dc09b8b0,1,302.67,302.67
ORD-001658,9bc4a986-aa96-4d57-b920-cf93e12654d8,2,269.4,538.8
ORD-001658,33b1781a-3a1b-419d-ab45-8633ffb25560,1,249.85,249.85
ORD-001659,70343e52-0a89-43cb-86df-8ddaaf47dff1,1,561.55,561.55
ORD-001659,85426297-26fc-49a2-a69e-0a4e6af9a45c,2,421.3,842.6
ORD-001659,6059b6db-a71e-4aa4-a462-aa577d13efcd,2,89.49,178.98
ORD-001659,193b42ad-40fd-462a-b98e-b77cc9f6e888,1,45.59,45.59
ORD-001660,05d41c69-92c2-48e8-ae4f-ba81c15eb0f9,1,258.61,258.61
ORD-001660,3693fe0b-4ec7-46b0-a018-f78f6cbd809b,3,404.38,1213.1399999999999
ORD-001660,93f20425-7de0-47b2-9093-f087c2711366,3,744.75,2234.25
ORD-001661,315e1105-d13a-4238-9da3-93dd8555b2b0,1,731.76,731.76
ORD-001661,ef5f3f32-50c4-44aa-a8cf-b70c38a7c67e,1,162.99,162.99
ORD-001661,bd7b09b1-2139-484c-975c-6adc6bf68daa,2,190.6,381.2
ORD-001661,d74ab3e8-a38b-4065-b223-4565aaade398,2,373.08,746.16
ORD-001662,f371f7f7-a2de-4914-8f74-9432cc9522f4,2,636.7,1273.4
ORD-001662,89b21998-89f0-438d-9c22-841ebc194ee5,2,630.52,1261.04
ORD-001662,8569c478-c99b-4c60-be7e-5a1563b3a4e2,2,484.03,968.06
ORD-001662,6382aa8f-7015-49da-8e2b-33206e5d3fb4,1,23.55,23.55
ORD-001663,ad82f489-80fb-4ab2-bdcb-13e79d0e35fb,2,636.5,1273.0
ORD-001663,7a5f0e72-27b0-4209-a5fc-b169a612ba9f,3,807.88,2423.64
ORD-001663,d1f03c1c-8c75-4b6a-856e-4d8177b8e3b5,1,826.15,826.15
ORD-001663,c5784eab-50a3-47c7-8dbe-00213caf5933,3,652.97,1958.91
ORD-001663,3cecfc42-0caa-4b16-8136-54fbbbef5d7e,2,999.04,1998.08
ORD-001664,90cd07ed-a352-4b36-a0cc-b00bc3a206d0,3,13.34,40.019999999999996
ORD-001664,2393bff1-4e45-46ea-a406-e25b2af55019,1,503.09,503.09
ORD-001664,10483ae3-3fc2-4384-bd7a-62aea10b3754,3,814.77,2444.31
ORD-001664,0166f91f-430b-4bdb-9f7a-561e622896ec,2,680.76,1361.52
ORD-001665,cc9e8554-b363-43de-94d4-cd8918d96dfb,1,509.71,509.71
ORD-001665,b70acae6-2103-41b9-a113-f23f9b293a5d,2,435.05,870.1
ORD-001665,6e0a26d0-33df-4412-83c4-f2d36c0ac262,1,908.45,908.45
ORD-001665,2e8fd2aa-3e7f-4fb1-aa6b-1c3738a5a388,2,513.83,1027.66
ORD-001666,9b91e12d-ce6e-4b84-8a85-1e6f0746fc96,1,732.92,732.92
ORD-001667,bce24858-fad5-4c3f-98b1-e71187222c2b,2,409.38,818.76
ORD-001667,90cd07ed-a352-4b36-a0cc-b00bc3a206d0,2,14.98,29.96
ORD-001667,ab85e304-fe27-44fd-b1ac-6bb0bc578a3e,3,920.23,2760.69
ORD-001667,7b766140-2096-40c6-bd41-30e19a9cfa16,3,856.74,2570.2200000000003
ORD-001668,8899b0dc-71a0-4fa0-a6b0-ac9f5ce7480c,2,20.89,41.78
ORD-001668,85426297-26fc-49a2-a69e-0a4e6af9a45c,3,413.93,1241.79
ORD-001669,dbbd5b7a-a62d-4a45-be8f-920ae39e8608,3,870.55,2611.6499999999996
ORD-001669,3a8579a0-82ca-4403-8e61-9e860a8aa440,2,318.01,636.02
ORD-001670,8e0f4ddc-7f59-4218-b3c4-d3f34125168a,1,94.82,94.82
ORD-001671,671a5b36-3c48-4567-a517-7dba3fb1d09f,2,857.4,1714.8
ORD-001671,3693fe0b-4ec7-46b0-a018-f78f6cbd809b,2,438.33,876.66
ORD-001671,0166f91f-430b-4bdb-9f7a-561e622896ec,1,736.03,736.03
ORD-001672,23584003-2f84-4c24-b742-910c8bd156f0,2,619.92,1239.84
ORD-001672,ef7d92e4-6287-4a2d-8551-d5d2a4a51d5d,3,729.17,2187.5099999999998
ORD-001672,b0d968cc-2620-4a46-9cdc-3171d64b59b6,3,305.89,917.67
ORD-001672,f371f7f7-a2de-4914-8f74-9432cc9522f4,3,706.7,2120.1000000000004
ORD-001673,fa85c5bc-4464-4fe6-8dbe-c31c9deff2a4,2,186.32,372.64
ORD-001673,2393bff1-4e45-46ea-a406-e25b2af55019,2,566.75,1133.5
ORD-001673,ab85e304-fe27-44fd-b1ac-6bb0bc578a3e,1,972.71,972.71
ORD-001673,bce24858-fad5-4c3f-98b1-e71187222c2b,3,445.18,1335.54
ORD-001674,acbfdf46-7f51-4371-bcd1-bd2f84a61541,1,162.05,162.05
ORD-001675,050d253d-22dc-473f-813b-6faf3727d9a4,1,360.59,360.59
ORD-001675,68d81f9a-9cc0-4b20-9838-257ad1927777,2,116.16,232.32
ORD-001676,cc50103c-c090-40dd-b09e-129491b983e4,2,441.64,883.28
ORD-001676,9be2b865-2317-4f5b-b405-3f012f0bb8fb,1,38.56,38.56
ORD-001676,6764c33e-0b6b-436f-a668-17d7c7446edd,3,303.96,911.8799999999999
ORD-001676,d08c345b-0596-4dd7-9867-6b5d4077070d,1,120.03,120.03
ORD-001676,419ec84b-1236-48c4-8bc5-a1a124851553,1,930.44,930.44
ORD-001677,bd7b09b1-2139-484c-975c-6adc6bf68daa,3,219.62,658.86
ORD-001677,4f81a909-a41c-4d86-a956-3dfa8676343c,2,663.04,1326.08
ORD-001677,f7e68e0f-782c-4aac-a779-0c44ad195769,2,113.5,227.0
ORD-001678,caf918e8-9227-4c43-a07c-5d2636c70c4a,3,160.11,480.33000000000004
ORD-001679,6764c33e-0b6b-436f-a668-17d7c7446edd,2,296.79,593.58
ORD-001679,ff22512f-6c6f-4752-9f58-caec61b6cb91,1,673.08,673.08
ORD-001679,45b5ae49-50c4-4c7a-bc7f-d2216d170c3f,2,244.33,488.66
ORD-001679,c5ff2331-db2f-4ecd-a938-d8b6c34e174d,2,745.59,1491.18
ORD-001679,ae458e21-3770-4079-9fed-c30b7ac9308d,3,917.16,2751.48
ORD-001680,9b91e12d-ce6e-4b84-8a85-1e6f0746fc96,1,775.29,775.29
ORD-001680,631da773-6e64-4717-9bd6-3ea10ab8a8a8,2,520.08,1040.16
ORD-001680,1bf69c20-872b-4d71-b68d-62ddaa662a91,2,22.4,44.8
ORD-001680,b0bf5af1-fb0c-44d2-a03e-9803a9d3d464,1,150.32,150.32
ORD-001680,10483ae3-3fc2-4384-bd7a-62aea10b3754,3,697.4,2092.2
ORD-001681,04f3f45b-d1d2-468f-926f-a20d38ffcf53,1,689.34,689.34
ORD-001681,5f4b66a4-629f-416e-bdb6-36f673204882,1,383.34,383.34
ORD-001681,33b1781a-3a1b-419d-ab45-8633ffb25560,2,290.74,581.48
ORD-001682,050d253d-22dc-473f-813b-6faf3727d9a4,3,338.56,1015.6800000000001
ORD-001682,fd3507a2-3ab7-491f-984f-099ccd09eb79,2,999.59,1999.18
ORD-001682,60b84dd6-d802-4494-8360-067cf1e8e22e,3,312.07,936.21
ORD-001682,bd7b09b1-2139-484c-975c-6adc6bf68daa,1,219.26,219.26
ORD-001683,193b42ad-40fd-462a-b98e-b77cc9f6e888,2,42.41,84.82
ORD-001683,1bf69c20-872b-4d71-b68d-62ddaa662a91,3,20.34,61.019999999999996
ORD-001683,2e8fd2aa-3e7f-4fb1-aa6b-1c3738a5a388,2,517.03,1034.06
ORD-001684,3760e57c-2f23-40d2-ae8d-1b6bcee93dfb,2,398.93,797.86
ORD-001684,7425f7d5-c9e3-4485-b539-cf6ebe8f8a25,1,841.64,841.64
ORD-001684,10f6e3af-8e9e-4f38-811a-f929a91d59eb,3,239.64,718.92
ORD-001685,fa407e03-eb2d-4941-86fb-c31db86db758,2,313.4,626.8
ORD-001685,b67caa36-478c-44e8-955c-980b0edb39fc,1,1059.95,1059.95
ORD-001686,e8a79c65-89d1-45db-90cd-7e145b3c7e3a,3,511.79,1535.3700000000001
ORD-001686,405bebd4-be7d-4505-a89f-6ef992011c8b,3,878.59,2635.77
ORD-001687,7bf80092-7e1d-4c0b-9907-d08c279385b7,2,493.92,987.84
ORD-001687,6ebe25ff-c064-4e89-8b8a-59882bad12d8,1,217.76,217.76
ORD-001687,f04f4f12-96b4-4d8e-aada-f268607e003c,3,659.66,1978.98
ORD-001687,8d81191f-438b-4926-bebb-c3e8f4501a6a,1,602.51,602.51
ORD-001687,ba6ea82d-d057-4aef-8f9e-030ff94edeea,3,48.06,144.18
ORD-001688,3cecfc42-0caa-4b16-8136-54fbbbef5d7e,1,912.04,912.04
ORD-001688,2e8fd2aa-3e7f-4fb1-aa6b-1c3738a5a388,1,596.93,596.93
ORD-001689,41465d3a-ed68-4b53-8996-44e7f759d179,1,705.52,705.52
ORD-001690,16664571-6011-4d6e-b585-66afb586279a,1,586.46,586.46
ORD-001691,c9360b39-4f2d-480b-82ce-6da8c789fa7f,3,534.83,1604.4900000000002
ORD-001691,dc0d3770-971f-4886-a3a5-52d5d3432e38,2,300.92,601.84
ORD-001691,21f90a72-45a0-4a27-aeaa-7f370cca438e,3,84.21,252.63
ORD-001691,cc9e8554-b363-43de-94d4-cd8918d96dfb,2,435.04,870.08
ORD-001691,5ba9f94f-7c5f-407d-ad88-c5c264376435,2,911.17,1822.34
ORD-001692,def4bb75-19e7-4d7c-8886-339395c44fc5,3,957.22,2871.66
ORD-001692,532fb4b4-b30a-4ecd-a59f-88383b1b4111,2,828.25,1656.5
ORD-001693,050d253d-22dc-473f-813b-6faf3727d9a4,2,319.08,638.16
ORD-001694,75be87b1-b37b-4a23-aed6-08cc34a651ac,3,373.54,1120.6200000000001
ORD-001694,da67f0be-e782-4f46-adf3-77b094d80592,2,259.28,518.56
ORD-001694,dc0d3770-971f-4886-a3a5-52d5d3432e38,3,313.6,940.8000000000001
ORD-001694,ede6f4f1-bcc6-44d7-9392-ab4a6ce2a110,3,74.43,223.29000000000002
ORD-001694,0dc39a14-a7b4-4bef-aed4-4e5d8a05457e,1,322.88,322.88
ORD-001695,fa85c5bc-4464-4fe6-8dbe-c31c9deff2a4,2,186.83,373.66
ORD-001695,ae458e21-3770-4079-9fed-c30b7ac9308d,1,818.73,818.73
ORD-001695,3855fb85-8e60-4c4c-8d0c-d5e1d0b73a24,2,59.05,118.1
ORD-001695,10483ae3-3fc2-4384-bd7a-62aea10b3754,3,770.24,2310.7200000000003
ORD-001696,85426297-26fc-49a2-a69e-0a4e6af9a45c,2,436.77,873.54
ORD-001697,70343e52-0a89-43cb-86df-8ddaaf47dff1,1,541.58,541.58
ORD-001697,811e2471-6b40-4188-95ed-ace81f69d335,3,316.59,949.77
ORD-001697,aff02d9a-6315-48db-bf3e-dcdb7e9d4d93,2,21.33,42.66
ORD-001698,bce24858-fad5-4c3f-98b1-e71187222c2b,2,389.77,779.54
ORD-001698,da67f0be-e782-4f46-adf3-77b094d80592,2,271.81,543.62
ORD-001699,94ba6334-cdc4-44a9-ab94-f80a2c07b053,2,605.66,1211.32
ORD-001699,41465d3a-ed68-4b53-8996-44e7f759d179,2,617.22,1234.44
ORD-001699,cc50103c-c090-40dd-b09e-129491b983e4,3,365.05,1095.15
ORD-001699,420bcdba-4659-4262-8b2a-e1be49145905,3,241.74,725.22
ORD-001699,a41172e5-d44c-45e7-a8b1-243eee76a01d,2,375.29,750.58
ORD-001700,caf918e8-9227-4c43-a07c-5d2636c70c4a,3,183.12,549.36
ORD-001700,454b4bb2-e284-45c4-bbdf-2eb6aa50e3f4,3,564.52,1693.56
ORD-001700,8c205c60-3b62-4af1-8e3b-6d36315814ae,1,957.36,957.36
ORD-001700,10f6e3af-8e9e-4f38-811a-f929a91d59eb,2,251.27,502.54
ORD-001701,ca25b56a-0fbb-4e75-90e5-e214ad3b390d,3,613.31,1839.9299999999998
ORD-001701,23ee362b-698c-426d-b18f-b3237ab9e2e7,3,324.48,973.44
ORD-001701,85426297-26fc-49a2-a69e-0a4e6af9a45c,2,445.3,890.6
ORD-001701,16664571-6011-4d6e-b585-66afb586279a,3,559.4,1678.1999999999998
ORD-001701,fd8ababa-b19a-4e03-9b81-8402dc09b8b0,2,315.23,630.46
ORD-001702,193b42ad-40fd-462a-b98e-b77cc9f6e888,1,41.4,41.4
ORD-001702,45614ebe-6ff3-4afa-b719-15f5a9fb2ecd,1,95.35,95.35
ORD-001702,e4f440b3-e2e8-4c4c-b460-5938baf5fc34,2,680.59,1361.18
ORD-001702,ae458e21-3770-4079-9fed-c30b7ac9308d,3,796.32,2388.96
ORD-001703,2393bff1-4e45-46ea-a406-e25b2af55019,2,575.91,1151.82
ORD-001703,061a25ae-bdae-4ffd-90d4-f3ab3e8ecefe,3,249.76,749.28
ORD-001703,33b1781a-3a1b-419d-ab45-8633ffb25560,3,283.86,851.58
ORD-001704,419ec84b-1236-48c4-8bc5-a1a124851553,1,1014.53,1014.53
ORD-001704,3278b24e-b3ba-4f5e-b1ac-eee48208f7d9,3,829.99,2489.9700000000003
ORD-001704,2e8fd2aa-3e7f-4fb1-aa6b-1c3738a5a388,1,610.91,610.91
ORD-001704,deff3d30-fa21-4823-b63c-3d4e6842e6c5,2,141.79,283.58
ORD-001704,93f20425-7de0-47b2-9093-f087c2711366,3,739.74,2219.2200000000003
ORD-001705,8c205c60-3b62-4af1-8e3b-6d36315814ae,2,1019.57,2039.14
ORD-001705,dbbd5b7a-a62d-4a45-be8f-920ae39e8608,3,947.0,2841.0
ORD-001705,4b62729d-5443-4aea-9021-7b3065cb276f,2,745.77,1491.54
ORD-001705,193b42ad-40fd-462a-b98e-b77cc9f6e888,3,39.89,119.67
ORD-001706,fcbb56a1-b862-4fb2-88fe-ed0472814307,1,386.0,386.0
ORD-001706,193b42ad-40fd-462a-b98e-b77cc9f6e888,3,44.38,133.14000000000001
ORD-001706,6382aa8f-7015-49da-8e2b-33206e5d3fb4,2,27.4,54.8
ORD-001706,90cd07ed-a352-4b36-a0cc-b00bc3a206d0,2,13.74,27.48
ORD-001706,f7e68e0f-782c-4aac-a779-0c44ad195769,1,116.75,116.75
ORD-001707,3693fe0b-4ec7-46b0-a018-f78f6cbd809b,1,414.03,414.03
ORD-001707,68d81f9a-9cc0-4b20-9838-257ad1927777,3,119.89,359.67
ORD-001707,ede6f4f1-bcc6-44d7-9392-ab4a6ce2a110,2,73.46,146.92
ORD-001707,8d81191f-438b-4926-bebb-c3e8f4501a6a,2,572.41,1144.82
ORD-001707,9b91e12d-ce6e-4b84-8a85-1e6f0746fc96,1,671.19,671.19
ORD-001708,def4bb75-19e7-4d7c-8886-339395c44fc5,2,1065.96,2131.92
ORD-001708,fa407e03-eb2d-4941-86fb-c31db86db758,1,326.03,326.03
ORD-001708,6764c33e-0b6b-436f-a668-17d7c7446edd,3,273.84,821.52
ORD-001709,dc0d3770-971f-4886-a3a5-52d5d3432e38,2,347.07,694.14
ORD-001709,63c48bf1-fad6-4da1-8140-67b2bb06d791,3,616.23,1848.69
ORD-001709,5efd7556-eb0c-4dac-bf16-a67ac3bf34ab,3,426.51,1279.53
ORD-001710,94ba6334-cdc4-44a9-ab94-f80a2c07b053,2,548.54,1097.08
ORD-001710,7b766140-2096-40c6-bd41-30e19a9cfa16,1,934.21,934.21
ORD-001710,f371f7f7-a2de-4914-8f74-9432cc9522f4,1,692.05,692.05
ORD-001711,b67caa36-478c-44e8-955c-980b0edb39fc,3,927.01,2781.0299999999997
ORD-001711,faab82fa-51cf-4676-bff7-2f7bf7b28cf3,3,732.8,2198.3999999999996
ORD-001712,8d81191f-438b-4926-bebb-c3e8f4501a6a,1,547.43,547.43
ORD-001712,63a41a01-c853-4665-b54a-1ee98a25cc24,2,574.45,1148.9
ORD-001712,ef5f3f32-50c4-44aa-a8cf-b70c38a7c67e,3,163.26,489.78
ORD-001713,7c7801a8-acca-4ccd-ad40-8a72fc19d689,1,858.06,858.06
ORD-001713,671a5b36-3c48-4567-a517-7dba3fb1d09f,2,760.93,1521.86
ORD-001714,0455be0d-d01b-4d23-9869-de8d353d91ad,1,737.27,737.27
ORD-001714,70d242a2-d6e6-49b2-82dd-dc10f9505de7,1,531.06,531.06
ORD-001714,da67f0be-e782-4f46-adf3-77b094d80592,3,277.19,831.5699999999999
ORD-001715,60b84dd6-d802-4494-8360-067cf1e8e22e,1,318.04,318.04
ORD-001715,55ecc7b8-3b15-452b-b56f-ed44d9daea49,2,844.1,1688.2
ORD-001715,3d75e4dd-8c0d-4ca1-b8fc-94899558f59d,1,347.29,347.29
ORD-001716,c9360b39-4f2d-480b-82ce-6da8c789fa7f,1,563.47,563.47
ORD-001716,5efd7556-eb0c-4dac-bf16-a67ac3bf34ab,1,491.57,491.57
ORD-001716,061a25ae-bdae-4ffd-90d4-f3ab3e8ecefe,1,270.9,270.9
ORD-001716,21f90a72-45a0-4a27-aeaa-7f370cca438e,2,83.65,167.3
ORD-001717,dbbd5b7a-a62d-4a45-be8f-920ae39e8608,2,919.16,1838.32
ORD-001718,41465d3a-ed68-4b53-8996-44e7f759d179,3,689.53,2068.59
ORD-001719,7c34cee5-7109-4ee9-9ee2-570dc90f5978,1,937.0,937.0
ORD-001719,55ecc7b8-3b15-452b-b56f-ed44d9daea49,1,830.24,830.24
ORD-001719,f9fc8038-04f0-432b-a50c-a7a5af2a2345,3,11.38,34.14
ORD-001720,71cc17b0-7afa-4146-b237-990ccd566c1c,2,485.9,971.8
ORD-001720,8e0f4ddc-7f59-4218-b3c4-d3f34125168a,2,87.55,175.1
ORD-001720,8a5a9ca5-73e4-4ebd-91df-9e78783ac1fd,2,35.46,70.92
ORD-001720,bfc6e01d-0aeb-4c5c-906e-9c4b32bd6a2c,2,464.29,928.58
ORD-001721,0d7a085b-b4d5-419f-ad5e-9f79d6908bb0,1,895.36,895.36
ORD-001721,6672fd4f-9690-4544-a0aa-73d3d13c3143,1,891.92,891.92
ORD-001721,7c7801a8-acca-4ccd-ad40-8a72fc19d689,3,848.14,2544.42
ORD-001721,26dc7e49-f0e9-49a9-a86d-6d43c48fcb61,3,594.06,1782.1799999999998
ORD-001721,b0bf5af1-fb0c-44d2-a03e-9803a9d3d464,1,144.48,144.48
ORD-001722,c5cb56bf-36b3-4b90-9e9f-1e49aa762838,3,692.39,2077.17
ORD-001722,7c34cee5-7109-4ee9-9ee2-570dc90f5978,1,914.75,914.75
ORD-001722,90cd07ed-a352-4b36-a0cc-b00bc3a206d0,1,14.32,14.32
ORD-001722,5e97e495-e132-433b-9087-b8df43ed91c6,2,89.4,178.8
ORD-001722,ee6671b0-66ad-4c31-8384-1f21d0621b8d,3,430.7,1292.1
ORD-001723,3cecfc42-0caa-4b16-8136-54fbbbef5d7e,2,1054.5,2109.0
ORD-001723,fd3507a2-3ab7-491f-984f-099ccd09eb79,1,896.23,896.23
ORD-001724,9077a69a-7977-4d2e-bee5-aadf01e84cc6,2,846.74,1693.48
ORD-001724,4208330c-150b-463f-a7c7-0673090914e8,2,548.81,1097.62
ORD-001724,8d81191f-438b-4926-bebb-c3e8f4501a6a,3,606.22,1818.66
ORD-001724,d9cc0d7e-ba3d-4639-a308-14db91d71d96,3,372.55,1117.65
ORD-001724,1f2074d5-523f-42fc-b2e4-847619e94cc4,2,12.03,24.06
ORD-001725,671a5b36-3c48-4567-a517-7dba3fb1d09f,2,882.03,1764.06
ORD-001725,bf47ea32-f0cd-4cbe-89ea-3949a76eb378,2,549.73,1099.46
ORD-001726,4375b157-2438-422b-aa81-33c6480a48b2,2,335.51,671.02
ORD-001726,5a9eb21e-edd6-45d1-8aca-409e73e04659,3,386.57,1159.71
ORD-001726,9ef2e0e9-2048-4cf7-a441-d92d6fdc3f63,2,838.69,1677.38
ORD-001727,fa407e03-eb2d-4941-86fb-c31db86db758,2,328.82,657.64
ORD-001728,f10acdec-95f8-4977-a21d-8254c9fbf5ba,2,325.83,651.66
ORD-001728,4ff0f9b1-185b-464f-a09f-8af3db013013,3,361.01,1083.03
ORD-001728,4b8df45f-8e44-4f15-bd8f-a378a0c58905,1,798.05,798.05
ORD-001729,8e0f4ddc-7f59-4218-b3c4-d3f34125168a,1,83.22,83.22
ORD-001729,707ddaf2-2092-4b20-8ea8-a38a49a705bb,3,696.18,2088.54
ORD-001729,fb016ade-5c71-45c2-9cf9-04683455a4d4,3,794.88,2384.64
ORD-001730,050d253d-22dc-473f-813b-6faf3727d9a4,1,331.53,331.53
ORD-001731,0ec71bd2-524d-47f9-9684-3a2ea9fea671,3,96.39,289.17
ORD-001731,1bf69c20-872b-4d71-b68d-62ddaa662a91,2,23.29,46.58
ORD-001731,d772ec05-2262-4b97-8c5b-0d43fe6340db,3,102.46,307.38
ORD-001731,63a41a01-c853-4665-b54a-1ee98a25cc24,3,559.45,1678.3500000000001
ORD-001731,70d242a2-d6e6-49b2-82dd-dc10f9505de7,3,522.66,1567.98
ORD-001732,e8a79c65-89d1-45db-90cd-7e145b3c7e3a,1,520.4,520.4
ORD-001732,deff3d30-fa21-4823-b63c-3d4e6842e6c5,2,151.63,303.26
ORD-001732,6382aa8f-7015-49da-8e2b-33206e5d3fb4,1,26.1,26.1
ORD-001733,3d3df6c1-f288-472e-a21b-3132cb59b383,1,505.18,505.18
ORD-001733,0fa5d429-0e39-4bb5-8b14-2d77fd17e378,2,622.42,1244.84
ORD-001734,b0d968cc-2620-4a46-9cdc-3171d64b59b6,1,260.13,260.13
ORD-001735,811e2471-6b40-4188-95ed-ace81f69d335,1,311.83,311.83
ORD-001736,37e48379-d810-4be1-90e2-195c0f2f6de5,2,199.13,398.26
ORD-001736,631da773-6e64-4717-9bd6-3ea10ab8a8a8,3,519.87,1559.6100000000001
ORD-001737,26fdd0a3-d3c1-4b32-958b-645ecf7fc069,2,865.89,1731.78
ORD-001737,99371c9b-acdd-4ec1-8eb4-e4d45fffae47,2,278.34,556.68
ORD-001737,6e0a26d0-33df-4412-83c4-f2d36c0ac262,2,813.22,1626.44
ORD-001737,4e71de59-4d7f-4ba4-908e-5b6eb0550621,2,807.47,1614.94
ORD-001737,7c34cee5-7109-4ee9-9ee2-570dc90f5978,1,875.77,875.77
ORD-001738,def4bb75-19e7-4d7c-8886-339395c44fc5,3,972.57,2917.71
ORD-001738,5efd7556-eb0c-4dac-bf16-a67ac3bf34ab,1,507.47,507.47
ORD-001738,df68296b-c1d5-4644-96ef-390a77c22380,3,148.46,445.38
ORD-001738,23584003-2f84-4c24-b742-910c8bd156f0,1,535.03,535.03
ORD-001738,b70acae6-2103-41b9-a113-f23f9b293a5d,2,393.56,787.12
ORD-001739,cc9e8554-b363-43de-94d4-cd8918d96dfb,1,481.49,481.49
ORD-001740,742d2c92-fcf6-4364-9bde-4490b7e5bb90,1,908.15,908.15
ORD-001741,caf918e8-9227-4c43-a07c-5d2636c70c4a,1,160.21,160.21
ORD-001741,f8fe12a5-1e45-46db-b206-769db4270f04,2,887.4,1774.8
ORD-001741,7f860829-11cb-4357-9a02-efdfb77649ae,1,728.69,728.69
ORD-001742,6059b6db-a71e-4aa4-a462-aa577d13efcd,3,89.75,269.25
ORD-001742,ae458e21-3770-4079-9fed-c30b7ac9308d,3,816.9,2450.7
ORD-001742,0e5bd978-c61f-4398-846f-ef3d11025b05,1,610.1,610.1
ORD-001742,4f81a909-a41c-4d86-a956-3dfa8676343c,3,628.24,1884.72
ORD-001742,8569c478-c99b-4c60-be7e-5a1563b3a4e2,1,485.95,485.95
ORD-001743,def4bb75-19e7-4d7c-8886-339395c44fc5,3,1087.37,3262.1099999999997
ORD-001743,707ddaf2-2092-4b20-8ea8-a38a49a705bb,1,688.72,688.72
ORD-001743,0166f91f-430b-4bdb-9f7a-561e622896ec,2,698.26,1396.52
ORD-001743,94cae71c-088a-4a34-a24f-4a036fd8264a,3,539.0,1617.0
ORD-001744,41465d3a-ed68-4b53-8996-44e7f759d179,2,617.51,1235.02
ORD-001744,37e48379-d810-4be1-90e2-195c0f2f6de5,3,196.53,589.59
ORD-001744,420bcdba-4659-4262-8b2a-e1be49145905,2,229.82,459.64
ORD-001744,7b766140-2096-40c6-bd41-30e19a9cfa16,3,975.82,2927.46
ORD-001745,fa85c5bc-4464-4fe6-8dbe-c31c9deff2a4,3,184.49,553.47
ORD-001745,99371c9b-acdd-4ec1-8eb4-e4d45fffae47,2,311.24,622.48
ORD-001746,dbbd5b7a-a62d-4a45-be8f-920ae39e8608,1,812.54,812.54
ORD-001746,0ec71bd2-524d-47f9-9684-3a2ea9fea671,2,105.76,211.52
ORD-001747,5e97e495-e132-433b-9087-b8df43ed91c6,2,85.51,171.02
ORD-001747,6059b6db-a71e-4aa4-a462-aa577d13efcd,1,85.44,85.44
ORD-001747,4375b157-2438-422b-aa81-33c6480a48b2,1,283.34,283.34
ORD-001748,631da773-6e64-4717-9bd6-3ea10ab8a8a8,1,541.17,541.17
ORD-001748,fb016ade-5c71-45c2-9cf9-04683455a4d4,1,840.24,840.24
ORD-001748,cc50103c-c090-40dd-b09e-129491b983e4,2,407.27,814.54
ORD-001749,454b4bb2-e284-45c4-bbdf-2eb6aa50e3f4,3,581.85,1745.5500000000002
ORD-001749,a41172e5-d44c-45e7-a8b1-243eee76a01d,1,403.49,403.49
ORD-001749,fcbb56a1-b862-4fb2-88fe-ed0472814307,2,390.1,780.2
ORD-001749,2a9062a5-1a82-4732-863d-fa089ad07586,1,474.59,474.59
ORD-001749,7a5f0e72-27b0-4209-a5fc-b169a612ba9f,3,831.15,2493.45
ORD-001750,f9fc8038-04f0-432b-a50c-a7a5af2a2345,3,10.41,31.23
ORD-001750,3f35308c-7fb2-4c8c-8aaa-2f60914da1cc,1,231.9,231.9
ORD-001750,70343e52-0a89-43cb-86df-8ddaaf47dff1,3,598.65,1795.9499999999998
ORD-001750,c3522c3b-6d84-4b59-8d46-dfd3c8e5a9d2,2,436.0,872.0
ORD-001751,ba6ea82d-d057-4aef-8f9e-030ff94edeea,2,43.35,86.7
ORD-001752,8a5a9ca5-73e4-4ebd-91df-9e78783ac1fd,3,32.56,97.68
ORD-001752,8899b0dc-71a0-4fa0-a6b0-ac9f5ce7480c,2,18.42,36.84
ORD-001752,da096c2a-6ee1-4f2c-83b3-0f2f76fe15c9,3,150.29,450.87
ORD-001753,532fb4b4-b30a-4ecd-a59f-88383b1b4111,1,737.84,737.84
ORD-001753,8e0f4ddc-7f59-4218-b3c4-d3f34125168a,3,95.94,287.82
ORD-001753,60d6813e-5f16-468e-9c55-9bef30b5a553,2,535.43,1070.86
ORD-001753,23584003-2f84-4c24-b742-910c8bd156f0,2,534.83,1069.66
ORD-001753,5f4b66a4-629f-416e-bdb6-36f673204882,1,405.77,405.77
ORD-001754,5ba9f94f-7c5f-407d-ad88-c5c264376435,2,837.74,1675.48
ORD-001754,4e71de59-4d7f-4ba4-908e-5b6eb0550621,3,727.15,2181.45
ORD-001755,6ebe25ff-c064-4e89-8b8a-59882bad12d8,3,203.84,611.52
ORD-001756,f7aa4564-5e47-4f7b-bf6d-acd15d81d874,2,988.16,1976.32
ORD-001757,23584003-2f84-4c24-b742-910c8bd156f0,1,551.61,551.61
ORD-001758,d11a42dd-8e96-4213-9ac0-1c7d97019f1e,3,91.06,273.18
ORD-001758,5e97e495-e132-433b-9087-b8df43ed91c6,1,92.04,92.04
ORD-001758,0d7a085b-b4d5-419f-ad5e-9f79d6908bb0,3,864.02,2592.06
ORD-001758,0a803a1e-a34d-4d81-9dec-33146a0142b7,3,168.82,506.46
ORD-001758,99371c9b-acdd-4ec1-8eb4-e4d45fffae47,2,319.93,639.86
ORD-001759,d772ec05-2262-4b97-8c5b-0d43fe6340db,1,99.27,99.27
ORD-001759,da67f0be-e782-4f46-adf3-77b094d80592,3,266.14,798.42
ORD-001759,3855fb85-8e60-4c4c-8d0c-d5e1d0b73a24,3,52.85,158.55
ORD-001759,55ecc7b8-3b15-452b-b56f-ed44d9daea49,3,791.55,2374.6499999999996
ORD-001760,6672fd4f-9690-4544-a0aa-73d3d13c3143,3,834.59,2503.77
ORD-001760,10f6e3af-8e9e-4f38-811a-f929a91d59eb,2,221.91,443.82
ORD-001760,d74ab3e8-a38b-4065-b223-4565aaade398,3,347.8,1043.4
ORD-001760,c5cb56bf-36b3-4b90-9e9f-1e49aa762838,3,679.65,2038.9499999999998
ORD-001760,ff22512f-6c6f-4752-9f58-caec61b6cb91,3,573.27,1719.81
ORD-001761,dc0d3770-971f-4886-a3a5-52d5d3432e38,2,327.83,655.66
ORD-001761,45614ebe-6ff3-4afa-b719-15f5a9fb2ecd,3,96.0,288.0
ORD-001762,c5ff2331-db2f-4ecd-a938-d8b6c34e174d,3,853.56,2560.68
ORD-001762,ae458e21-3770-4079-9fed-c30b7ac9308d,3,909.27,2727.81
ORD-001762,7b766140-2096-40c6-bd41-30e19a9cfa16,2,1017.07,2034.14
ORD-001762,3f35308c-7fb2-4c8c-8aaa-2f60914da1cc,3,245.83,737.49
ORD-001763,dc0d3770-971f-4886-a3a5-52d5d3432e38,3,299.24,897.72
ORD-001764,41465d3a-ed68-4b53-8996-44e7f759d179,1,618.86,618.86
ORD-001764,45614ebe-6ff3-4afa-b719-15f5a9fb2ecd,3,88.67,266.01
ORD-001765,dbd238cd-421d-41ef-a210-82c1c00cf62c,1,985.94,985.94
ORD-001765,fd3507a2-3ab7-491f-984f-099ccd09eb79,1,830.39,830.39
ORD-001766,da67f0be-e782-4f46-adf3-77b094d80592,3,249.7,749.0999999999999
ORD-001766,4ff0f9b1-185b-464f-a09f-8af3db013013,3,413.24,1239.72
ORD-001767,9077a69a-7977-4d2e-bee5-aadf01e84cc6,3,951.86,2855.58
ORD-001767,67ec5461-6b1d-41ec-84d3-3b4ffe2f9592,1,159.06,159.06
ORD-001767,cc50103c-c090-40dd-b09e-129491b983e4,3,374.06,1122.18
ORD-001768,0dc39a14-a7b4-4bef-aed4-4e5d8a05457e,1,342.48,342.48
ORD-001768,bf47ea32-f0cd-4cbe-89ea-3949a76eb378,3,526.88,1580.6399999999999
ORD-001769,ef5f3f32-50c4-44aa-a8cf-b70c38a7c67e,2,186.54,373.08
ORD-001769,23ee362b-698c-426d-b18f-b3237ab9e2e7,1,332.79,332.79
ORD-001769,68d81f9a-9cc0-4b20-9838-257ad1927777,1,105.68,105.68
ORD-001769,dbd238cd-421d-41ef-a210-82c1c00cf62c,3,896.46,2689.38
ORD-001770,75be87b1-b37b-4a23-aed6-08cc34a651ac,1,396.06,396.06
ORD-001770,caf918e8-9227-4c43-a07c-5d2636c70c4a,1,171.96,171.96
ORD-001770,0dc39a14-a7b4-4bef-aed4-4e5d8a05457e,2,336.75,673.5
ORD-001770,41a3d19b-1c8e-4a8e-a78e-e77252917c55,3,746.28,2238.84
ORD-001770,cc50103c-c090-40dd-b09e-129491b983e4,1,391.68,391.68
ORD-001771,0d7a085b-b4d5-419f-ad5e-9f79d6908bb0,2,793.76,1587.52
ORD-001771,89b21998-89f0-438d-9c22-841ebc194ee5,3,566.73,1700.19
ORD-001771,70d242a2-d6e6-49b2-82dd-dc10f9505de7,3,474.6,1423.8000000000002
ORD-001771,d74ab3e8-a38b-4065-b223-4565aaade398,1,392.43,392.43
ORD-001772,8a5a9ca5-73e4-4ebd-91df-9e78783ac1fd,2,34.9,69.8
ORD-001773,e8a79c65-89d1-45db-90cd-7e145b3c7e3a,2,518.61,1037.22
ORD-001774,d74ab3e8-a38b-4065-b223-4565aaade398,3,413.02,1239.06
ORD-001774,ca25b56a-0fbb-4e75-90e5-e214ad3b390d,1,564.35,564.35
ORD-001774,dbbd5b7a-a62d-4a45-be8f-920ae39e8608,1,859.61,859.61
ORD-001774,d08c345b-0596-4dd7-9867-6b5d4077070d,3,123.83,371.49
ORD-001774,60d6813e-5f16-468e-9c55-9bef30b5a553,2,508.19,1016.38
ORD-001775,60d6813e-5f16-468e-9c55-9bef30b5a553,1,547.47,547.47
ORD-001775,d1f03c1c-8c75-4b6a-856e-4d8177b8e3b5,1,916.9,916.9
ORD-001776,aff02d9a-6315-48db-bf3e-dcdb7e9d4d93,2,23.74,47.48
ORD-001776,6764c33e-0b6b-436f-a668-17d7c7446edd,2,293.61,587.22
ORD-001776,c3522c3b-6d84-4b59-8d46-dfd3c8e5a9d2,1,424.92,424.92
ORD-001777,5ba9f94f-7c5f-407d-ad88-c5c264376435,3,862.19,2586.57
ORD-001778,f9fc8038-04f0-432b-a50c-a7a5af2a2345,3,10.96,32.88
ORD-001778,7c7801a8-acca-4ccd-ad40-8a72fc19d689,2,888.46,1776.92
ORD-001778,ee6671b0-66ad-4c31-8384-1f21d0621b8d,1,437.88,437.88
ORD-001779,fd3507a2-3ab7-491f-984f-099ccd09eb79,3,959.9,2879.7
ORD-001779,aff02d9a-6315-48db-bf3e-dcdb7e9d4d93,3,21.0,63.0
ORD-001779,aaac043e-d176-493d-8b2f-408bdd5e57ad,2,409.15,818.3
ORD-001780,2a9062a5-1a82-4732-863d-fa089ad07586,2,487.05,974.1
ORD-001780,5efd7556-eb0c-4dac-bf16-a67ac3bf34ab,1,457.96,457.96
ORD-001781,bce24858-fad5-4c3f-98b1-e71187222c2b,2,473.51,947.02
ORD-001782,6f13ee39-c753-4c6e-a1d5-280ae443373b,3,384.4,1153.1999999999998
ORD-001782,3693fe0b-4ec7-46b0-a018-f78f6cbd809b,3,422.85,1268.5500000000002
ORD-001783,ad82f489-80fb-4ab2-bdcb-13e79d0e35fb,3,634.14,1902.42
ORD-001784,707ddaf2-2092-4b20-8ea8-a38a49a705bb,3,700.88,2102.64
ORD-001785,63c48bf1-fad6-4da1-8140-67b2bb06d791,1,636.31,636.31
ORD-001785,37e48379-d810-4be1-90e2-195c0f2f6de5,2,169.29,338.58
ORD-001785,315e1105-d13a-4238-9da3-93dd8555b2b0,1,713.83,713.83
ORD-001785,10f847f0-0a23-402a-bb45-480ffa6e1098,3,254.66,763.98
ORD-001785,05d41c69-92c2-48e8-ae4f-ba81c15eb0f9,3,284.57,853.71
ORD-001786,71cc17b0-7afa-4146-b237-990ccd566c1c,1,547.66,547.66
ORD-001786,b67caa36-478c-44e8-955c-980b0edb39fc,2,1082.93,2165.86
ORD-001787,90cd07ed-a352-4b36-a0cc-b00bc3a206d0,2,14.5,29.0
ORD-001788,5365a6b3-f8c1-4cba-b21f-bda73e899461,3,154.25,462.75
ORD-001789,b0d968cc-2620-4a46-9cdc-3171d64b59b6,2,273.97,547.94
ORD-001789,631da773-6e64-4717-9bd6-3ea10ab8a8a8,2,549.32,1098.64
ORD-001789,23584003-2f84-4c24-b742-910c8bd156f0,2,572.87,1145.74
ORD-001789,ee6671b0-66ad-4c31-8384-1f21d0621b8d,2,467.78,935.56
ORD-001789,6382aa8f-7015-49da-8e2b-33206e5d3fb4,2,27.28,54.56
ORD-001790,2393bff1-4e45-46ea-a406-e25b2af55019,2,547.66,1095.32
ORD-001790,8a5a9ca5-73e4-4ebd-91df-9e78783ac1fd,3,35.67,107.01
ORD-001790,2a9062a5-1a82-4732-863d-fa089ad07586,2,542.3,1084.6
ORD-001790,d1f03c1c-8c75-4b6a-856e-4d8177b8e3b5,3,886.54,2659.62
ORD-001791,10f847f0-0a23-402a-bb45-480ffa6e1098,2,281.3,562.6
ORD-001791,67ec5461-6b1d-41ec-84d3-3b4ffe2f9592,2,149.64,299.28
ORD-001791,fa85c5bc-4464-4fe6-8dbe-c31c9deff2a4,3,175.74,527.22
ORD-001791,33b1781a-3a1b-419d-ab45-8633ffb25560,3,259.96,779.8799999999999
ORD-001792,52c020c9-f59b-4eb7-a254-a01478fc4614,1,693.08,693.08
ORD-001792,0166f91f-430b-4bdb-9f7a-561e622896ec,2,658.93,1317.86
ORD-001792,0455be0d-d01b-4d23-9869-de8d353d91ad,1,745.26,745.26
ORD-001793,0ec71bd2-524d-47f9-9684-3a2ea9fea671,2,106.82,213.64
ORD-001793,10f6e3af-8e9e-4f38-811a-f929a91d59eb,2,222.76,445.52
ORD-001793,94ba6334-cdc4-44a9-ab94-f80a2c07b053,2,585.39,1170.78
ORD-001793,90cd07ed-a352-4b36-a0cc-b00bc3a206d0,2,15.24,30.48
ORD-001793,6e0a26d0-33df-4412-83c4-f2d36c0ac262,2,897.34,1794.68
ORD-001794,1c70a4e2-230e-46e1-9e16-4002dc16d033,1,1009.51,1009.51
ORD-001794,5f4b66a4-629f-416e-bdb6-36f673204882,1,372.32,372.32
ORD-001795,15725fd3-bcc9-4d75-b86d-13a46fb28e30,1,566.42,566.42
ORD-001795,ae458e21-3770-4079-9fed-c30b7ac9308d,2,777.12,1554.24
ORD-001795,26fdd0a3-d3c1-4b32-958b-645ecf7fc069,2,869.84,1739.68
ORD-001795,588a421a-a76c-48f5-b9cc-3d7953860c8a,3,424.56,1273.68
ORD-001795,10f6e3af-8e9e-4f38-811a-f929a91d59eb,3,239.83,719.49
ORD-001796,5e97e495-e132-433b-9087-b8df43ed91c6,2,100.84,201.68
ORD-001796,454b7ebc-fee8-4590-a620-8eb467fecb64,2,640.48,1280.96
ORD-001797,b70acae6-2103-41b9-a113-f23f9b293a5d,3,403.82,1211.46
ORD-001797,dc0d3770-971f-4886-a3a5-52d5d3432e38,3,343.15,1029.4499999999998
ORD-001797,ad82f489-80fb-4ab2-bdcb-13e79d0e35fb,1,582.24,582.24
ORD-001797,c9360b39-4f2d-480b-82ce-6da8c789fa7f,3,580.23,1740.69
ORD-001798,68457cfd-15e1-4596-a81f-3df9fe90b61c,2,830.96,1661.92
ORD-001799,811e2471-6b40-4188-95ed-ace81f69d335,1,296.3,296.3
ORD-001799,90cd07ed-a352-4b36-a0cc-b00bc3a206d0,3,14.55,43.650000000000006
ORD-001800,454b4bb2-e284-45c4-bbdf-2eb6aa50e3f4,2,513.22,1026.44
ORD-001800,fa407e03-eb2d-4941-86fb-c31db86db758,2,359.64,719.28
ORD-001800,7b766140-2096-40c6-bd41-30e19a9cfa16,3,900.31,2700.93
ORD-001801,4208330c-150b-463f-a7c7-0673090914e8,2,527.95,1055.9
ORD-001801,5ba9f94f-7c5f-407d-ad88-c5c264376435,3,885.99,2657.9700000000003
ORD-001801,742d2c92-fcf6-4364-9bde-4490b7e5bb90,3,920.98,2762.94
ORD-001801,93f20425-7de0-47b2-9093-f087c2711366,1,767.83,767.83
ORD-001801,f7e68e0f-782c-4aac-a779-0c44ad195769,3,137.47,412.40999999999997
ORD-001802,6f13ee39-c753-4c6e-a1d5-280ae443373b,3,399.12,1197.3600000000001
ORD-001803,193b42ad-40fd-462a-b98e-b77cc9f6e888,1,46.02,46.02
ORD-001803,6e0a26d0-33df-4412-83c4-f2d36c0ac262,2,875.63,1751.26
ORD-001804,4b62729d-5443-4aea-9021-7b3065cb276f,2,728.9,1457.8
ORD-001804,0a803a1e-a34d-4d81-9dec-33146a0142b7,2,149.87,299.74
ORD-001804,f9fc8038-04f0-432b-a50c-a7a5af2a2345,2,12.39,24.78
ORD-001805,7bf80092-7e1d-4c0b-9907-d08c279385b7,1,579.36,579.36
ORD-001805,7b766140-2096-40c6-bd41-30e19a9cfa16,3,859.53,2578.59
ORD-001805,60b84dd6-d802-4494-8360-067cf1e8e22e,2,300.31,600.62
ORD-001806,2aa43396-ca8f-433d-b472-4df14fcbbadf,1,396.2,396.2
ORD-001807,63a41a01-c853-4665-b54a-1ee98a25cc24,1,550.31,550.31
ORD-001807,c9543a40-1b4c-4e7b-9ac1-572e5b495f5e,2,158.07,316.14
ORD-001808,4ff0f9b1-185b-464f-a09f-8af3db013013,2,364.4,728.8
ORD-001808,63a41a01-c853-4665-b54a-1ee98a25cc24,3,594.14,1782.42
ORD-001808,4b8df45f-8e44-4f15-bd8f-a378a0c58905,1,825.49,825.49
ORD-001808,deebf19b-f879-4e94-96dd-7544e5a8241b,1,958.2,958.2
ORD-001808,deff3d30-fa21-4823-b63c-3d4e6842e6c5,3,154.77,464.31000000000006
ORD-001809,85426297-26fc-49a2-a69e-0a4e6af9a45c,1,416.02,416.02
ORD-001809,3278b24e-b3ba-4f5e-b1ac-eee48208f7d9,1,831.62,831.62
ORD-001810,bce24858-fad5-4c3f-98b1-e71187222c2b,2,404.88,809.76
ORD-001810,71cc17b0-7afa-4146-b237-990ccd566c1c,3,474.91,1424.73
ORD-001810,ad82f489-80fb-4ab2-bdcb-13e79d0e35fb,3,592.63,1777.8899999999999
ORD-001810,85426297-26fc-49a2-a69e-0a4e6af9a45c,3,454.33,1362.99
ORD-001810,8899b0dc-71a0-4fa0-a6b0-ac9f5ce7480c,2,20.13,40.26
ORD-001811,6672fd4f-9690-4544-a0aa-73d3d13c3143,2,895.7,1791.4
ORD-001811,8be9d6b9-e56b-4c5e-a460-748e7c075dae,3,668.88,2006.6399999999999
ORD-001811,10f847f0-0a23-402a-bb45-480ffa6e1098,1,258.2,258.2
ORD-001811,df68296b-c1d5-4644-96ef-390a77c22380,1,145.32,145.32
ORD-001811,ef5f3f32-50c4-44aa-a8cf-b70c38a7c67e,2,164.8,329.6
ORD-001812,9077a69a-7977-4d2e-bee5-aadf01e84cc6,3,871.99,2615.9700000000003
ORD-001812,41a3d19b-1c8e-4a8e-a78e-e77252917c55,2,661.81,1323.62
ORD-001812,bd7b09b1-2139-484c-975c-6adc6bf68daa,2,211.37,422.74
ORD-001812,b93cddf2-6537-4127-8ce2-624f9aa29834,1,241.72,241.72
ORD-001812,d74ab3e8-a38b-4065-b223-4565aaade398,1,350.45,350.45
ORD-001813,4b8df45f-8e44-4f15-bd8f-a378a0c58905,2,767.19,1534.38
ORD-001814,04f3f45b-d1d2-468f-926f-a20d38ffcf53,1,671.62,671.62
ORD-001814,912e9f9e-9d04-46c6-a552-0b9dd7ce2734,2,877.79,1755.58
ORD-001814,90ef69e2-4c38-4a58-abf2-7ca075f0ef61,1,423.56,423.56
ORD-001814,dc0d3770-971f-4886-a3a5-52d5d3432e38,1,347.02,347.02
ORD-001815,ef7d92e4-6287-4a2d-8551-d5d2a4a51d5d,1,678.08,678.08
ORD-001816,da096c2a-6ee1-4f2c-83b3-0f2f76fe15c9,1,160.29,160.29
ORD-001816,5365a6b3-f8c1-4cba-b21f-bda73e899461,3,168.46,505.38
ORD-001816,d9cc0d7e-ba3d-4639-a308-14db91d71d96,3,370.21,1110.6299999999999
ORD-001816,e8a79c65-89d1-45db-90cd-7e145b3c7e3a,3,496.03,1488.09
ORD-001816,315e1105-d13a-4238-9da3-93dd8555b2b0,2,705.89,1411.78
ORD-001817,def4bb75-19e7-4d7c-8886-339395c44fc5,3,1071.18,3213.54
ORD-001817,1c70a4e2-230e-46e1-9e16-4002dc16d033,2,938.8,1877.6
ORD-001817,f7aa4564-5e47-4f7b-bf6d-acd15d81d874,2,914.3,1828.6
ORD-001818,70343e52-0a89-43cb-86df-8ddaaf47dff1,3,649.17,1947.5099999999998
ORD-001818,b67caa36-478c-44e8-955c-980b0edb39fc,1,1083.94,1083.94
ORD-001819,4f81a909-a41c-4d86-a956-3dfa8676343c,3,594.14,1782.42
ORD-001820,0a803a1e-a34d-4d81-9dec-33146a0142b7,1,173.63,173.63
ORD-001820,d772ec05-2262-4b97-8c5b-0d43fe6340db,3,103.37,310.11
ORD-001820,5a9eb21e-edd6-45d1-8aca-409e73e04659,3,455.66,1366.98
ORD-001820,33b1781a-3a1b-419d-ab45-8633ffb25560,1,278.7,278.7
ORD-001820,74d41359-c624-44ba-8f3e-f9a3c9978f5a,2,548.07,1096.14
ORD-001821,8e0f4ddc-7f59-4218-b3c4-d3f34125168a,2,86.31,172.62
ORD-001821,7c34cee5-7109-4ee9-9ee2-570dc90f5978,3,802.66,2407.98
ORD-001821,6764c33e-0b6b-436f-a668-17d7c7446edd,2,280.69,561.38
ORD-001821,631da773-6e64-4717-9bd6-3ea10ab8a8a8,3,530.29,1590.87
ORD-001821,811e2471-6b40-4188-95ed-ace81f69d335,2,347.09,694.18
ORD-001822,5f4b66a4-629f-416e-bdb6-36f673204882,3,375.78,1127.34
ORD-001823,7f860829-11cb-4357-9a02-efdfb77649ae,1,711.63,711.63
ORD-001823,742d2c92-fcf6-4364-9bde-4490b7e5bb90,1,918.68,918.68
ORD-001823,b0d968cc-2620-4a46-9cdc-3171d64b59b6,2,264.11,528.22
ORD-001824,fd3507a2-3ab7-491f-984f-099ccd09eb79,3,921.91,2765.73
ORD-001825,c9543a40-1b4c-4e7b-9ac1-572e5b495f5e,1,167.99,167.99
ORD-001826,b0bf5af1-fb0c-44d2-a03e-9803a9d3d464,2,156.81,313.62
ORD-001826,ee6671b0-66ad-4c31-8384-1f21d0621b8d,1,449.39,449.39
ORD-001826,6e0a26d0-33df-4412-83c4-f2d36c0ac262,3,879.27,2637.81
ORD-001826,315e1105-d13a-4238-9da3-93dd8555b2b0,2,667.62,1335.24
ORD-001826,21f90a72-45a0-4a27-aeaa-7f370cca438e,2,96.09,192.18
ORD-001827,bd7b09b1-2139-484c-975c-6adc6bf68daa,1,215.78,215.78
ORD-001827,67ec5461-6b1d-41ec-84d3-3b4ffe2f9592,3,157.79,473.37
ORD-001827,cc50103c-c090-40dd-b09e-129491b983e4,2,370.83,741.66
ORD-001827,a41172e5-d44c-45e7-a8b1-243eee76a01d,3,363.7,1091.1
ORD-001827,97d6315b-705c-4cdf-a248-799ac6907757,1,51.87,51.87
ORD-001828,d08c345b-0596-4dd7-9867-6b5d4077070d,2,110.95,221.9
ORD-001828,90ef69e2-4c38-4a58-abf2-7ca075f0ef61,3,369.4,1108.1999999999998
ORD-001828,04f3f45b-d1d2-468f-926f-a20d38ffcf53,3,653.47,1960.41
ORD-001828,87db6283-4935-4d50-b89b-026c1918a3f4,1,157.29,157.29
ORD-001829,0a803a1e-a34d-4d81-9dec-33146a0142b7,1,165.64,165.64
ORD-001829,52c020c9-f59b-4eb7-a254-a01478fc4614,1,803.89,803.89
ORD-001830,deff3d30-fa21-4823-b63c-3d4e6842e6c5,1,149.42,149.42
ORD-001831,9a612763-a18d-4647-9ea3-77af34124d8a,1,323.99,323.99
ORD-001832,1bf69c20-872b-4d71-b68d-62ddaa662a91,3,21.53,64.59
ORD-001832,10f6e3af-8e9e-4f38-811a-f929a91d59eb,3,240.88,722.64
ORD-001832,5f4b66a4-629f-416e-bdb6-36f673204882,2,404.69,809.38
ORD-001832,4ff0f9b1-185b-464f-a09f-8af3db013013,3,420.54,1261.6200000000001
ORD-001833,fa85c5bc-4464-4fe6-8dbe-c31c9deff2a4,1,157.99,157.99
ORD-001833,5f4b66a4-629f-416e-bdb6-36f673204882,3,452.47,1357.41
ORD-001833,366aced0-fca0-4552-b005-693380619df5,1,347.6,347.6
ORD-001833,89b21998-89f0-438d-9c22-841ebc194ee5,3,602.91,1808.73
ORD-001834,45b5ae49-50c4-4c7a-bc7f-d2216d170c3f,3,225.99,677.97
ORD-001834,c5cb56bf-36b3-4b90-9e9f-1e49aa762838,3,682.09,2046.27
ORD-001834,ba6ea82d-d057-4aef-8f9e-030ff94edeea,2,45.62,91.24
ORD-001835,ede6f4f1-bcc6-44d7-9392-ab4a6ce2a110,3,72.95,218.85000000000002
ORD-001835,c3522c3b-6d84-4b59-8d46-dfd3c8e5a9d2,3,451.88,1355.6399999999999
ORD-001836,85426297-26fc-49a2-a69e-0a4e6af9a45c,2,425.79,851.58
ORD-001836,41465d3a-ed68-4b53-8996-44e7f759d179,1,741.14,741.14
ORD-001836,0e5bd978-c61f-4398-846f-ef3d11025b05,3,589.33,1767.9900000000002
ORD-001836,5495fe5e-67f1-4652-aedc-41136b95eee7,3,412.03,1236.09
ORD-001837,ff22512f-6c6f-4752-9f58-caec61b6cb91,3,575.65,1726.9499999999998
ORD-001838,4f81a909-a41c-4d86-a956-3dfa8676343c,2,591.69,1183.38
ORD-001838,bf47ea32-f0cd-4cbe-89ea-3949a76eb378,2,513.41,1026.82
ORD-001838,10f847f0-0a23-402a-bb45-480ffa6e1098,2,294.37,588.74
ORD-001838,3278b24e-b3ba-4f5e-b1ac-eee48208f7d9,2,848.98,1697.96
ORD-001839,8899b0dc-71a0-4fa0-a6b0-ac9f5ce7480c,2,18.65,37.3
ORD-001839,99371c9b-acdd-4ec1-8eb4-e4d45fffae47,2,309.02,618.04
ORD-001839,acbfdf46-7f51-4371-bcd1-bd2f84a61541,2,150.84,301.68
ORD-001839,0166f91f-430b-4bdb-9f7a-561e622896ec,2,698.43,1396.86
ORD-001839,b70acae6-2103-41b9-a113-f23f9b293a5d,3,406.9,1220.6999999999998
ORD-001840,dbd238cd-421d-41ef-a210-82c1c00cf62c,1,933.07,933.07
ORD-001840,050d253d-22dc-473f-813b-6faf3727d9a4,2,329.12,658.24
ORD-001840,8d81191f-438b-4926-bebb-c3e8f4501a6a,1,571.27,571.27
ORD-001840,52c020c9-f59b-4eb7-a254-a01478fc4614,2,686.11,1372.22
ORD-001841,e3bfcdbd-04e2-4a88-a250-358045a9c86a,2,745.11,1490.22
ORD-001841,893204df-ac13-4689-9a88-7bca558213da,3,825.51,2476.5299999999997
ORD-001842,75be87b1-b37b-4a23-aed6-08cc34a651ac,1,439.95,439.95
ORD-001842,90ef69e2-4c38-4a58-abf2-7ca075f0ef61,2,368.41,736.82
ORD-001842,05d41c69-92c2-48e8-ae4f-ba81c15eb0f9,3,284.26,852.78
ORD-001842,68d81f9a-9cc0-4b20-9838-257ad1927777,2,103.31,206.62
ORD-001842,912e9f9e-9d04-46c6-a552-0b9dd7ce2734,3,838.78,2516.34
ORD-001843,366aced0-fca0-4552-b005-693380619df5,3,338.3,1014.9000000000001
ORD-001843,b67caa36-478c-44e8-955c-980b0edb39fc,2,964.15,1928.3
ORD-001843,2f0b1d71-f73d-47c1-b0be-55161f273d55,1,731.56,731.56
ORD-001843,631da773-6e64-4717-9bd6-3ea10ab8a8a8,2,492.52,985.04
ORD-001844,def4bb75-19e7-4d7c-8886-339395c44fc5,3,957.34,2872.02
ORD-001844,b70acae6-2103-41b9-a113-f23f9b293a5d,3,420.93,1262.79
ORD-001844,fa85c5bc-4464-4fe6-8dbe-c31c9deff2a4,3,184.23,552.6899999999999
ORD-001845,1bf69c20-872b-4d71-b68d-62ddaa662a91,2,21.57,43.14
ORD-001845,3855fb85-8e60-4c4c-8d0c-d5e1d0b73a24,2,51.51,103.02
ORD-001845,0ec71bd2-524d-47f9-9684-3a2ea9fea671,2,112.06,224.12
ORD-001846,454b7ebc-fee8-4590-a620-8eb467fecb64,3,573.07,1719.21
ORD-001846,ee6671b0-66ad-4c31-8384-1f21d0621b8d,3,421.61,1264.83
ORD-001846,3d75e4dd-8c0d-4ca1-b8fc-94899558f59d,1,335.29,335.29
ORD-001847,8d81191f-438b-4926-bebb-c3e8f4501a6a,3,569.79,1709.37
ORD-001847,ff22512f-6c6f-4752-9f58-caec61b6cb91,3,597.47,1792.41
ORD-001847,5495fe5e-67f1-4652-aedc-41136b95eee7,3,436.72,1310.16
ORD-001847,3855fb85-8e60-4c4c-8d0c-d5e1d0b73a24,2,51.81,103.62
ORD-001847,9ef2e0e9-2048-4cf7-a441-d92d6fdc3f63,2,881.43,1762.86
ORD-001848,5365a6b3-f8c1-4cba-b21f-bda73e899461,3,171.11,513.33
ORD-001849,631da773-6e64-4717-9bd6-3ea10ab8a8a8,1,473.58,473.58
ORD-001849,6672fd4f-9690-4544-a0aa-73d3d13c3143,3,811.79,2435.37
ORD-001850,532fb4b4-b30a-4ecd-a59f-88383b1b4111,3,874.14,2622.42
ORD-001850,7a5f0e72-27b0-4209-a5fc-b169a612ba9f,3,812.53,2437.59
ORD-001850,fd3507a2-3ab7-491f-984f-099ccd09eb79,3,936.64,2809.92
ORD-001850,f9fc8038-04f0-432b-a50c-a7a5af2a2345,3,11.64,34.92
ORD-001851,05d41c69-92c2-48e8-ae4f-ba81c15eb0f9,3,277.53,832.5899999999999
ORD-001852,8569c478-c99b-4c60-be7e-5a1563b3a4e2,2,516.01,1032.02
ORD-001853,912e9f9e-9d04-46c6-a552-0b9dd7ce2734,2,881.77,1763.54
ORD-001853,b93cddf2-6537-4127-8ce2-624f9aa29834,2,222.9,445.8
ORD-001854,6382aa8f-7015-49da-8e2b-33206e5d3fb4,1,23.89,23.89
ORD-001854,aff02d9a-6315-48db-bf3e-dcdb7e9d4d93,1,21.34,21.34
ORD-001855,67ec5461-6b1d-41ec-84d3-3b4ffe2f9592,1,142.16,142.16
ORD-001855,05d41c69-92c2-48e8-ae4f-ba81c15eb0f9,3,265.07,795.21
ORD-001855,52c020c9-f59b-4eb7-a254-a01478fc4614,1,805.67,805.67
ORD-001855,4b62729d-5443-4aea-9021-7b3065cb276f,1,839.12,839.12
ORD-001856,da096c2a-6ee1-4f2c-83b3-0f2f76fe15c9,3,159.42,478.26
ORD-001856,1c70a4e2-230e-46e1-9e16-4002dc16d033,2,1010.46,2020.92
ORD-001857,c9360b39-4f2d-480b-82ce-6da8c789fa7f,2,503.64,1007.28
ORD-001857,ab85e304-fe27-44fd-b1ac-6bb0bc578a3e,3,911.1,2733.3
ORD-001857,9bc4a986-aa96-4d57-b920-cf93e12654d8,3,273.06,819.1800000000001
ORD-001857,9077a69a-7977-4d2e-bee5-aadf01e84cc6,1,943.08,943.08
ORD-001857,937bff8a-d5ab-43ab-b22a-f408ac90f9f1,2,1081.34,2162.68
ORD-001858,7bf80092-7e1d-4c0b-9907-d08c279385b7,1,519.11,519.11
ORD-001858,ef7d92e4-6287-4a2d-8551-d5d2a4a51d5d,2,699.7,1399.4
ORD-001859,aff02d9a-6315-48db-bf3e-dcdb7e9d4d93,2,20.98,41.96
ORD-001859,7bf80092-7e1d-4c0b-9907-d08c279385b7,1,514.94,514.94
ORD-001859,87db6283-4935-4d50-b89b-026c1918a3f4,3,156.05,468.15000000000003
ORD-001859,d1f03c1c-8c75-4b6a-856e-4d8177b8e3b5,1,987.29,987.29
ORD-001860,da096c2a-6ee1-4f2c-83b3-0f2f76fe15c9,3,155.77,467.31000000000006
ORD-001860,16664571-6011-4d6e-b585-66afb586279a,1,580.82,580.82
ORD-001861,90cd07ed-a352-4b36-a0cc-b00bc3a206d0,2,14.14,28.28
ORD-001861,fa85c5bc-4464-4fe6-8dbe-c31c9deff2a4,3,158.95,476.84999999999997
ORD-001862,37e48379-d810-4be1-90e2-195c0f2f6de5,2,182.29,364.58
ORD-001862,3278b24e-b3ba-4f5e-b1ac-eee48208f7d9,3,882.2,2646.6000000000004
ORD-001862,deebf19b-f879-4e94-96dd-7544e5a8241b,3,891.42,2674.2599999999998
ORD-001862,68457cfd-15e1-4596-a81f-3df9fe90b61c,3,814.32,2442.96
ORD-001862,41465d3a-ed68-4b53-8996-44e7f759d179,1,686.56,686.56
ORD-001863,0ec71bd2-524d-47f9-9684-3a2ea9fea671,3,111.08,333.24
ORD-001863,366aced0-fca0-4552-b005-693380619df5,1,380.41,380.41
ORD-001863,8c205c60-3b62-4af1-8e3b-6d36315814ae,2,955.99,1911.98
ORD-001864,f7e68e0f-782c-4aac-a779-0c44ad195769,3,129.87,389.61
ORD-001865,0d7a085b-b4d5-419f-ad5e-9f79d6908bb0,2,778.66,1557.32
ORD-001866,1a037248-f604-4a40-8f01-a1ec98cba9ba,1,878.92,878.92
ORD-001866,c5ff2331-db2f-4ecd-a938-d8b6c34e174d,3,830.25,2490.75
ORD-001866,7425f7d5-c9e3-4485-b539-cf6ebe8f8a25,2,855.04,1710.08
ORD-001867,dbd238cd-421d-41ef-a210-82c1c00cf62c,2,940.04,1880.08
ORD-001867,8d81191f-438b-4926-bebb-c3e8f4501a6a,2,562.17,1124.34
ORD-001867,e3bfcdbd-04e2-4a88-a250-358045a9c86a,2,829.25,1658.5
ORD-001867,6764c33e-0b6b-436f-a668-17d7c7446edd,1,278.13,278.13
ORD-001867,405ad395-d291-49d4-9bd4-d211ffc22eea,1,492.47,492.47
ORD-001868,8d81191f-438b-4926-bebb-c3e8f4501a6a,1,542.36,542.36
ORD-001869,fa407e03-eb2d-4941-86fb-c31db86db758,1,318.28,318.28
ORD-001870,28ceec8b-a2b2-40ba-a0f6-14292187fede,2,775.89,1551.78
ORD-001870,2f0b1d71-f73d-47c1-b0be-55161f273d55,3,755.31,2265.93
ORD-001870,e3bfcdbd-04e2-4a88-a250-358045a9c86a,3,856.38,2569.14
ORD-001870,67ec5461-6b1d-41ec-84d3-3b4ffe2f9592,2,148.79,297.58
ORD-001871,ef5f3f32-50c4-44aa-a8cf-b70c38a7c67e,1,183.94,183.94
ORD-001871,1bf69c20-872b-4d71-b68d-62ddaa662a91,3,22.43,67.28999999999999
ORD-001871,94ba6334-cdc4-44a9-ab94-f80a2c07b053,2,545.55,1091.1
ORD-001871,da67f0be-e782-4f46-adf3-77b094d80592,3,245.66,736.98
ORD-001872,671a5b36-3c48-4567-a517-7dba3fb1d09f,1,905.55,905.55
ORD-001873,7a5f0e72-27b0-4209-a5fc-b169a612ba9f,2,734.19,1468.38
ORD-001873,9ef2e0e9-2048-4cf7-a441-d92d6fdc3f63,1,868.85,868.85
ORD-001873,5ba9f94f-7c5f-407d-ad88-c5c264376435,3,931.99,2795.9700000000003
ORD-001874,fa407e03-eb2d-4941-86fb-c31db86db758,1,368.49,368.49
ORD-001874,d11a42dd-8e96-4213-9ac0-1c7d97019f1e,3,93.69,281.07
ORD-001874,63c48bf1-fad6-4da1-8140-67b2bb06d791,1,557.5,557.5
ORD-001874,aff02d9a-6315-48db-bf3e-dcdb7e9d4d93,3,20.72,62.16
ORD-001875,0e5bd978-c61f-4398-846f-ef3d11025b05,1,606.92,606.92
ORD-001875,532fb4b4-b30a-4ecd-a59f-88383b1b4111,1,794.4,794.4
ORD-001875,41465d3a-ed68-4b53-8996-44e7f759d179,3,667.73,2003.19
ORD-001876,ee6671b0-66ad-4c31-8384-1f21d0621b8d,2,463.46,926.92
ORD-001876,d74ab3e8-a38b-4065-b223-4565aaade398,1,403.63,403.63
ORD-001876,454b4bb2-e284-45c4-bbdf-2eb6aa50e3f4,2,566.76,1133.52
ORD-001876,aff02d9a-6315-48db-bf3e-dcdb7e9d4d93,3,22.2,66.6
ORD-001876,3f35308c-7fb2-4c8c-8aaa-2f60914da1cc,2,252.92,505.84
ORD-001877,b0d968cc-2620-4a46-9cdc-3171d64b59b6,2,254.11,508.22
ORD-001877,7c34cee5-7109-4ee9-9ee2-570dc90f5978,2,906.85,1813.7
ORD-001878,0dc39a14-a7b4-4bef-aed4-4e5d8a05457e,1,379.16,379.16
ORD-001878,0fa5d429-0e39-4bb5-8b14-2d77fd17e378,2,604.04,1208.08
ORD-001878,df68296b-c1d5-4644-96ef-390a77c22380,2,141.52,283.04
ORD-001878,89b21998-89f0-438d-9c22-841ebc194ee5,1,577.08,577.08
ORD-001879,8899b0dc-71a0-4fa0-a6b0-ac9f5ce7480c,2,18.65,37.3
ORD-001879,e8a79c65-89d1-45db-90cd-7e145b3c7e3a,3,516.79,1550.37
ORD-001879,d1f03c1c-8c75-4b6a-856e-4d8177b8e3b5,2,992.76,1985.52
ORD-001880,45614ebe-6ff3-4afa-b719-15f5a9fb2ecd,3,88.17,264.51
ORD-001880,10f6e3af-8e9e-4f38-811a-f929a91d59eb,3,250.53,751.59
ORD-001881,90ef69e2-4c38-4a58-abf2-7ca075f0ef61,1,371.64,371.64
ORD-001882,3cecfc42-0caa-4b16-8136-54fbbbef5d7e,3,951.5,2854.5
ORD-001882,4f81a909-a41c-4d86-a956-3dfa8676343c,3,626.47,1879.41
ORD-001883,8e0f4ddc-7f59-4218-b3c4-d3f34125168a,3,99.23,297.69
ORD-001884,dc0d3770-971f-4886-a3a5-52d5d3432e38,2,338.15,676.3
ORD-001884,4375b157-2438-422b-aa81-33c6480a48b2,3,336.6,1009.8000000000001
ORD-001884,33842d9c-8a4f-479f-953b-efa0ab91e543,3,632.89,1898.67
ORD-001884,0a803a1e-a34d-4d81-9dec-33146a0142b7,1,169.32,169.32
ORD-001885,60b84dd6-d802-4494-8360-067cf1e8e22e,2,325.81,651.62
ORD-001885,5efd7556-eb0c-4dac-bf16-a67ac3bf34ab,1,468.15,468.15
ORD-001885,8a5a9ca5-73e4-4ebd-91df-9e78783ac1fd,1,31.48,31.48
ORD-001885,fa85c5bc-4464-4fe6-8dbe-c31c9deff2a4,2,187.84,375.68
ORD-001885,7bf80092-7e1d-4c0b-9907-d08c279385b7,3,518.4,1555.1999999999998
ORD-001886,7b766140-2096-40c6-bd41-30e19a9cfa16,1,915.63,915.63
ORD-001886,ede6f4f1-bcc6-44d7-9392-ab4a6ce2a110,2,65.42,130.84
ORD-001887,3a8579a0-82ca-4403-8e61-9e860a8aa440,3,351.82,1055.46
ORD-001887,da67f0be-e782-4f46-adf3-77b094d80592,2,288.43,576.86
ORD-001887,ad82f489-80fb-4ab2-bdcb-13e79d0e35fb,1,683.97,683.97
ORD-001888,6f13ee39-c753-4c6e-a1d5-280ae443373b,1,434.61,434.61
ORD-001888,dc0d3770-971f-4886-a3a5-52d5d3432e38,2,312.66,625.32
ORD-001889,70d242a2-d6e6-49b2-82dd-dc10f9505de7,3,536.52,1609.56
ORD-001889,d08c345b-0596-4dd7-9867-6b5d4077070d,2,123.03,246.06
ORD-001889,5a9eb21e-edd6-45d1-8aca-409e73e04659,3,460.95,1382.85
ORD-001890,dc0d3770-971f-4886-a3a5-52d5d3432e38,1,349.0,349.0
ORD-001890,4b8df45f-8e44-4f15-bd8f-a378a0c58905,3,812.0,2436.0
ORD-001891,366aced0-fca0-4552-b005-693380619df5,3,395.2,1185.6
ORD-001892,1c70a4e2-230e-46e1-9e16-4002dc16d033,2,897.11,1794.22
ORD-001892,67ec5461-6b1d-41ec-84d3-3b4ffe2f9592,3,165.26,495.78
ORD-001892,fb016ade-5c71-45c2-9cf9-04683455a4d4,2,865.04,1730.08
ORD-001892,d772ec05-2262-4b97-8c5b-0d43fe6340db,3,88.66,265.98
ORD-001893,3855fb85-8e60-4c4c-8d0c-d5e1d0b73a24,2,51.35,102.7
ORD-001893,d74ab3e8-a38b-4065-b223-4565aaade398,1,374.91,374.91
ORD-001893,67ec5461-6b1d-41ec-84d3-3b4ffe2f9592,2,152.12,304.24
ORD-001894,52c020c9-f59b-4eb7-a254-a01478fc4614,1,744.43,744.43
ORD-001894,ef5f3f32-50c4-44aa-a8cf-b70c38a7c67e,2,169.07,338.14
ORD-001895,893204df-ac13-4689-9a88-7bca558213da,1,812.11,812.11
ORD-001895,3760e57c-2f23-40d2-ae8d-1b6bcee93dfb,3,440.45,1321.35
ORD-001896,f7e68e0f-782c-4aac-a779-0c44ad195769,1,121.32,121.32
ORD-001897,c3522c3b-6d84-4b59-8d46-dfd3c8e5a9d2,1,395.24,395.24
ORD-001897,d772ec05-2262-4b97-8c5b-0d43fe6340db,3,90.7,272.1
ORD-001897,405bebd4-be7d-4505-a89f-6ef992011c8b,3,863.45,2590.3500000000004
ORD-001897,366aced0-fca0-4552-b005-693380619df5,2,355.16,710.32
ORD-001898,315e1105-d13a-4238-9da3-93dd8555b2b0,3,670.69,2012.0700000000002
ORD-001898,f371f7f7-a2de-4914-8f74-9432cc9522f4,3,678.46,2035.38
ORD-001899,3f35308c-7fb2-4c8c-8aaa-2f60914da1cc,2,251.02,502.04
ORD-001900,33842d9c-8a4f-479f-953b-efa0ab91e543,2,625.55,1251.1
ORD-001900,05d41c69-92c2-48e8-ae4f-ba81c15eb0f9,1,293.15,293.15
ORD-001900,87db6283-4935-4d50-b89b-026c1918a3f4,1,159.26,159.26
ORD-001900,60d6813e-5f16-468e-9c55-9bef30b5a553,1,505.6,505.6
ORD-001900,6f13ee39-c753-4c6e-a1d5-280ae443373b,3,399.55,1198.65
ORD-001901,41465d3a-ed68-4b53-8996-44e7f759d179,1,722.81,722.81
ORD-001901,15725fd3-bcc9-4d75-b86d-13a46fb28e30,1,555.85,555.85
ORD-001902,deff3d30-fa21-4823-b63c-3d4e6842e6c5,1,142.11,142.11
ORD-001902,2aa43396-ca8f-433d-b472-4df14fcbbadf,2,366.28,732.56
ORD-001903,2393bff1-4e45-46ea-a406-e25b2af55019,2,542.99,1085.98
ORD-001903,742d2c92-fcf6-4364-9bde-4490b7e5bb90,3,921.25,2763.75
ORD-001904,742d2c92-fcf6-4364-9bde-4490b7e5bb90,3,849.43,2548.29
ORD-001905,acbfdf46-7f51-4371-bcd1-bd2f84a61541,2,145.19,290.38
ORD-001906,e8a79c65-89d1-45db-90cd-7e145b3c7e3a,1,572.22,572.22
ORD-001907,1bf69c20-872b-4d71-b68d-62ddaa662a91,2,22.56,45.12
ORD-001907,b93cddf2-6537-4127-8ce2-624f9aa29834,2,217.13,434.26
ORD-001907,6382aa8f-7015-49da-8e2b-33206e5d3fb4,2,25.28,50.56
ORD-001907,366aced0-fca0-4552-b005-693380619df5,3,409.73,1229.19
ORD-001908,10f847f0-0a23-402a-bb45-480ffa6e1098,3,256.55,769.6500000000001
ORD-001908,94ba6334-cdc4-44a9-ab94-f80a2c07b053,2,600.13,1200.26
ORD-001908,85426297-26fc-49a2-a69e-0a4e6af9a45c,1,424.67,424.67
ORD-001909,ef5f3f32-50c4-44aa-a8cf-b70c38a7c67e,1,163.13,163.13
ORD-001909,a41172e5-d44c-45e7-a8b1-243eee76a01d,1,357.24,357.24
ORD-001909,5ba9f94f-7c5f-407d-ad88-c5c264376435,2,892.81,1785.62
ORD-001909,23ee362b-698c-426d-b18f-b3237ab9e2e7,1,306.45,306.45
ORD-001910,c3522c3b-6d84-4b59-8d46-dfd3c8e5a9d2,2,455.34,910.68
ORD-001911,cc50103c-c090-40dd-b09e-129491b983e4,3,433.84,1301.52
ORD-001911,419ec84b-1236-48c4-8bc5-a1a124851553,1,958.61,958.61
ORD-001911,45b5ae49-50c4-4c7a-bc7f-d2216d170c3f,3,220.19,660.5699999999999
ORD-001911,3f35308c-7fb2-4c8c-8aaa-2f60914da1cc,2,261.89,523.78
ORD-001911,85426297-26fc-49a2-a69e-0a4e6af9a45c,3,484.93,1454.79
ORD-001912,6f13ee39-c753-4c6e-a1d5-280ae443373b,3,369.91,1109.73
ORD-001913,f10acdec-95f8-4977-a21d-8254c9fbf5ba,1,375.88,375.88
ORD-001914,caf918e8-9227-4c43-a07c-5d2636c70c4a,3,157.76,473.28
ORD-001914,454b4bb2-e284-45c4-bbdf-2eb6aa50e3f4,1,534.32,534.32
ORD-001915,ede6f4f1-bcc6-44d7-9392-ab4a6ce2a110,2,65.97,131.94
ORD-001915,b0d968cc-2620-4a46-9cdc-3171d64b59b6,1,251.53,251.53
ORD-001915,74d41359-c624-44ba-8f3e-f9a3c9978f5a,3,508.0,1524.0
ORD-001915,ca25b56a-0fbb-4e75-90e5-e214ad3b390d,1,582.78,582.78
ORD-001915,d1f03c1c-8c75-4b6a-856e-4d8177b8e3b5,3,989.88,2969.64
ORD-001916,aff02d9a-6315-48db-bf3e-dcdb7e9d4d93,2,23.74,47.48
ORD-001916,fd3507a2-3ab7-491f-984f-099ccd09eb79,3,850.74,2552.2200000000003
ORD-001917,faab82fa-51cf-4676-bff7-2f7bf7b28cf3,1,709.87,709.87
ORD-001918,9be2b865-2317-4f5b-b405-3f012f0bb8fb,2,44.07,88.14
ORD-001918,193b42ad-40fd-462a-b98e-b77cc9f6e888,1,39.82,39.82
ORD-001918,bce24858-fad5-4c3f-98b1-e71187222c2b,3,475.61,1426.83
ORD-001918,3760e57c-2f23-40d2-ae8d-1b6bcee93dfb,1,453.67,453.67
ORD-001919,68d81f9a-9cc0-4b20-9838-257ad1927777,1,118.4,118.4
ORD-001919,6382aa8f-7015-49da-8e2b-33206e5d3fb4,2,27.2,54.4
ORD-001920,4f81a909-a41c-4d86-a956-3dfa8676343c,3,677.38,2032.1399999999999
ORD-001921,4208330c-150b-463f-a7c7-0673090914e8,1,543.25,543.25
ORD-001921,9be2b865-2317-4f5b-b405-3f012f0bb8fb,1,38.5,38.5
ORD-001921,75be87b1-b37b-4a23-aed6-08cc34a651ac,3,386.94,1160.82
ORD-001921,74d41359-c624-44ba-8f3e-f9a3c9978f5a,1,502.9,502.9
ORD-001922,405ad395-d291-49d4-9bd4-d211ffc22eea,1,529.73,529.73
ORD-001922,bfc6e01d-0aeb-4c5c-906e-9c4b32bd6a2c,3,444.49,1333.47
ORD-001923,dc0d3770-971f-4886-a3a5-52d5d3432e38,3,356.2,1068.6
ORD-001923,2a9062a5-1a82-4732-863d-fa089ad07586,2,560.57,1121.14
ORD-001923,912e9f9e-9d04-46c6-a552-0b9dd7ce2734,2,900.14,1800.28
ORD-001923,71cc17b0-7afa-4146-b237-990ccd566c1c,3,561.92,1685.7599999999998
ORD-001923,f04f4f12-96b4-4d8e-aada-f268607e003c,3,697.02,2091.06
ORD-001924,da096c2a-6ee1-4f2c-83b3-0f2f76fe15c9,2,162.06,324.12
ORD-001925,c5cb56bf-36b3-4b90-9e9f-1e49aa762838,2,712.0,1424.0
ORD-001926,2f0b1d71-f73d-47c1-b0be-55161f273d55,1,746.95,746.95
ORD-001926,da096c2a-6ee1-4f2c-83b3-0f2f76fe15c9,3,149.28,447.84000000000003
ORD-001927,ca25b56a-0fbb-4e75-90e5-e214ad3b390d,1,625.66,625.66
ORD-001927,5e97e495-e132-433b-9087-b8df43ed91c6,2,96.86,193.72
ORD-001928,21f90a72-45a0-4a27-aeaa-7f370cca438e,2,100.49,200.98
ORD-001929,10f6e3af-8e9e-4f38-811a-f929a91d59eb,3,246.89,740.67
ORD-001929,ee6204b7-db26-4235-8b62-6e5b3224061d,2,827.28,1654.56
ORD-001930,ba6ea82d-d057-4aef-8f9e-030ff94edeea,3,43.33,129.99
ORD-001930,99371c9b-acdd-4ec1-8eb4-e4d45fffae47,2,318.28,636.56
ORD-001931,4b62729d-5443-4aea-9021-7b3065cb276f,3,834.87,2504.61
ORD-001931,4b8df45f-8e44-4f15-bd8f-a378a0c58905,3,834.92,2504.7599999999998
ORD-001932,acbfdf46-7f51-4371-bcd1-bd2f84a61541,3,151.17,453.51
ORD-001932,8c205c60-3b62-4af1-8e3b-6d36315814ae,3,1055.81,3167.43
ORD-001932,8899b0dc-71a0-4fa0-a6b0-ac9f5ce7480c,1,18.45,18.45
ORD-001933,60d6813e-5f16-468e-9c55-9bef30b5a553,2,582.89,1165.78
ORD-001934,6672fd4f-9690-4544-a0aa-73d3d13c3143,1,831.44,831.44
ORD-001934,9bc4a986-aa96-4d57-b920-cf93e12654d8,3,254.42,763.26
ORD-001934,45b5ae49-50c4-4c7a-bc7f-d2216d170c3f,3,218.65,655.95
ORD-001934,0455be0d-d01b-4d23-9869-de8d353d91ad,3,812.3,2436.8999999999996
ORD-001934,74d41359-c624-44ba-8f3e-f9a3c9978f5a,2,509.84,1019.68
ORD-001935,0d7a085b-b4d5-419f-ad5e-9f79d6908bb0,1,827.53,827.53
ORD-001935,41465d3a-ed68-4b53-8996-44e7f759d179,3,717.77,2153.31
ORD-001935,419ec84b-1236-48c4-8bc5-a1a124851553,2,926.97,1853.94
ORD-001935,60d6813e-5f16-468e-9c55-9bef30b5a553,3,556.17,1668.5099999999998
ORD-001936,1a037248-f604-4a40-8f01-a1ec98cba9ba,2,926.21,1852.42
ORD-001936,fa85c5bc-4464-4fe6-8dbe-c31c9deff2a4,1,188.13,188.13
ORD-001936,3278b24e-b3ba-4f5e-b1ac-eee48208f7d9,1,904.01,904.01
ORD-001936,315e1105-d13a-4238-9da3-93dd8555b2b0,3,730.59,2191.77
ORD-001936,da096c2a-6ee1-4f2c-83b3-0f2f76fe15c9,1,145.96,145.96
ORD-001937,85426297-26fc-49a2-a69e-0a4e6af9a45c,3,428.85,1286.5500000000002
ORD-001937,10f6e3af-8e9e-4f38-811a-f929a91d59eb,2,248.8,497.6
ORD-001937,33842d9c-8a4f-479f-953b-efa0ab91e543,3,722.34,2167.02
ORD-001937,90ef69e2-4c38-4a58-abf2-7ca075f0ef61,1,442.29,442.29
ORD-001937,aaac043e-d176-493d-8b2f-408bdd5e57ad,2,445.69,891.38
ORD-001938,45614ebe-6ff3-4afa-b719-15f5a9fb2ecd,1,97.11,97.11
ORD-001938,89b21998-89f0-438d-9c22-841ebc194ee5,3,654.31,1962.9299999999998
ORD-001938,70d242a2-d6e6-49b2-82dd-dc10f9505de7,1,484.89,484.89
ORD-001938,94ba6334-cdc4-44a9-ab94-f80a2c07b053,1,530.52,530.52
ORD-001938,10483ae3-3fc2-4384-bd7a-62aea10b3754,1,706.01,706.01
ORD-001939,5ba9f94f-7c5f-407d-ad88-c5c264376435,2,823.95,1647.9
ORD-001939,bfc6e01d-0aeb-4c5c-906e-9c4b32bd6a2c,3,469.98,1409.94
ORD-001939,c5ff2331-db2f-4ecd-a938-d8b6c34e174d,1,837.45,837.45
ORD-001939,ef5f3f32-50c4-44aa-a8cf-b70c38a7c67e,1,166.32,166.32
ORD-001940,da096c2a-6ee1-4f2c-83b3-0f2f76fe15c9,1,133.77,133.77
ORD-001941,33b1781a-3a1b-419d-ab45-8633ffb25560,3,282.44,847.3199999999999
ORD-001941,4b8df45f-8e44-4f15-bd8f-a378a0c58905,2,780.56,1561.12
ORD-001942,2393bff1-4e45-46ea-a406-e25b2af55019,3,548.54,1645.62
ORD-001942,94cae71c-088a-4a34-a24f-4a036fd8264a,2,563.02,1126.04
ORD-001943,70d242a2-d6e6-49b2-82dd-dc10f9505de7,2,493.86,987.72
ORD-001943,5365a6b3-f8c1-4cba-b21f-bda73e899461,1,146.89,146.89
ORD-001943,ad82f489-80fb-4ab2-bdcb-13e79d0e35fb,2,668.74,1337.48
ORD-001943,23584003-2f84-4c24-b742-910c8bd156f0,1,534.93,534.93
ORD-001943,74d41359-c624-44ba-8f3e-f9a3c9978f5a,1,507.94,507.94
ORD-001944,420bcdba-4659-4262-8b2a-e1be49145905,1,234.02,234.02
ORD-001944,e8a79c65-89d1-45db-90cd-7e145b3c7e3a,3,524.81,1574.4299999999998
ORD-001944,6ebe25ff-c064-4e89-8b8a-59882bad12d8,1,180.7,180.7
ORD-001944,dc0d3770-971f-4886-a3a5-52d5d3432e38,2,318.22,636.44
ORD-001945,742d2c92-fcf6-4364-9bde-4490b7e5bb90,3,951.74,2855.2200000000003
ORD-001945,faab82fa-51cf-4676-bff7-2f7bf7b28cf3,2,707.13,1414.26
ORD-001945,4375b157-2438-422b-aa81-33c6480a48b2,3,282.03,846.0899999999999
ORD-001945,ff22512f-6c6f-4752-9f58-caec61b6cb91,2,682.07,1364.14
ORD-001946,5efd7556-eb0c-4dac-bf16-a67ac3bf34ab,2,437.02,874.04
ORD-001946,4e71de59-4d7f-4ba4-908e-5b6eb0550621,3,822.9,2468.7
ORD-001946,0fa5d429-0e39-4bb5-8b14-2d77fd17e378,1,543.28,543.28
ORD-001946,2921a438-07b9-461e-95bf-ae0600aa711e,1,246.54,246.54
ORD-001946,2e8fd2aa-3e7f-4fb1-aa6b-1c3738a5a388,3,519.07,1557.21
ORD-001947,93f20425-7de0-47b2-9093-f087c2711366,2,711.64,1423.28
ORD-001947,63c48bf1-fad6-4da1-8140-67b2bb06d791,3,660.39,1981.17
ORD-001947,bd7b09b1-2139-484c-975c-6adc6bf68daa,2,202.94,405.88
ORD-001948,28ceec8b-a2b2-40ba-a0f6-14292187fede,2,835.17,1670.34
ORD-001948,fcbb56a1-b862-4fb2-88fe-ed0472814307,2,376.68,753.36
ORD-001948,050d253d-22dc-473f-813b-6faf3727d9a4,1,325.86,325.86
ORD-001948,f7e68e0f-782c-4aac-a779-0c44ad195769,1,116.14,116.14
ORD-001948,33842d9c-8a4f-479f-953b-efa0ab91e543,2,695.51,1391.02
ORD-001949,0455be0d-d01b-4d23-9869-de8d353d91ad,2,779.69,1559.38
ORD-001949,dc0d3770-971f-4886-a3a5-52d5d3432e38,1,354.13,354.13
ORD-001949,26dc7e49-f0e9-49a9-a86d-6d43c48fcb61,1,521.0,521.0
ORD-001950,bce24858-fad5-4c3f-98b1-e71187222c2b,2,458.31,916.62
ORD-001950,c5cb56bf-36b3-4b90-9e9f-1e49aa762838,2,677.23,1354.46
ORD-001950,ca25b56a-0fbb-4e75-90e5-e214ad3b390d,2,659.82,1319.64
ORD-001951,9ef2e0e9-2048-4cf7-a441-d92d6fdc3f63,3,869.97,2609.91
ORD-001951,5ba9f94f-7c5f-407d-ad88-c5c264376435,2,830.21,1660.42
ORD-001951,e3bfcdbd-04e2-4a88-a250-358045a9c86a,1,848.01,848.01
ORD-001952,3760e57c-2f23-40d2-ae8d-1b6bcee93dfb,1,420.55,420.55
ORD-001952,1bf69c20-872b-4d71-b68d-62ddaa662a91,1,24.01,24.01
ORD-001952,90ef69e2-4c38-4a58-abf2-7ca075f0ef61,2,388.85,777.7
ORD-001953,2921a438-07b9-461e-95bf-ae0600aa711e,1,225.31,225.31
ORD-001953,05d41c69-92c2-48e8-ae4f-ba81c15eb0f9,1,274.66,274.66
ORD-001953,a6abb6d5-04a1-44a8-ab10-f1f274300e03,3,803.93,2411.79
ORD-001953,f9fc8038-04f0-432b-a50c-a7a5af2a2345,1,12.44,12.44
ORD-001953,ab85e304-fe27-44fd-b1ac-6bb0bc578a3e,1,1022.59,1022.59
ORD-001954,3f35308c-7fb2-4c8c-8aaa-2f60914da1cc,3,281.54,844.6200000000001
ORD-001954,89b21998-89f0-438d-9c22-841ebc194ee5,2,574.26,1148.52
ORD-001955,ff22512f-6c6f-4752-9f58-caec61b6cb91,3,597.97,1793.91
ORD-001955,75be87b1-b37b-4a23-aed6-08cc34a651ac,2,407.15,814.3
ORD-001955,fa407e03-eb2d-4941-86fb-c31db86db758,3,350.13,1050.3899999999999
ORD-001955,fa85c5bc-4464-4fe6-8dbe-c31c9deff2a4,3,166.43,499.29
ORD-001955,2393bff1-4e45-46ea-a406-e25b2af55019,1,547.4,547.4
ORD-001956,1bf69c20-872b-4d71-b68d-62ddaa662a91,1,22.88,22.88
ORD-001956,9a612763-a18d-4647-9ea3-77af34124d8a,2,310.1,620.2
ORD-001956,3cecfc42-0caa-4b16-8136-54fbbbef5d7e,1,1075.34,1075.34
ORD-001957,3278b24e-b3ba-4f5e-b1ac-eee48208f7d9,2,778.51,1557.02
ORD-001958,ad82f489-80fb-4ab2-bdcb-13e79d0e35fb,2,608.07,1216.14
ORD-001959,63a41a01-c853-4665-b54a-1ee98a25cc24,2,568.89,1137.78
ORD-001959,93f20425-7de0-47b2-9093-f087c2711366,2,789.56,1579.12
ORD-001959,a6abb6d5-04a1-44a8-ab10-f1f274300e03,2,904.75,1809.5
ORD-001960,742d2c92-fcf6-4364-9bde-4490b7e5bb90,1,982.75,982.75
ORD-001960,faab82fa-51cf-4676-bff7-2f7bf7b28cf3,2,662.27,1324.54
ORD-001960,85426297-26fc-49a2-a69e-0a4e6af9a45c,3,425.04,1275.1200000000001
ORD-001961,d74ab3e8-a38b-4065-b223-4565aaade398,2,362.58,725.16
ORD-001961,ca25b56a-0fbb-4e75-90e5-e214ad3b390d,3,574.6,1723.8000000000002
ORD-001962,4375b157-2438-422b-aa81-33c6480a48b2,1,292.59,292.59
ORD-001962,a6abb6d5-04a1-44a8-ab10-f1f274300e03,1,863.13,863.13
ORD-001962,909c4825-1e5b-4389-b3fa-c87e6de42a78,2,497.02,994.04
ORD-001962,9be2b865-2317-4f5b-b405-3f012f0bb8fb,1,42.08,42.08
ORD-001962,55ecc7b8-3b15-452b-b56f-ed44d9daea49,1,834.63,834.63
ORD-001963,63a41a01-c853-4665-b54a-1ee98a25cc24,2,622.07,1244.14
ORD-001963,dc0d3770-971f-4886-a3a5-52d5d3432e38,3,323.89,971.67
ORD-001964,3693fe0b-4ec7-46b0-a018-f78f6cbd809b,2,442.9,885.8
ORD-001965,f9fc8038-04f0-432b-a50c-a7a5af2a2345,2,12.2,24.4
ORD-001966,7c34cee5-7109-4ee9-9ee2-570dc90f5978,2,825.99,1651.98
ORD-001967,3f35308c-7fb2-4c8c-8aaa-2f60914da1cc,3,242.56,727.6800000000001
ORD-001967,21f90a72-45a0-4a27-aeaa-7f370cca438e,2,96.07,192.14
ORD-001967,fd3507a2-3ab7-491f-984f-099ccd09eb79,2,967.54,1935.08
ORD-001968,d08c345b-0596-4dd7-9867-6b5d4077070d,2,120.97,241.94
ORD-001969,5a9eb21e-edd6-45d1-8aca-409e73e04659,1,445.04,445.04
ORD-001969,4ff0f9b1-185b-464f-a09f-8af3db013013,2,404.15,808.3
ORD-001969,74d41359-c624-44ba-8f3e-f9a3c9978f5a,1,569.01,569.01
ORD-001969,0166f91f-430b-4bdb-9f7a-561e622896ec,2,700.69,1401.38
ORD-001970,8569c478-c99b-4c60-be7e-5a1563b3a4e2,2,495.67,991.34
ORD-001970,893204df-ac13-4689-9a88-7bca558213da,3,799.74,2399.2200000000003
ORD-001971,fa85c5bc-4464-4fe6-8dbe-c31c9deff2a4,2,188.75,377.5
ORD-001971,742d2c92-fcf6-4364-9bde-4490b7e5bb90,2,838.91,1677.82
ORD-001971,193b42ad-40fd-462a-b98e-b77cc9f6e888,3,43.21,129.63
ORD-001971,9a612763-a18d-4647-9ea3-77af34124d8a,1,349.73,349.73
ORD-001972,2f0b1d71-f73d-47c1-b0be-55161f273d55,2,724.39,1448.78
ORD-001972,5ba9f94f-7c5f-407d-ad88-c5c264376435,3,777.01,2331.0299999999997
ORD-001972,6672fd4f-9690-4544-a0aa-73d3d13c3143,1,896.61,896.61
ORD-001972,f04f4f12-96b4-4d8e-aada-f268607e003c,3,729.51,2188.5299999999997
ORD-001972,5495fe5e-67f1-4652-aedc-41136b95eee7,1,368.58,368.58
ORD-001973,0d7a085b-b4d5-419f-ad5e-9f79d6908bb0,2,883.46,1766.92
ORD-001973,45614ebe-6ff3-4afa-b719-15f5a9fb2ecd,1,96.88,96.88
ORD-001973,60b84dd6-d802-4494-8360-067cf1e8e22e,2,297.29,594.58
ORD-001973,909c4825-1e5b-4389-b3fa-c87e6de42a78,3,572.21,1716.63
ORD-001973,8a5a9ca5-73e4-4ebd-91df-9e78783ac1fd,2,34.47,68.94
ORD-001974,0dc39a14-a7b4-4bef-aed4-4e5d8a05457e,3,355.45,1066.35
ORD-001974,10483ae3-3fc2-4384-bd7a-62aea10b3754,2,747.49,1494.98
ORD-001974,bd7b09b1-2139-484c-975c-6adc6bf68daa,3,220.32,660.96
ORD-001974,7425f7d5-c9e3-4485-b539-cf6ebe8f8a25,2,835.68,1671.36
ORD-001974,ad82f489-80fb-4ab2-bdcb-13e79d0e35fb,2,610.6,1221.2
ORD-001975,7a5f0e72-27b0-4209-a5fc-b169a612ba9f,1,855.98,855.98
ORD-001975,6e0a26d0-33df-4412-83c4-f2d36c0ac262,3,815.21,2445.63
ORD-001975,da67f0be-e782-4f46-adf3-77b094d80592,3,245.37,736.11
ORD-001975,ee6671b0-66ad-4c31-8384-1f21d0621b8d,1,405.13,405.13
ORD-001975,b70acae6-2103-41b9-a113-f23f9b293a5d,3,417.89,1253.67
ORD-001976,41a3d19b-1c8e-4a8e-a78e-e77252917c55,1,653.05,653.05
ORD-001977,60b84dd6-d802-4494-8360-067cf1e8e22e,1,308.81,308.81
ORD-001977,c5ff2331-db2f-4ecd-a938-d8b6c34e174d,2,823.45,1646.9
ORD-001977,21f90a72-45a0-4a27-aeaa-7f370cca438e,3,88.17,264.51
ORD-001977,aaac043e-d176-493d-8b2f-408bdd5e57ad,2,458.28,916.56
ORD-001978,454b7ebc-fee8-4590-a620-8eb467fecb64,2,606.45,1212.9
ORD-001978,8d81191f-438b-4926-bebb-c3e8f4501a6a,1,603.23,603.23
ORD-001979,8899b0dc-71a0-4fa0-a6b0-ac9f5ce7480c,1,19.91,19.91
ORD-001980,8be9d6b9-e56b-4c5e-a460-748e7c075dae,3,595.47,1786.41
ORD-001980,0ec71bd2-524d-47f9-9684-3a2ea9fea671,1,108.32,108.32
ORD-001980,def4bb75-19e7-4d7c-8886-339395c44fc5,3,1096.47,3289.41
ORD-001980,2f0b1d71-f73d-47c1-b0be-55161f273d55,2,775.97,1551.94
ORD-001981,71cc17b0-7afa-4146-b237-990ccd566c1c,3,473.3,1419.9
ORD-001981,cc9e8554-b363-43de-94d4-cd8918d96dfb,1,485.93,485.93
ORD-001981,04f3f45b-d1d2-468f-926f-a20d38ffcf53,3,691.09,2073.27
ORD-001982,70d242a2-d6e6-49b2-82dd-dc10f9505de7,3,537.05,1611.1499999999999
ORD-001982,d74ab3e8-a38b-4065-b223-4565aaade398,1,374.38,374.38
ORD-001982,94ba6334-cdc4-44a9-ab94-f80a2c07b053,3,522.33,1566.9900000000002
ORD-001982,5f4b66a4-629f-416e-bdb6-36f673204882,2,383.4,766.8
ORD-001982,6382aa8f-7015-49da-8e2b-33206e5d3fb4,2,27.32,54.64
ORD-001983,33b1781a-3a1b-419d-ab45-8633ffb25560,3,283.75,851.25
ORD-001984,99371c9b-acdd-4ec1-8eb4-e4d45fffae47,3,304.12,912.36
ORD-001985,acbfdf46-7f51-4371-bcd1-bd2f84a61541,1,139.68,139.68
ORD-001985,d08c345b-0596-4dd7-9867-6b5d4077070d,2,111.03,222.06
ORD-001985,5efd7556-eb0c-4dac-bf16-a67ac3bf34ab,3,433.23,1299.69
ORD-001986,fcbb56a1-b862-4fb2-88fe-ed0472814307,1,383.44,383.44
ORD-001987,ad82f489-80fb-4ab2-bdcb-13e79d0e35fb,2,586.05,1172.1
ORD-001987,3f35308c-7fb2-4c8c-8aaa-2f60914da1cc,2,249.61,499.22
ORD-001987,b70acae6-2103-41b9-a113-f23f9b293a5d,1,429.37,429.37
ORD-001987,4b62729d-5443-4aea-9021-7b3065cb276f,1,788.86,788.86
ORD-001988,5f4b66a4-629f-416e-bdb6-36f673204882,1,441.78,441.78
ORD-001988,3d75e4dd-8c0d-4ca1-b8fc-94899558f59d,3,292.92,878.76
ORD-001988,52c020c9-f59b-4eb7-a254-a01478fc4614,2,730.72,1461.44
ORD-001988,6e0a26d0-33df-4412-83c4-f2d36c0ac262,1,848.47,848.47
ORD-001988,0a803a1e-a34d-4d81-9dec-33146a0142b7,3,165.1,495.29999999999995
ORD-001989,68457cfd-15e1-4596-a81f-3df9fe90b61c,2,718.77,1437.54
ORD-001989,10f6e3af-8e9e-4f38-811a-f929a91d59eb,2,220.6,441.2
ORD-001989,6672fd4f-9690-4544-a0aa-73d3d13c3143,2,769.87,1539.74
ORD-001989,3f35308c-7fb2-4c8c-8aaa-2f60914da1cc,3,249.56,748.6800000000001
ORD-001989,6382aa8f-7015-49da-8e2b-33206e5d3fb4,3,25.68,77.03999999999999
ORD-001990,deebf19b-f879-4e94-96dd-7544e5a8241b,1,947.51,947.51
ORD-001990,ab85e304-fe27-44fd-b1ac-6bb0bc578a3e,3,910.44,2731.32
ORD-001990,ba6ea82d-d057-4aef-8f9e-030ff94edeea,2,48.51,97.02
ORD-001990,bf47ea32-f0cd-4cbe-89ea-3949a76eb378,2,465.48,930.96
ORD-001990,532fb4b4-b30a-4ecd-a59f-88383b1b4111,3,877.43,2632.29
ORD-001991,fa85c5bc-4464-4fe6-8dbe-c31c9deff2a4,2,163.49,326.98
ORD-001991,7f860829-11cb-4357-9a02-efdfb77649ae,2,676.96,1353.92
ORD-001991,dc0d3770-971f-4886-a3a5-52d5d3432e38,2,315.57,631.14
ORD-001991,f04f4f12-96b4-4d8e-aada-f268607e003c,1,644.42,644.42
ORD-001992,0ec71bd2-524d-47f9-9684-3a2ea9fea671,1,110.06,110.06
ORD-001992,21f90a72-45a0-4a27-aeaa-7f370cca438e,3,99.41,298.23
ORD-001992,1f2074d5-523f-42fc-b2e4-847619e94cc4,2,11.05,22.1
ORD-001992,e8a79c65-89d1-45db-90cd-7e145b3c7e3a,2,489.39,978.78
ORD-001992,4ff0f9b1-185b-464f-a09f-8af3db013013,1,388.92,388.92
ORD-001993,9bc4a986-aa96-4d57-b920-cf93e12654d8,2,230.36,460.72
ORD-001993,7bf80092-7e1d-4c0b-9907-d08c279385b7,1,522.81,522.81
ORD-001993,893204df-ac13-4689-9a88-7bca558213da,3,722.0,2166.0
ORD-001993,85426297-26fc-49a2-a69e-0a4e6af9a45c,2,421.15,842.3
ORD-001994,8569c478-c99b-4c60-be7e-5a1563b3a4e2,1,576.57,576.57
ORD-001995,bf47ea32-f0cd-4cbe-89ea-3949a76eb378,3,546.73,1640.19
ORD-001995,ad82f489-80fb-4ab2-bdcb-13e79d0e35fb,2,636.76,1273.52
ORD-001995,94ba6334-cdc4-44a9-ab94-f80a2c07b053,3,622.51,1867.53
ORD-001996,23584003-2f84-4c24-b742-910c8bd156f0,1,551.59,551.59
ORD-001997,4ff0f9b1-185b-464f-a09f-8af3db013013,1,367.28,367.28
ORD-001997,0a803a1e-a34d-4d81-9dec-33146a0142b7,2,163.73,327.46
ORD-001998,9bc4a986-aa96-4d57-b920-cf93e12654d8,1,243.59,243.59
ORD-001998,41465d3a-ed68-4b53-8996-44e7f759d179,2,703.45,1406.9
ORD-001998,41a3d19b-1c8e-4a8e-a78e-e77252917c55,2,628.13,1256.26
ORD-001998,21f90a72-45a0-4a27-aeaa-7f370cca438e,3,86.9,260.70000000000005
ORD-001998,9077a69a-7977-4d2e-bee5-aadf01e84cc6,2,987.64,1975.28
ORD-001999,df68296b-c1d5-4644-96ef-390a77c22380,1,139.05,139.05
ORD-001999,2921a438-07b9-461e-95bf-ae0600aa711e,2,238.16,476.32
ORD-001999,050d253d-22dc-473f-813b-6faf3727d9a4,3,358.09,1074.27
ORD-001999,5e97e495-e132-433b-9087-b8df43ed91c6,3,103.66,310.98
ORD-001999,ad82f489-80fb-4ab2-bdcb-13e79d0e35fb,1,641.09,641.09
ORD-002000,99371c9b-acdd-4ec1-8eb4-e4d45fffae47,3,306.84,920.52
ORD-002000,fd8ababa-b19a-4e03-9b81-8402dc09b8b0,2,320.57,641.14
ORD-002000,fb016ade-5c71-45c2-9cf9-04683455a4d4,2,809.69,1619.38
ORD-002001,fa85c5bc-4464-4fe6-8dbe-c31c9deff2a4,3,181.06,543.1800000000001
ORD-002001,63a41a01-c853-4665-b54a-1ee98a25cc24,2,530.46,1060.92
ORD-002001,3cecfc42-0caa-4b16-8136-54fbbbef5d7e,2,907.64,1815.28
ORD-002002,4375b157-2438-422b-aa81-33c6480a48b2,3,338.29,1014.8700000000001
ORD-002002,90cd07ed-a352-4b36-a0cc-b00bc3a206d0,1,15.24,15.24
ORD-002002,d11a42dd-8e96-4213-9ac0-1c7d97019f1e,2,94.21,188.42
ORD-002002,52c020c9-f59b-4eb7-a254-a01478fc4614,2,798.51,1597.02
ORD-002003,193b42ad-40fd-462a-b98e-b77cc9f6e888,3,42.6,127.80000000000001
ORD-002003,2aa43396-ca8f-433d-b472-4df14fcbbadf,3,394.77,1184.31
ORD-002004,c5cb56bf-36b3-4b90-9e9f-1e49aa762838,3,639.78,1919.34
ORD-002004,ef7d92e4-6287-4a2d-8551-d5d2a4a51d5d,1,652.88,652.88
ORD-002004,6f13ee39-c753-4c6e-a1d5-280ae443373b,2,417.53,835.06
ORD-002005,7f860829-11cb-4357-9a02-efdfb77649ae,1,696.91,696.91
ORD-002006,28ceec8b-a2b2-40ba-a0f6-14292187fede,2,736.95,1473.9
ORD-002007,937bff8a-d5ab-43ab-b22a-f408ac90f9f1,1,997.15,997.15
ORD-002008,aaac043e-d176-493d-8b2f-408bdd5e57ad,1,458.14,458.14
ORD-002008,bf47ea32-f0cd-4cbe-89ea-3949a76eb378,1,522.76,522.76
ORD-002009,9ef2e0e9-2048-4cf7-a441-d92d6fdc3f63,3,835.34,2506.02
ORD-002010,85426297-26fc-49a2-a69e-0a4e6af9a45c,1,422.22,422.22
ORD-002010,d08c345b-0596-4dd7-9867-6b5d4077070d,2,112.17,224.34
ORD-002011,ef7d92e4-6287-4a2d-8551-d5d2a4a51d5d,3,660.86,1982.58
ORD-002011,10f6e3af-8e9e-4f38-811a-f929a91d59eb,3,224.17,672.51
ORD-002011,a6abb6d5-04a1-44a8-ab10-f1f274300e03,2,835.91,1671.82
ORD-002011,315e1105-d13a-4238-9da3-93dd8555b2b0,1,729.66,729.66
ORD-002011,b93cddf2-6537-4127-8ce2-624f9aa29834,3,209.38,628.14
ORD-002012,37e48379-d810-4be1-90e2-195c0f2f6de5,1,198.69,198.69
ORD-002012,41465d3a-ed68-4b53-8996-44e7f759d179,1,631.12,631.12
ORD-002012,4f81a909-a41c-4d86-a956-3dfa8676343c,2,625.37,1250.74
ORD-002013,63a41a01-c853-4665-b54a-1ee98a25cc24,2,532.21,1064.42
ORD-002013,fa85c5bc-4464-4fe6-8dbe-c31c9deff2a4,2,189.14,378.28
ORD-002013,5a9eb21e-edd6-45d1-8aca-409e73e04659,3,417.12,1251.3600000000001
ORD-002013,742d2c92-fcf6-4364-9bde-4490b7e5bb90,1,861.91,861.91
ORD-002013,1bf69c20-872b-4d71-b68d-62ddaa662a91,1,24.11,24.11
ORD-002014,97d6315b-705c-4cdf-a248-799ac6907757,2,46.21,92.42
ORD-002014,cc50103c-c090-40dd-b09e-129491b983e4,3,416.04,1248.1200000000001
ORD-002015,ca25b56a-0fbb-4e75-90e5-e214ad3b390d,3,650.99,1952.97
ORD-002016,ae458e21-3770-4079-9fed-c30b7ac9308d,1,872.11,872.11
ORD-002016,0455be0d-d01b-4d23-9869-de8d353d91ad,1,673.45,673.45
ORD-002016,e4f440b3-e2e8-4c4c-b460-5938baf5fc34,1,699.54,699.54
ORD-002016,cc9e8554-b363-43de-94d4-cd8918d96dfb,2,459.1,918.2
ORD-002017,10f6e3af-8e9e-4f38-811a-f929a91d59eb,1,242.22,242.22
ORD-002018,ae458e21-3770-4079-9fed-c30b7ac9308d,3,779.31,2337.93
ORD-002018,bfc6e01d-0aeb-4c5c-906e-9c4b32bd6a2c,3,422.88,1268.6399999999999
ORD-002018,55ecc7b8-3b15-452b-b56f-ed44d9daea49,2,855.47,1710.94
ORD-002018,cc9e8554-b363-43de-94d4-cd8918d96dfb,3,420.37,1261.1100000000001
ORD-002019,fcbb56a1-b862-4fb2-88fe-ed0472814307,1,368.21,368.21
ORD-002019,bf47ea32-f0cd-4cbe-89ea-3949a76eb378,2,481.0,962.0
ORD-002019,5efd7556-eb0c-4dac-bf16-a67ac3bf34ab,2,511.39,1022.78
ORD-002020,a6abb6d5-04a1-44a8-ab10-f1f274300e03,3,851.4,2554.2
ORD-002020,a41172e5-d44c-45e7-a8b1-243eee76a01d,1,400.69,400.69
ORD-002021,ad82f489-80fb-4ab2-bdcb-13e79d0e35fb,1,582.86,582.86
ORD-002021,f10acdec-95f8-4977-a21d-8254c9fbf5ba,3,371.53,1114.59
ORD-002022,90cd07ed-a352-4b36-a0cc-b00bc3a206d0,1,14.86,14.86
ORD-002022,68457cfd-15e1-4596-a81f-3df9fe90b61c,2,709.13,1418.26
ORD-002022,3cecfc42-0caa-4b16-8136-54fbbbef5d7e,1,888.34,888.34
ORD-002022,3693fe0b-4ec7-46b0-a018-f78f6cbd809b,2,402.9,805.8
ORD-002023,e8a79c65-89d1-45db-90cd-7e145b3c7e3a,1,594.29,594.29
ORD-002023,da67f0be-e782-4f46-adf3-77b094d80592,1,273.31,273.31
ORD-002023,10f847f0-0a23-402a-bb45-480ffa6e1098,3,294.82,884.46
ORD-002023,8d81191f-438b-4926-bebb-c3e8f4501a6a,1,597.33,597.33
ORD-002024,0dc39a14-a7b4-4bef-aed4-4e5d8a05457e,1,381.77,381.77
ORD-002025,f9fc8038-04f0-432b-a50c-a7a5af2a2345,1,11.13,11.13
ORD-002025,df68296b-c1d5-4644-96ef-390a77c22380,1,145.54,145.54
ORD-002026,e3bfcdbd-04e2-4a88-a250-358045a9c86a,3,756.32,2268.96
ORD-002026,33b1781a-3a1b-419d-ab45-8633ffb25560,1,247.16,247.16
ORD-002027,6382aa8f-7015-49da-8e2b-33206e5d3fb4,3,24.03,72.09
ORD-002028,21f90a72-45a0-4a27-aeaa-7f370cca438e,1,89.58,89.58
ORD-002028,9be2b865-2317-4f5b-b405-3f012f0bb8fb,1,38.18,38.18
ORD-002028,28ceec8b-a2b2-40ba-a0f6-14292187fede,1,772.7,772.7
ORD-002028,26fdd0a3-d3c1-4b32-958b-645ecf7fc069,3,927.25,2781.75
ORD-002029,b0d968cc-2620-4a46-9cdc-3171d64b59b6,2,255.72,511.44
ORD-002029,0a803a1e-a34d-4d81-9dec-33146a0142b7,2,169.82,339.64
ORD-002029,f10acdec-95f8-4977-a21d-8254c9fbf5ba,2,365.04,730.08
ORD-002029,fa85c5bc-4464-4fe6-8dbe-c31c9deff2a4,1,188.71,188.71
ORD-002030,fa85c5bc-4464-4fe6-8dbe-c31c9deff2a4,3,173.86,521.58
ORD-002030,3855fb85-8e60-4c4c-8d0c-d5e1d0b73a24,1,52.96,52.96
ORD-002030,fa407e03-eb2d-4941-86fb-c31db86db758,1,311.61,311.61
ORD-002031,b93cddf2-6537-4127-8ce2-624f9aa29834,3,248.14,744.42
ORD-002031,90ef69e2-4c38-4a58-abf2-7ca075f0ef61,1,375.79,375.79
ORD-002031,c9360b39-4f2d-480b-82ce-6da8c789fa7f,2,541.24,1082.48
ORD-002031,8a5a9ca5-73e4-4ebd-91df-9e78783ac1fd,2,36.99,73.98
ORD-002031,90cd07ed-a352-4b36-a0cc-b00bc3a206d0,3,13.79,41.37
ORD-002032,aff02d9a-6315-48db-bf3e-dcdb7e9d4d93,2,22.13,44.26
ORD-002032,5f4b66a4-629f-416e-bdb6-36f673204882,2,436.47,872.94
ORD-002032,23584003-2f84-4c24-b742-910c8bd156f0,3,608.71,1826.13
ORD-002032,0a803a1e-a34d-4d81-9dec-33146a0142b7,1,156.88,156.88
ORD-002033,0455be0d-d01b-4d23-9869-de8d353d91ad,2,712.18,1424.36
ORD-002033,c5cb56bf-36b3-4b90-9e9f-1e49aa762838,2,612.84,1225.68
ORD-002033,fd8ababa-b19a-4e03-9b81-8402dc09b8b0,3,282.35,847.0500000000001
ORD-002033,4e71de59-4d7f-4ba4-908e-5b6eb0550621,3,784.71,2354.13
ORD-002033,3693fe0b-4ec7-46b0-a018-f78f6cbd809b,1,458.15,458.15
ORD-002034,b0d968cc-2620-4a46-9cdc-3171d64b59b6,1,256.11,256.11
ORD-002034,97d6315b-705c-4cdf-a248-799ac6907757,2,46.52,93.04
ORD-002034,532fb4b4-b30a-4ecd-a59f-88383b1b4111,2,815.61,1631.22
ORD-002034,90cd07ed-a352-4b36-a0cc-b00bc3a206d0,3,15.17,45.51
ORD-002034,050d253d-22dc-473f-813b-6faf3727d9a4,1,326.87,326.87
ORD-002035,2921a438-07b9-461e-95bf-ae0600aa711e,2,274.16,548.32
ORD-002035,63c48bf1-fad6-4da1-8140-67b2bb06d791,2,612.08,1224.16
ORD-002036,4b62729d-5443-4aea-9021-7b3065cb276f,3,724.15,2172.45
ORD-002037,6ebe25ff-c064-4e89-8b8a-59882bad12d8,2,190.98,381.96
ORD-002037,41a3d19b-1c8e-4a8e-a78e-e77252917c55,1,632.48,632.48
ORD-002037,532fb4b4-b30a-4ecd-a59f-88383b1b4111,1,750.78,750.78
ORD-002037,ff22512f-6c6f-4752-9f58-caec61b6cb91,1,592.04,592.04
ORD-002038,454b7ebc-fee8-4590-a620-8eb467fecb64,1,589.81,589.81
ORD-002038,6382aa8f-7015-49da-8e2b-33206e5d3fb4,2,22.67,45.34
ORD-002039,b70acae6-2103-41b9-a113-f23f9b293a5d,3,412.56,1237.68
ORD-002040,cc50103c-c090-40dd-b09e-129491b983e4,2,383.18,766.36
ORD-002040,5365a6b3-f8c1-4cba-b21f-bda73e899461,1,166.33,166.33
ORD-002040,d08c345b-0596-4dd7-9867-6b5d4077070d,1,123.22,123.22
ORD-002040,0dc39a14-a7b4-4bef-aed4-4e5d8a05457e,3,377.69,1133.07
ORD-002041,67ec5461-6b1d-41ec-84d3-3b4ffe2f9592,1,138.33,138.33
ORD-002041,04f3f45b-d1d2-468f-926f-a20d38ffcf53,1,654.61,654.61
ORD-002041,fd8ababa-b19a-4e03-9b81-8402dc09b8b0,3,306.05,918.1500000000001
ORD-002041,70343e52-0a89-43cb-86df-8ddaaf47dff1,1,549.28,549.28
ORD-002042,85426297-26fc-49a2-a69e-0a4e6af9a45c,3,445.55,1336.65
ORD-002042,d74ab3e8-a38b-4065-b223-4565aaade398,3,395.69,1187.07
ORD-002042,7bf80092-7e1d-4c0b-9907-d08c279385b7,3,568.75,1706.25
ORD-002042,21f90a72-45a0-4a27-aeaa-7f370cca438e,1,89.81,89.81
ORD-002042,811e2471-6b40-4188-95ed-ace81f69d335,3,342.61,1027.83
ORD-002043,8899b0dc-71a0-4fa0-a6b0-ac9f5ce7480c,3,18.77,56.31
ORD-002044,1a037248-f604-4a40-8f01-a1ec98cba9ba,1,853.98,853.98
ORD-002045,bd7b09b1-2139-484c-975c-6adc6bf68daa,3,194.52,583.5600000000001
ORD-002045,10f847f0-0a23-402a-bb45-480ffa6e1098,1,263.79,263.79
ORD-002045,3693fe0b-4ec7-46b0-a018-f78f6cbd809b,1,450.92,450.92
ORD-002045,ef7d92e4-6287-4a2d-8551-d5d2a4a51d5d,3,738.82,2216.46
ORD-002045,caf918e8-9227-4c43-a07c-5d2636c70c4a,2,160.58,321.16
ORD-002046,707ddaf2-2092-4b20-8ea8-a38a49a705bb,1,691.13,691.13
ORD-002046,588a421a-a76c-48f5-b9cc-3d7953860c8a,3,400.59,1201.77
ORD-002046,3855fb85-8e60-4c4c-8d0c-d5e1d0b73a24,3,51.63,154.89000000000001
ORD-002047,ae458e21-3770-4079-9fed-c30b7ac9308d,1,920.06,920.06
ORD-002047,d1f03c1c-8c75-4b6a-856e-4d8177b8e3b5,1,941.62,941.62
ORD-002047,937bff8a-d5ab-43ab-b22a-f408ac90f9f1,3,891.82,2675.46
ORD-002048,5ba9f94f-7c5f-407d-ad88-c5c264376435,2,845.11,1690.22
ORD-002048,bf47ea32-f0cd-4cbe-89ea-3949a76eb378,1,501.59,501.59
ORD-002049,aff02d9a-6315-48db-bf3e-dcdb7e9d4d93,2,21.26,42.52
ORD-002049,26fdd0a3-d3c1-4b32-958b-645ecf7fc069,3,912.0,2736.0
ORD-002049,caf918e8-9227-4c43-a07c-5d2636c70c4a,2,172.83,345.66
ORD-002049,c3522c3b-6d84-4b59-8d46-dfd3c8e5a9d2,1,453.9,453.9
ORD-002049,63a41a01-c853-4665-b54a-1ee98a25cc24,1,521.63,521.63
ORD-002050,bce24858-fad5-4c3f-98b1-e71187222c2b,1,450.8,450.8
ORD-002051,a6abb6d5-04a1-44a8-ab10-f1f274300e03,3,810.39,2431.17
ORD-002051,deebf19b-f879-4e94-96dd-7544e5a8241b,2,927.87,1855.74
ORD-002052,0a803a1e-a34d-4d81-9dec-33146a0142b7,2,154.44,308.88
ORD-002052,ef5f3f32-50c4-44aa-a8cf-b70c38a7c67e,3,168.97,506.90999999999997
ORD-002053,cc50103c-c090-40dd-b09e-129491b983e4,1,401.64,401.64
ORD-002053,45b5ae49-50c4-4c7a-bc7f-d2216d170c3f,2,228.68,457.36
ORD-002053,fd8ababa-b19a-4e03-9b81-8402dc09b8b0,1,293.14,293.14
ORD-002054,94cae71c-088a-4a34-a24f-4a036fd8264a,2,534.11,1068.22
ORD-002054,8899b0dc-71a0-4fa0-a6b0-ac9f5ce7480c,2,17.48,34.96
ORD-002054,acbfdf46-7f51-4371-bcd1-bd2f84a61541,3,138.71,416.13
ORD-002055,0455be0d-d01b-4d23-9869-de8d353d91ad,3,715.15,2145.45
ORD-002055,93f20425-7de0-47b2-9093-f087c2711366,3,709.29,2127.87
ORD-002055,d11a42dd-8e96-4213-9ac0-1c7d97019f1e,2,95.96,191.92
ORD-002055,419ec84b-1236-48c4-8bc5-a1a124851553,3,901.84,2705.52
ORD-002055,7a5f0e72-27b0-4209-a5fc-b169a612ba9f,3,860.56,2581.68
ORD-002056,4b8df45f-8e44-4f15-bd8f-a378a0c58905,1,843.37,843.37
ORD-002056,ae458e21-3770-4079-9fed-c30b7ac9308d,1,834.64,834.64
ORD-002056,fa407e03-eb2d-4941-86fb-c31db86db758,1,319.27,319.27
ORD-002056,c5784eab-50a3-47c7-8dbe-00213caf5933,2,712.48,1424.96
ORD-002057,b0bf5af1-fb0c-44d2-a03e-9803a9d3d464,1,150.56,150.56
ORD-002057,41a3d19b-1c8e-4a8e-a78e-e77252917c55,1,624.54,624.54
ORD-002057,3a8579a0-82ca-4403-8e61-9e860a8aa440,3,353.67,1061.01
ORD-002057,811e2471-6b40-4188-95ed-ace81f69d335,1,354.8,354.8
ORD-002057,97d6315b-705c-4cdf-a248-799ac6907757,1,51.88,51.88
ORD-002058,dbd238cd-421d-41ef-a210-82c1c00cf62c,2,876.53,1753.06
ORD-002059,3cecfc42-0caa-4b16-8136-54fbbbef5d7e,3,956.91,2870.73
ORD-002059,45614ebe-6ff3-4afa-b719-15f5a9fb2ecd,2,98.48,196.96
ORD-002059,10f6e3af-8e9e-4f38-811a-f929a91d59eb,2,249.67,499.34
ORD-002059,df68296b-c1d5-4644-96ef-390a77c22380,1,154.24,154.24
ORD-002059,4ff0f9b1-185b-464f-a09f-8af3db013013,3,417.34,1252.02
ORD-002060,d1f03c1c-8c75-4b6a-856e-4d8177b8e3b5,2,945.13,1890.26
ORD-002061,909c4825-1e5b-4389-b3fa-c87e6de42a78,1,580.42,580.42
ORD-002061,7c7801a8-acca-4ccd-ad40-8a72fc19d689,2,903.69,1807.38
ORD-002061,28ceec8b-a2b2-40ba-a0f6-14292187fede,1,723.46,723.46
ORD-002061,0d7a085b-b4d5-419f-ad5e-9f79d6908bb0,1,790.0,790.0
ORD-002062,7bf80092-7e1d-4c0b-9907-d08c279385b7,3,524.35,1573.0500000000002
ORD-002062,315e1105-d13a-4238-9da3-93dd8555b2b0,1,650.32,650.32
ORD-002063,d74ab3e8-a38b-4065-b223-4565aaade398,2,416.31,832.62
ORD-002064,3f35308c-7fb2-4c8c-8aaa-2f60914da1cc,3,266.58,799.74
ORD-002065,b0d968cc-2620-4a46-9cdc-3171d64b59b6,2,276.62,553.24
ORD-002065,6f13ee39-c753-4c6e-a1d5-280ae443373b,1,397.57,397.57
ORD-002066,1a037248-f604-4a40-8f01-a1ec98cba9ba,2,1025.57,2051.14
ORD-002066,ae458e21-3770-4079-9fed-c30b7ac9308d,2,916.69,1833.38
ORD-002066,90cd07ed-a352-4b36-a0cc-b00bc3a206d0,1,13.76,13.76
ORD-002066,1f2074d5-523f-42fc-b2e4-847619e94cc4,1,12.09,12.09
ORD-002067,67ec5461-6b1d-41ec-84d3-3b4ffe2f9592,3,151.14,453.41999999999996
ORD-002067,26dc7e49-f0e9-49a9-a86d-6d43c48fcb61,2,595.94,1191.88
ORD-002067,26fdd0a3-d3c1-4b32-958b-645ecf7fc069,2,950.21,1900.42
ORD-002067,90ef69e2-4c38-4a58-abf2-7ca075f0ef61,1,415.35,415.35
ORD-002068,f371f7f7-a2de-4914-8f74-9432cc9522f4,1,589.32,589.32
ORD-002068,0ec71bd2-524d-47f9-9684-3a2ea9fea671,1,113.18,113.18
ORD-002068,cc50103c-c090-40dd-b09e-129491b983e4,2,404.31,808.62
ORD-002069,b70acae6-2103-41b9-a113-f23f9b293a5d,1,389.24,389.24
ORD-002069,04f3f45b-d1d2-468f-926f-a20d38ffcf53,2,711.86,1423.72
ORD-002070,5365a6b3-f8c1-4cba-b21f-bda73e899461,3,170.94,512.8199999999999
ORD-002070,7c34cee5-7109-4ee9-9ee2-570dc90f5978,3,820.84,2462.52
ORD-002070,c9543a40-1b4c-4e7b-9ac1-572e5b495f5e,1,148.12,148.12
ORD-002070,909c4825-1e5b-4389-b3fa-c87e6de42a78,2,573.75,1147.5
ORD-002071,a6abb6d5-04a1-44a8-ab10-f1f274300e03,1,833.46,833.46
ORD-002071,3f35308c-7fb2-4c8c-8aaa-2f60914da1cc,3,272.05,816.1500000000001
ORD-002071,1f2074d5-523f-42fc-b2e4-847619e94cc4,1,12.12,12.12
ORD-002072,061a25ae-bdae-4ffd-90d4-f3ab3e8ecefe,1,228.83,228.83
ORD-002073,10483ae3-3fc2-4384-bd7a-62aea10b3754,3,764.5,2293.5
ORD-002073,a6abb6d5-04a1-44a8-ab10-f1f274300e03,3,797.39,2392.17
ORD-002074,405bebd4-be7d-4505-a89f-6ef992011c8b,1,797.97,797.97
ORD-002074,ae458e21-3770-4079-9fed-c30b7ac9308d,2,870.36,1740.72
ORD-002074,fa85c5bc-4464-4fe6-8dbe-c31c9deff2a4,2,172.5,345.0
ORD-002074,cc9e8554-b363-43de-94d4-cd8918d96dfb,3,492.28,1476.84
ORD-002075,f7e68e0f-782c-4aac-a779-0c44ad195769,3,133.36,400.08000000000004
ORD-002075,9ef2e0e9-2048-4cf7-a441-d92d6fdc3f63,3,833.19,2499.57
ORD-002075,742d2c92-fcf6-4364-9bde-4490b7e5bb90,2,903.86,1807.72
ORD-002076,ba6ea82d-d057-4aef-8f9e-030ff94edeea,1,41.48,41.48
ORD-002077,3855fb85-8e60-4c4c-8d0c-d5e1d0b73a24,1,55.94,55.94
ORD-002077,def4bb75-19e7-4d7c-8886-339395c44fc5,2,915.83,1831.66
ORD-002077,061a25ae-bdae-4ffd-90d4-f3ab3e8ecefe,3,233.08,699.24
ORD-002078,26dc7e49-f0e9-49a9-a86d-6d43c48fcb61,3,590.74,1772.22
ORD-002078,75be87b1-b37b-4a23-aed6-08cc34a651ac,3,396.54,1189.6200000000001
ORD-002078,f7aa4564-5e47-4f7b-bf6d-acd15d81d874,1,924.3,924.3
ORD-002079,3760e57c-2f23-40d2-ae8d-1b6bcee93dfb,2,383.78,767.56
ORD-002079,37e48379-d810-4be1-90e2-195c0f2f6de5,1,171.3,171.3
ORD-002079,d08c345b-0596-4dd7-9867-6b5d4077070d,1,135.09,135.09
ORD-002079,70d242a2-d6e6-49b2-82dd-dc10f9505de7,1,462.62,462.62
ORD-002079,2f0b1d71-f73d-47c1-b0be-55161f273d55,2,734.72,1469.44
ORD-002080,420bcdba-4659-4262-8b2a-e1be49145905,1,210.91,210.91
ORD-002081,fd3507a2-3ab7-491f-984f-099ccd09eb79,2,986.99,1973.98
ORD-002081,ab85e304-fe27-44fd-b1ac-6bb0bc578a3e,2,1000.74,2001.48
ORD-002082,9077a69a-7977-4d2e-bee5-aadf01e84cc6,3,857.93,2573.79
ORD-002082,3278b24e-b3ba-4f5e-b1ac-eee48208f7d9,2,897.05,1794.1
ORD-002082,7425f7d5-c9e3-4485-b539-cf6ebe8f8a25,3,771.49,2314.4700000000003
ORD-002082,1bf69c20-872b-4d71-b68d-62ddaa662a91,3,20.22,60.66
ORD-002083,419ec84b-1236-48c4-8bc5-a1a124851553,2,999.62,1999.24
ORD-002083,41a3d19b-1c8e-4a8e-a78e-e77252917c55,3,745.38,2236.14
ORD-002084,60d6813e-5f16-468e-9c55-9bef30b5a553,1,565.5,565.5
ORD-002084,f8fe12a5-1e45-46db-b206-769db4270f04,2,925.22,1850.44
ORD-002084,97d6315b-705c-4cdf-a248-799ac6907757,3,50.85,152.55
ORD-002085,420bcdba-4659-4262-8b2a-e1be49145905,3,212.34,637.02
ORD-002086,0e5bd978-c61f-4398-846f-ef3d11025b05,2,567.34,1134.68
ORD-002086,63a41a01-c853-4665-b54a-1ee98a25cc24,3,528.59,1585.77
ORD-002087,707ddaf2-2092-4b20-8ea8-a38a49a705bb,3,702.18,2106.54
ORD-002087,89b21998-89f0-438d-9c22-841ebc194ee5,2,571.86,1143.72
ORD-002087,4b62729d-5443-4aea-9021-7b3065cb276f,2,792.71,1585.42
ORD-002087,ee6204b7-db26-4235-8b62-6e5b3224061d,1,835.98,835.98
ORD-002088,aaac043e-d176-493d-8b2f-408bdd5e57ad,2,382.43,764.86
ORD-002089,e3bfcdbd-04e2-4a88-a250-358045a9c86a,1,855.24,855.24
ORD-002089,8569c478-c99b-4c60-be7e-5a1563b3a4e2,3,544.75,1634.25
ORD-002090,1c70a4e2-230e-46e1-9e16-4002dc16d033,2,939.3,1878.6
ORD-002090,28ceec8b-a2b2-40ba-a0f6-14292187fede,1,790.73,790.73
ORD-002090,f04f4f12-96b4-4d8e-aada-f268607e003c,2,677.69,1355.38
ORD-002090,2e8fd2aa-3e7f-4fb1-aa6b-1c3738a5a388,1,509.81,509.81
ORD-002091,5495fe5e-67f1-4652-aedc-41136b95eee7,1,375.55,375.55
ORD-002092,0455be0d-d01b-4d23-9869-de8d353d91ad,2,782.1,1564.2
ORD-002092,1bf69c20-872b-4d71-b68d-62ddaa662a91,2,23.56,47.12
ORD-002092,9b91e12d-ce6e-4b84-8a85-1e6f0746fc96,3,660.44,1981.3200000000002
ORD-002092,9be2b865-2317-4f5b-b405-3f012f0bb8fb,1,41.78,41.78
ORD-002092,f8fe12a5-1e45-46db-b206-769db4270f04,3,929.16,2787.48
ORD-002093,a41172e5-d44c-45e7-a8b1-243eee76a01d,2,416.82,833.64
ORD-002093,4f81a909-a41c-4d86-a956-3dfa8676343c,1,678.23,678.23
ORD-002094,60b84dd6-d802-4494-8360-067cf1e8e22e,3,321.68,965.04
ORD-002094,90cd07ed-a352-4b36-a0cc-b00bc3a206d0,2,14.56,29.12
ORD-002094,707ddaf2-2092-4b20-8ea8-a38a49a705bb,2,637.23,1274.46
ORD-002094,742d2c92-fcf6-4364-9bde-4490b7e5bb90,3,916.21,2748.63
ORD-002095,63a41a01-c853-4665-b54a-1ee98a25cc24,1,564.92,564.92
ORD-002095,deff3d30-fa21-4823-b63c-3d4e6842e6c5,3,134.71,404.13
ORD-002095,faab82fa-51cf-4676-bff7-2f7bf7b28cf3,3,767.02,2301.06
ORD-002096,df68296b-c1d5-4644-96ef-390a77c22380,1,136.32,136.32
ORD-002096,ca25b56a-0fbb-4e75-90e5-e214ad3b390d,3,563.88,1691.6399999999999
ORD-002097,b0d968cc-2620-4a46-9cdc-3171d64b59b6,1,278.14,278.14
ORD-002098,b67caa36-478c-44e8-955c-980b0edb39fc,2,1072.11,2144.22
ORD-002098,acbfdf46-7f51-4371-bcd1-bd2f84a61541,1,144.37,144.37
ORD-002098,45614ebe-6ff3-4afa-b719-15f5a9fb2ecd,1,97.86,97.86
ORD-002098,8e0f4ddc-7f59-4218-b3c4-d3f34125168a,3,84.5,253.5
ORD-002098,5a9eb21e-edd6-45d1-8aca-409e73e04659,3,456.13,1368.3899999999999
ORD-002099,ee6204b7-db26-4235-8b62-6e5b3224061d,1,756.69,756.69
ORD-002099,5495fe5e-67f1-4652-aedc-41136b95eee7,1,385.12,385.12
ORD-002099,588a421a-a76c-48f5-b9cc-3d7953860c8a,1,407.81,407.81
ORD-002099,8899b0dc-71a0-4fa0-a6b0-ac9f5ce7480c,3,20.23,60.69
ORD-002099,4375b157-2438-422b-aa81-33c6480a48b2,1,329.26,329.26
ORD-002100,3cecfc42-0caa-4b16-8136-54fbbbef5d7e,1,957.46,957.46
ORD-002100,405ad395-d291-49d4-9bd4-d211ffc22eea,3,477.21,1431.6299999999999
ORD-002100,33842d9c-8a4f-479f-953b-efa0ab91e543,3,687.18,2061.54
ORD-002101,45614ebe-6ff3-4afa-b719-15f5a9fb2ecd,1,97.21,97.21
ORD-002101,937bff8a-d5ab-43ab-b22a-f408ac90f9f1,3,1059.92,3179.76
ORD-002102,420bcdba-4659-4262-8b2a-e1be49145905,1,221.78,221.78
ORD-002103,588a421a-a76c-48f5-b9cc-3d7953860c8a,2,383.06,766.12
ORD-002103,0fa5d429-0e39-4bb5-8b14-2d77fd17e378,1,587.75,587.75
ORD-002103,d772ec05-2262-4b97-8c5b-0d43fe6340db,3,99.54,298.62
ORD-002104,ef5f3f32-50c4-44aa-a8cf-b70c38a7c67e,2,168.08,336.16
ORD-002104,3f35308c-7fb2-4c8c-8aaa-2f60914da1cc,1,238.66,238.66
ORD-002104,6e0a26d0-33df-4412-83c4-f2d36c0ac262,1,955.7,955.7
ORD-002104,26fdd0a3-d3c1-4b32-958b-645ecf7fc069,2,922.74,1845.48
ORD-002104,b0d968cc-2620-4a46-9cdc-3171d64b59b6,1,258.8,258.8
ORD-002105,2f0b1d71-f73d-47c1-b0be-55161f273d55,3,668.93,2006.79
ORD-002105,ab85e304-fe27-44fd-b1ac-6bb0bc578a3e,2,896.45,1792.9
ORD-002105,909c4825-1e5b-4389-b3fa-c87e6de42a78,2,580.63,1161.26
ORD-002105,061a25ae-bdae-4ffd-90d4-f3ab3e8ecefe,3,226.07,678.21
ORD-002106,8e0f4ddc-7f59-4218-b3c4-d3f34125168a,1,95.89,95.89
ORD-002106,f04f4f12-96b4-4d8e-aada-f268607e003c,1,651.73,651.73
ORD-002107,3693fe0b-4ec7-46b0-a018-f78f6cbd809b,2,411.82,823.64
ORD-002107,b70acae6-2103-41b9-a113-f23f9b293a5d,2,408.42,816.84
ORD-002107,aff02d9a-6315-48db-bf3e-dcdb7e9d4d93,1,21.59,21.59
ORD-002108,10f847f0-0a23-402a-bb45-480ffa6e1098,2,256.76,513.52
ORD-002108,87db6283-4935-4d50-b89b-026c1918a3f4,2,163.92,327.84
ORD-002108,f04f4f12-96b4-4d8e-aada-f268607e003c,3,697.55,2092.6499999999996
ORD-002108,7c34cee5-7109-4ee9-9ee2-570dc90f5978,3,926.75,2780.25
ORD-002108,fcbb56a1-b862-4fb2-88fe-ed0472814307,2,417.03,834.06
ORD-002109,fa407e03-eb2d-4941-86fb-c31db86db758,3,305.53,916.5899999999999
ORD-002109,7b766140-2096-40c6-bd41-30e19a9cfa16,1,1015.08,1015.08
ORD-002110,4f81a909-a41c-4d86-a956-3dfa8676343c,3,614.84,1844.52
ORD-002110,405bebd4-be7d-4505-a89f-6ef992011c8b,1,810.69,810.69
ORD-002110,9ef2e0e9-2048-4cf7-a441-d92d6fdc3f63,1,932.56,932.56
ORD-002111,454b4bb2-e284-45c4-bbdf-2eb6aa50e3f4,3,554.18,1662.54
ORD-002111,8e0f4ddc-7f59-4218-b3c4-d3f34125168a,1,98.81,98.81
ORD-002111,da096c2a-6ee1-4f2c-83b3-0f2f76fe15c9,1,150.24,150.24
ORD-002111,7c7801a8-acca-4ccd-ad40-8a72fc19d689,2,1017.37,2034.74
ORD-002112,ee6204b7-db26-4235-8b62-6e5b3224061d,1,792.74,792.74
ORD-002112,2a9062a5-1a82-4732-863d-fa089ad07586,2,538.3,1076.6
ORD-002113,6382aa8f-7015-49da-8e2b-33206e5d3fb4,2,23.71,47.42
ORD-002113,75be87b1-b37b-4a23-aed6-08cc34a651ac,3,440.27,1320.81
ORD-002114,c5cb56bf-36b3-4b90-9e9f-1e49aa762838,2,691.43,1382.86
ORD-002114,909c4825-1e5b-4389-b3fa-c87e6de42a78,1,584.86,584.86
ORD-002115,1bf69c20-872b-4d71-b68d-62ddaa662a91,3,19.98,59.94
ORD-002115,ede6f4f1-bcc6-44d7-9392-ab4a6ce2a110,3,73.08,219.24
ORD-002115,2393bff1-4e45-46ea-a406-e25b2af55019,2,540.14,1080.28
ORD-002115,f9fc8038-04f0-432b-a50c-a7a5af2a2345,3,12.58,37.74
ORD-002116,0dc39a14-a7b4-4bef-aed4-4e5d8a05457e,2,378.36,756.72
ORD-002116,f8fe12a5-1e45-46db-b206-769db4270f04,2,779.94,1559.88
ORD-002116,28ceec8b-a2b2-40ba-a0f6-14292187fede,1,814.57,814.57
ORD-002117,52c020c9-f59b-4eb7-a254-a01478fc4614,2,711.38,1422.76
ORD-002117,97d6315b-705c-4cdf-a248-799ac6907757,2,53.67,107.34
ORD-002118,ff22512f-6c6f-4752-9f58-caec61b6cb91,2,686.81,1373.62
ORD-002118,2e8fd2aa-3e7f-4fb1-aa6b-1c3738a5a388,1,540.57,540.57
ORD-002118,90cd07ed-a352-4b36-a0cc-b00bc3a206d0,3,14.86,44.58
ORD-002118,41465d3a-ed68-4b53-8996-44e7f759d179,2,667.44,1334.88
ORD-002119,23ee362b-698c-426d-b18f-b3237ab9e2e7,2,320.26,640.52
ORD-002119,33842d9c-8a4f-479f-953b-efa0ab91e543,2,659.18,1318.36
ORD-002119,0ec71bd2-524d-47f9-9684-3a2ea9fea671,1,105.29,105.29
ORD-002119,454b7ebc-fee8-4590-a620-8eb467fecb64,1,617.41,617.41
ORD-002119,c5ff2331-db2f-4ecd-a938-d8b6c34e174d,1,743.57,743.57
ORD-002120,9a612763-a18d-4647-9ea3-77af34124d8a,1,361.24,361.24
ORD-002120,10483ae3-3fc2-4384-bd7a-62aea10b3754,3,807.93,2423.79
ORD-002120,67ec5461-6b1d-41ec-84d3-3b4ffe2f9592,2,159.9,319.8
ORD-002120,9b91e12d-ce6e-4b84-8a85-1e6f0746fc96,1,664.55,664.55
ORD-002121,2921a438-07b9-461e-95bf-ae0600aa711e,2,230.31,460.62
ORD-002121,26dc7e49-f0e9-49a9-a86d-6d43c48fcb61,1,601.1,601.1
ORD-002122,ff22512f-6c6f-4752-9f58-caec61b6cb91,2,643.37,1286.74
ORD-002122,4f81a909-a41c-4d86-a956-3dfa8676343c,2,571.15,1142.3
ORD-002122,5f4b66a4-629f-416e-bdb6-36f673204882,1,375.92,375.92
ORD-002122,10f6e3af-8e9e-4f38-811a-f929a91d59eb,2,221.44,442.88
ORD-002123,5a9eb21e-edd6-45d1-8aca-409e73e04659,2,453.7,907.4
ORD-002123,bd7b09b1-2139-484c-975c-6adc6bf68daa,2,206.73,413.46
ORD-002123,8be9d6b9-e56b-4c5e-a460-748e7c075dae,1,584.93,584.93
ORD-002124,454b4bb2-e284-45c4-bbdf-2eb6aa50e3f4,1,518.83,518.83
ORD-002124,74d41359-c624-44ba-8f3e-f9a3c9978f5a,1,523.73,523.73
ORD-002124,ae458e21-3770-4079-9fed-c30b7ac9308d,1,882.08,882.08
ORD-002124,d11a42dd-8e96-4213-9ac0-1c7d97019f1e,3,93.43,280.29
ORD-002124,aaac043e-d176-493d-8b2f-408bdd5e57ad,1,388.19,388.19
ORD-002125,21f90a72-45a0-4a27-aeaa-7f370cca438e,2,97.9,195.8
ORD-002125,99371c9b-acdd-4ec1-8eb4-e4d45fffae47,1,301.52,301.52
ORD-002125,893204df-ac13-4689-9a88-7bca558213da,1,845.87,845.87
ORD-002126,193b42ad-40fd-462a-b98e-b77cc9f6e888,1,45.18,45.18
ORD-002127,45b5ae49-50c4-4c7a-bc7f-d2216d170c3f,1,239.85,239.85
ORD-002127,ede6f4f1-bcc6-44d7-9392-ab4a6ce2a110,3,63.47,190.41
ORD-002127,7425f7d5-c9e3-4485-b539-cf6ebe8f8a25,1,752.07,752.07
ORD-002127,89b21998-89f0-438d-9c22-841ebc194ee5,1,580.63,580.63
ORD-002128,99371c9b-acdd-4ec1-8eb4-e4d45fffae47,2,298.73,597.46
ORD-002128,315e1105-d13a-4238-9da3-93dd8555b2b0,1,731.39,731.39
ORD-002128,c9360b39-4f2d-480b-82ce-6da8c789fa7f,2,500.37,1000.74
ORD-002129,f8fe12a5-1e45-46db-b206-769db4270f04,3,779.82,2339.46
ORD-002129,d9cc0d7e-ba3d-4639-a308-14db91d71d96,1,369.94,369.94
ORD-002130,8d81191f-438b-4926-bebb-c3e8f4501a6a,2,547.72,1095.44
ORD-002130,7b766140-2096-40c6-bd41-30e19a9cfa16,2,963.68,1927.36
ORD-002130,d11a42dd-8e96-4213-9ac0-1c7d97019f1e,3,93.83,281.49
ORD-002131,8d81191f-438b-4926-bebb-c3e8f4501a6a,1,555.69,555.69
ORD-002131,c9360b39-4f2d-480b-82ce-6da8c789fa7f,3,500.17,1500.51
ORD-002131,893204df-ac13-4689-9a88-7bca558213da,2,737.44,1474.88
ORD-002131,fcbb56a1-b862-4fb2-88fe-ed0472814307,1,376.29,376.29
ORD-002131,f7e68e0f-782c-4aac-a779-0c44ad195769,3,116.17,348.51
ORD-002132,f04f4f12-96b4-4d8e-aada-f268607e003c,2,766.78,1533.56
ORD-002133,9a612763-a18d-4647-9ea3-77af34124d8a,2,351.69,703.38
ORD-002133,2921a438-07b9-461e-95bf-ae0600aa711e,2,244.91,489.82
ORD-002134,7b766140-2096-40c6-bd41-30e19a9cfa16,3,904.9,2714.7
ORD-002134,8c205c60-3b62-4af1-8e3b-6d36315814ae,1,996.47,996.47
ORD-002134,8be9d6b9-e56b-4c5e-a460-748e7c075dae,2,661.21,1322.42
ORD-002134,f04f4f12-96b4-4d8e-aada-f268607e003c,3,712.36,2137.08
ORD-002134,da096c2a-6ee1-4f2c-83b3-0f2f76fe15c9,1,147.2,147.2
ORD-002135,28ceec8b-a2b2-40ba-a0f6-14292187fede,2,834.79,1669.58
ORD-002135,8569c478-c99b-4c60-be7e-5a1563b3a4e2,2,561.05,1122.1
ORD-002135,1c70a4e2-230e-46e1-9e16-4002dc16d033,2,990.67,1981.34
ORD-002135,f7e68e0f-782c-4aac-a779-0c44ad195769,1,117.47,117.47
ORD-002136,c5cb56bf-36b3-4b90-9e9f-1e49aa762838,3,739.68,2219.04
ORD-002137,16664571-6011-4d6e-b585-66afb586279a,1,571.46,571.46
ORD-002137,671a5b36-3c48-4567-a517-7dba3fb1d09f,2,878.11,1756.22
ORD-002138,70343e52-0a89-43cb-86df-8ddaaf47dff1,3,536.69,1610.0700000000002
ORD-002138,b93cddf2-6537-4127-8ce2-624f9aa29834,2,230.75,461.5
ORD-002139,f9fc8038-04f0-432b-a50c-a7a5af2a2345,1,11.1,11.1
ORD-002139,fd3507a2-3ab7-491f-984f-099ccd09eb79,1,864.65,864.65
ORD-002140,ba6ea82d-d057-4aef-8f9e-030ff94edeea,2,40.47,80.94
ORD-002140,df68296b-c1d5-4644-96ef-390a77c22380,1,150.11,150.11
ORD-002141,671a5b36-3c48-4567-a517-7dba3fb1d09f,1,767.75,767.75
ORD-002141,60d6813e-5f16-468e-9c55-9bef30b5a553,3,525.93,1577.79
ORD-002141,2393bff1-4e45-46ea-a406-e25b2af55019,2,515.02,1030.04
ORD-002142,def4bb75-19e7-4d7c-8886-339395c44fc5,1,1070.33,1070.33
ORD-002143,bf47ea32-f0cd-4cbe-89ea-3949a76eb378,2,526.81,1053.62
ORD-002143,fcbb56a1-b862-4fb2-88fe-ed0472814307,1,413.74,413.74
ORD-002143,23584003-2f84-4c24-b742-910c8bd156f0,1,552.05,552.05
ORD-002143,671a5b36-3c48-4567-a517-7dba3fb1d09f,1,797.88,797.88
ORD-002143,0e5bd978-c61f-4398-846f-ef3d11025b05,1,552.0,552.0
ORD-002144,0d7a085b-b4d5-419f-ad5e-9f79d6908bb0,3,739.94,2219.82
