id,customer_id,created_at,status,payment_method,shipping_cost,discount_code,discount_amount,reason,is_first_purchase,amount,total_amount
ORD-000001,998f42ac-720e-47c9-bb12-e3652f25a80a,2024-09-15 22:57:18.359670,processing,Credit Card,17.16,ONLY,25.22,,True,2251.73,2243.67
ORD-000002,fcecd6a9-e560-46aa-bbac-160c5276d445,2024-09-27 14:33:21.822759,completed,Google Pay,13.01,,0.0,,True,563.0,576.01
ORD-000003,fcecd6a9-e560-46aa-bbac-160c5276d445,2023-08-31 07:39:21.668518,completed,Apple Pay,19.74,,0.0,,True,1504.99,1524.73
ORD-000004,ccd590d9-07fc-43ee-9098-feb95d478307,2024-12-09 20:19:53.048462,shipped,Apple Pay,15.46,,0.0,,True,59.43,74.89
ORD-000005,ccd590d9-07fc-43ee-9098-feb95d478307,2024-08-21 11:41:16.023431,completed,Google Pay,19.21,,0.0,,True,3287.42,3306.63
ORD-000006,ccd590d9-07fc-43ee-9098-feb95d478307,2023-07-01 08:42:59.938076,completed,Bank Transfer,12.9,SOMEONE,27.95,,True,1373.03,1357.98
ORD-000007,ccd590d9-07fc-43ee-9098-feb95d478307,2024-03-29 04:56:29.806885,completed,Bank Transfer,17.66,,0.0,,True,797.19,814.85
ORD-000008,ccd590d9-07fc-43ee-9098-feb95d478307,2023-08-31 06:30:24.922398,completed,Apple Pay,18.76,,0.0,,True,3454.03,3472.79
ORD-000009,76e9b4b4-e015-4ab3-afe6-d20fe53ea7a8,2025-07-03 12:23:27.658958,completed,Apple Pay,7.36,,0.0,,True,9800.73,9808.09
ORD-000010,76e9b4b4-e015-4ab3-afe6-d20fe53ea7a8,2025-07-01 19:29:35.757269,completed,PayPal,8.35,,0.0,,True,1777.99,1786.34
ORD-000011,3dcc0b4a-cb2c-4e13-9193-84ee2bacd492,2025-07-05 14:54:39.771674,completed,Apple Pay,7.67,EIGHT,22.55,,True,6813.22,6798.34
ORD-000012,3dcc0b4a-cb2c-4e13-9193-84ee2bacd492,2025-06-28 21:20:11.422105,completed,Credit Card,12.44,,0.0,,True,486.91,499.35
ORD-000013,3dcc0b4a-cb2c-4e13-9193-84ee2bacd492,2025-06-25 03:15:10.846343,completed,Credit Card,9.79,,0.0,,True,2494.5,2504.29
ORD-000014,3dcc0b4a-cb2c-4e13-9193-84ee2bacd492,2025-06-29 08:07:45.339589,completed,Google Pay,15.94,,0.0,,True,603.34,619.28
ORD-000015,3dcc0b4a-cb2c-4e13-9193-84ee2bacd492,2025-07-02 03:07:57.046869,processing,Credit Card,15.4,,0.0,,True,2270.22,2285.62
ORD-000016,6b34492f-dae7-436b-9535-33827ea23bf3,2024-08-20 22:09:49.217546,completed,Bank Transfer,10.79,,0.0,,True,2223.66,2234.45
ORD-000017,eb1d2b52-3916-4b6f-9a92-058dd986b783,2025-01-24 20:08:02.054953,processing,Credit Card,10.63,,0.0,,True,4088.1,4098.73
ORD-000018,eb1d2b52-3916-4b6f-9a92-058dd986b783,2024-12-24 08:00:47.537014,shipped,Google Pay,6.57,,0.0,,True,4793.31,4799.88
ORD-000019,7a2c3d97-4bbd-4c95-8617-70035c9a13ff,2025-06-05 00:09:46.338629,completed,Bank Transfer,15.57,,0.0,,True,2227.97,2243.54
ORD-000020,7a2c3d97-4bbd-4c95-8617-70035c9a13ff,2023-12-17 12:44:10.704261,cancelled,Credit Card,9.97,,0.0,Wrong item,True,2714.47,2724.44
ORD-000021,e9c971e1-693a-4b5a-ac5b-027f8453b506,2024-08-21 01:37:38.776605,completed,Google Pay,10.89,,0.0,,True,3623.21,3634.1
ORD-000022,e9c971e1-693a-4b5a-ac5b-027f8453b506,2025-02-11 11:33:52.145273,processing,Bank Transfer,8.0,PAY,9.27,,True,3248.57,3247.3
ORD-000023,e9c971e1-693a-4b5a-ac5b-027f8453b506,2025-06-08 20:01:35.760418,completed,Apple Pay,18.42,CIVIL,21.05,,True,3482.32,3479.69
ORD-000024,38b737ba-8dc0-4848-8933-b22874cac399,2024-05-24 23:43:07.909339,shipped,Bank Transfer,8.39,CHANGE,6.54,,True,809.65,811.5
ORD-000025,38b737ba-8dc0-4848-8933-b22874cac399,2025-01-20 15:14:31.329660,processing,Google Pay,17.12,,0.0,,True,5540.71,5557.83
ORD-000026,38b737ba-8dc0-4848-8933-b22874cac399,2025-03-07 05:14:17.260272,completed,Google Pay,8.53,ACTIVITY,14.87,,True,1580.01,1573.67
ORD-000027,f14351b6-4a28-4873-895d-eb42d1bab18c,2025-06-20 08:45:25.896693,completed,Apple Pay,12.75,,0.0,,True,3409.07,3421.82
ORD-000028,b40bc471-0494-4991-aa1b-8929b600218f,2024-04-24 08:05:17.214496,completed,Credit Card,15.25,NEED,25.56,,True,4938.12,4927.81
ORD-000029,2f4f9eef-a1d6-4ae7-9606-1295c2e55865,2024-05-09 08:02:22.890109,completed,Google Pay,6.01,,0.0,,True,4313.3,4319.31
ORD-000030,2f4f9eef-a1d6-4ae7-9606-1295c2e55865,2025-01-13 15:45:43.320663,completed,Credit Card,16.73,MARKET,8.74,,True,8348.26,8356.25
ORD-000031,2f4f9eef-a1d6-4ae7-9606-1295c2e55865,2024-07-09 18:11:21.487332,completed,Credit Card,8.96,,0.0,,True,5240.49,5249.45
ORD-000032,fe77394a-5c34-4dc5-9f05-54b83416525f,2024-04-12 09:23:53.079359,completed,Apple Pay,18.18,,0.0,,True,2693.37,2711.55
ORD-000033,97a30dd6-8237-4cc0-aa47-b55b9d27e970,2025-03-23 21:50:30.718751,completed,Bank Transfer,9.03,,0.0,,True,2013.28,2022.31
ORD-000034,d23c2cda-8446-447d-b70a-f9848cb085ac,2025-04-29 04:36:56.253827,completed,Credit Card,18.03,POOR,29.36,,True,1463.87,1452.54
ORD-000035,fb4ef0ed-72dd-4eaf-97c2-692679d371bb,2025-03-15 15:45:47.357520,completed,Google Pay,11.11,,0.0,,True,6803.76,6814.87
ORD-000036,fb4ef0ed-72dd-4eaf-97c2-692679d371bb,2024-12-24 16:00:59.528638,completed,Apple Pay,5.43,SOMEBODY,25.82,,True,96.69,76.3
ORD-000037,fb4ef0ed-72dd-4eaf-97c2-692679d371bb,2025-06-19 20:52:36.492451,shipped,PayPal,5.76,,0.0,,True,1969.02,1974.78
ORD-000038,c2f61222-e3e3-4f2d-9991-4d82826e3169,2025-02-14 20:11:11.188549,completed,Bank Transfer,14.53,EXPERT,5.76,,True,4106.25,4115.02
ORD-000039,c2f61222-e3e3-4f2d-9991-4d82826e3169,2025-06-27 17:02:34.333261,processing,Apple Pay,10.25,AMOUNT,27.36,,True,201.72,184.61
ORD-000040,12db3a08-8486-430b-9588-e931d4b1df1b,2023-11-05 09:34:02.069095,shipped,Credit Card,5.74,,0.0,,True,2221.13,2226.87
ORD-000041,ac618f5b-f519-4b72-bb42-28479fa2672e,2025-04-12 01:57:11.942758,completed,Google Pay,14.77,,0.0,,True,31.2,45.97
ORD-000042,ac618f5b-f519-4b72-bb42-28479fa2672e,2023-07-25 11:08:21.940788,cancelled,PayPal,14.71,,0.0,Found better price,True,10.53,25.24
ORD-000043,2235c64b-3b66-4f16-a325-83776cd866b5,2024-10-14 03:24:48.232028,cancelled,Google Pay,17.08,,0.0,Delayed shipping,True,1818.51,1835.59
ORD-000044,2235c64b-3b66-4f16-a325-83776cd866b5,2024-12-12 13:28:12.859069,completed,Bank Transfer,15.16,,0.0,,True,5633.98,5649.14
ORD-000045,b21e3959-ba6d-4788-b83e-b146520d6b2b,2025-05-25 16:54:15.556023,returned,Bank Transfer,9.48,ROLE,6.6,Found better price,True,5421.77,5424.65
ORD-000046,b21e3959-ba6d-4788-b83e-b146520d6b2b,2025-05-21 21:12:22.704879,completed,Apple Pay,14.77,MESSAGE,17.93,,True,317.61,314.45
ORD-000047,5eac7310-05c8-4fee-be17-d5eee6ef17d9,2025-04-12 08:04:06.405434,completed,Google Pay,9.79,DOWN,5.64,,True,4666.12,4670.27
ORD-000048,1e1eb3da-83b0-4ace-84a9-0932d4e7ff28,2025-07-06 16:56:23.789315,completed,Google Pay,17.24,,0.0,,True,4252.8,4270.04
ORD-000049,1e1eb3da-83b0-4ace-84a9-0932d4e7ff28,2025-07-04 20:21:40.224686,completed,Apple Pay,15.08,,0.0,,True,1021.01,1036.09
ORD-000050,1e1eb3da-83b0-4ace-84a9-0932d4e7ff28,2025-07-07 14:23:10.383592,completed,PayPal,12.06,,0.0,,True,3490.44,3502.5
ORD-000051,1e1eb3da-83b0-4ace-84a9-0932d4e7ff28,2025-07-08 13:47:18.820877,completed,Credit Card,9.97,TREATMENT,12.35,,True,977.92,975.54
ORD-000052,1e1eb3da-83b0-4ace-84a9-0932d4e7ff28,2025-07-06 00:29:08.486396,returned,Credit Card,14.52,,0.0,Changed mind,True,3813.42,3827.94
ORD-000053,ae5073b2-c618-4c7b-823d-5debda7b975f,2025-05-27 07:27:01.131604,completed,Apple Pay,8.0,,0.0,,True,5516.43,5524.43
ORD-000054,ae5073b2-c618-4c7b-823d-5debda7b975f,2025-03-21 21:32:01.311225,completed,Google Pay,5.07,THINK,24.03,,True,377.15,358.19
ORD-000055,825222ad-5db4-4f62-b37f-ec62e128a515,2024-10-23 15:37:38.999191,completed,Google Pay,16.7,LAY,15.84,,True,2662.64,2663.5
ORD-000056,1f8c3e85-d4a5-416c-9abd-9c17530877d0,2023-10-16 07:26:54.673965,completed,Credit Card,5.21,,0.0,,True,4087.65,4092.86
ORD-000057,1f8c3e85-d4a5-416c-9abd-9c17530877d0,2024-06-08 13:37:47.947109,completed,Apple Pay,13.83,TREATMENT,25.6,,True,2553.0,2541.23
ORD-000058,1f8c3e85-d4a5-416c-9abd-9c17530877d0,2024-10-30 13:34:02.401186,completed,Apple Pay,15.3,THOUSAND,29.9,,True,1756.6,1742.0
ORD-000059,df4139f3-c713-4db6-b7e9-1427d211804d,2024-09-20 06:41:38.944747,shipped,Google Pay,6.97,,0.0,,True,5125.1,5132.07
ORD-000060,a8dea0a4-58f6-427f-8fe4-9cba78f732b8,2024-10-17 11:24:47.889454,cancelled,Apple Pay,13.91,ENTER,7.7,Damaged,True,1018.85,1025.06
ORD-000061,a8dea0a4-58f6-427f-8fe4-9cba78f732b8,2025-02-27 11:05:53.968283,completed,PayPal,11.25,,0.0,,True,3490.6,3501.85
ORD-000062,18a294a9-3659-4ad6-8858-2df791b1c9d7,2025-01-29 17:03:12.740513,shipped,PayPal,9.05,,0.0,,True,1510.77,1519.82
ORD-000063,18a294a9-3659-4ad6-8858-2df791b1c9d7,2025-04-20 08:09:30.923432,completed,PayPal,14.27,ENTER,24.62,,True,2433.44,2423.09
ORD-000064,18a294a9-3659-4ad6-8858-2df791b1c9d7,2025-07-04 17:07:57.546059,processing,PayPal,5.59,,0.0,,True,1913.63,1919.22
ORD-000065,9553a32b-3ad6-419a-be41-6a11f6ee2717,2023-09-24 08:47:15.754978,shipped,PayPal,5.19,BLOOD,7.76,,True,2530.23,2527.66
ORD-000066,9553a32b-3ad6-419a-be41-6a11f6ee2717,2024-12-16 07:13:17.806486,completed,PayPal,19.83,MENTION,16.61,,True,752.66,755.88
ORD-000067,9553a32b-3ad6-419a-be41-6a11f6ee2717,2024-01-16 03:10:15.533440,processing,PayPal,17.78,,0.0,,True,1684.7,1702.48
ORD-000068,b325ca84-085d-434c-9d5c-004b3f299941,2025-01-12 09:40:49.409111,completed,Credit Card,7.08,,0.0,,True,2306.22,2313.3
ORD-000069,b325ca84-085d-434c-9d5c-004b3f299941,2025-02-15 03:39:45.297962,completed,PayPal,17.22,REDUCE,15.02,,True,4633.34,4635.54
ORD-000070,5eaa9bfd-61f2-4063-bb87-cce482a7df57,2024-04-11 07:26:17.596211,completed,Google Pay,15.44,STATEMENT,28.56,,True,1885.62,1872.5
ORD-000071,d7db113d-095b-44db-bb23-933e12536495,2025-06-29 00:20:10.275194,shipped,PayPal,13.53,,0.0,,True,2407.01,2420.54
ORD-000072,d7db113d-095b-44db-bb23-933e12536495,2025-06-10 01:22:18.135236,completed,Apple Pay,12.32,,0.0,,True,4894.43,4906.75
ORD-000073,05fb8574-ba12-495d-8709-06aeca7f7bd3,2025-06-13 01:01:36.910710,processing,Apple Pay,13.65,,0.0,,True,4505.12,4518.77
ORD-000074,05fb8574-ba12-495d-8709-06aeca7f7bd3,2025-06-10 08:41:43.811500,completed,Credit Card,8.73,,0.0,,True,7973.82,7982.55
ORD-000075,05fb8574-ba12-495d-8709-06aeca7f7bd3,2025-06-13 01:00:24.714858,completed,PayPal,12.58,,0.0,,True,2496.47,2509.05
ORD-000076,ee0e33a7-1632-4613-82ca-3b968152b003,2025-05-23 16:21:44.661041,returned,Apple Pay,13.26,,0.0,Changed mind,True,1470.4,1483.66
ORD-000077,f3ad632c-f16a-4bac-9087-f9201b9d7b97,2025-03-11 13:23:18.791589,completed,Apple Pay,17.85,,0.0,,True,2022.96,2040.81
ORD-000078,f3ad632c-f16a-4bac-9087-f9201b9d7b97,2024-07-30 07:36:05.873391,completed,Bank Transfer,5.27,,0.0,,True,102.0,107.27
ORD-000079,f3ad632c-f16a-4bac-9087-f9201b9d7b97,2024-08-22 20:53:32.026360,completed,Google Pay,17.39,,0.0,,True,5906.45,5923.84
ORD-000080,f3ad632c-f16a-4bac-9087-f9201b9d7b97,2025-05-11 17:44:55.959903,completed,Apple Pay,17.66,,0.0,,True,5226.29,5243.95
ORD-000081,03ea3498-b4cb-444a-9aa1-93727aac58e1,2024-08-27 08:20:59.961459,processing,Credit Card,14.5,,0.0,,True,3401.56,3416.06
ORD-000082,03ea3498-b4cb-444a-9aa1-93727aac58e1,2023-05-05 02:01:30.492620,completed,PayPal,14.16,BEYOND,28.26,,True,1669.47,1655.37
ORD-000083,03ea3498-b4cb-444a-9aa1-93727aac58e1,2023-05-21 18:20:04.250823,completed,Apple Pay,17.56,,0.0,,True,4417.47,4435.03
ORD-000084,03ea3498-b4cb-444a-9aa1-93727aac58e1,2024-12-12 11:06:34.096332,completed,PayPal,19.03,,0.0,,True,3647.05,3666.08
ORD-000085,aff2d062-5f3c-40a8-8a45-bf8ab05dd711,2024-06-28 16:01:33.418321,completed,PayPal,14.86,,0.0,,True,3345.51,3360.37
ORD-000086,7fe65df6-a939-43ce-9e91-60a479d8588f,2025-02-19 19:03:31.848411,cancelled,PayPal,9.1,,0.0,Wrong item,True,4528.91,4538.01
ORD-000087,4ed4b4b9-a571-4ea7-b1dd-77d9785fe198,2025-06-14 01:24:49.554491,shipped,PayPal,12.68,,0.0,,True,8922.69,8935.37
ORD-000088,4ed4b4b9-a571-4ea7-b1dd-77d9785fe198,2025-02-10 09:16:44.586064,processing,Apple Pay,6.99,,0.0,,True,2722.59,2729.58
ORD-000089,4ed4b4b9-a571-4ea7-b1dd-77d9785fe198,2025-02-03 04:19:24.137255,completed,PayPal,6.73,,0.0,,True,4503.9,4510.63
ORD-000090,eef225e1-8f35-4e1f-bf29-b3b05e19dbc0,2025-04-14 00:03:12.633736,completed,Bank Transfer,17.71,,0.0,,True,3892.41,3910.12
ORD-000091,eef225e1-8f35-4e1f-bf29-b3b05e19dbc0,2024-12-01 20:50:25.924870,completed,PayPal,17.59,,0.0,,True,2081.01,2098.6
ORD-000092,047a5c80-1878-47f7-ace9-f176c0b4e024,2025-02-14 21:45:12.415578,completed,Apple Pay,18.02,,0.0,,True,4232.69,4250.71
ORD-000093,0f483c20-5461-4023-9ae5-d36bb1525b83,2025-04-08 09:39:15.351953,completed,PayPal,16.76,,0.0,,True,1789.25,1806.01
ORD-000094,0f483c20-5461-4023-9ae5-d36bb1525b83,2024-10-18 00:04:33.547271,shipped,Google Pay,13.28,NECESSARY,11.28,,True,5976.61,5978.61
ORD-000095,ccba9453-d994-4fc8-9550-2ea057eeed8b,2022-11-15 10:12:16.880275,completed,Google Pay,15.87,INSIDE,16.22,,True,475.33,474.98
ORD-000096,ccba9453-d994-4fc8-9550-2ea057eeed8b,2025-01-02 05:01:13.386503,completed,Apple Pay,16.03,PRODUCTION,6.02,,True,4312.91,4322.92
ORD-000097,e668f982-dbcc-4563-8b9b-209743de8b2f,2024-12-18 14:24:12.090378,completed,Apple Pay,11.99,,0.0,,True,588.47,600.46
ORD-000098,53a7ecf6-2660-409f-80f1-df911eacacaf,2025-06-12 03:40:31.931701,completed,Apple Pay,13.95,,0.0,,True,3369.91,3383.86
ORD-000099,9e51e1a4-05dc-413e-bbe4-85bd5d321d2f,2025-06-08 11:27:54.669603,completed,Bank Transfer,16.79,DIRECTION,18.58,,True,1949.8,1948.01
ORD-000100,9e51e1a4-05dc-413e-bbe4-85bd5d321d2f,2025-02-16 03:15:35.142914,completed,Google Pay,14.27,,0.0,,True,7002.6,7016.87
ORD-000101,ffb6f070-ae73-4659-97c1-af36728957ed,2022-10-24 17:49:21.054034,completed,Credit Card,15.24,,0.0,,True,1880.32,1895.56
ORD-000102,ffb6f070-ae73-4659-97c1-af36728957ed,2025-05-15 00:34:01.331851,cancelled,Google Pay,15.86,BIT,17.92,Changed mind,True,3014.13,3012.07
ORD-000103,8b0f1876-f16a-4174-833b-a869c20a6a64,2023-07-17 18:05:42.102057,shipped,Google Pay,7.89,,0.0,,True,260.14,268.03
ORD-000104,8b0f1876-f16a-4174-833b-a869c20a6a64,2023-11-17 00:54:32.633059,shipped,Apple Pay,16.6,,0.0,,True,425.0,441.6
ORD-000105,8b0f1876-f16a-4174-833b-a869c20a6a64,2022-10-21 12:44:12.977821,processing,Google Pay,16.6,,0.0,,True,5375.82,5392.42
ORD-000106,182848d6-ee88-4660-9ca1-ee7ec8644eb6,2024-09-27 00:00:07.755320,completed,Bank Transfer,6.08,,0.0,,True,879.5,885.58
ORD-000107,0f0adcff-1ef6-483d-87ca-d484c1d40c9c,2025-06-08 22:19:22.951662,cancelled,PayPal,5.57,HER,9.45,Damaged,True,2501.12,2497.24
ORD-000108,0f0adcff-1ef6-483d-87ca-d484c1d40c9c,2025-05-20 02:05:34.018145,completed,Google Pay,14.45,,0.0,,True,473.5,487.95
ORD-000109,fe75e4c0-6151-4160-afee-2e89a1fe58df,2024-08-23 11:26:48.549535,completed,PayPal,13.02,,0.0,,True,5616.36,5629.38
ORD-000110,fe75e4c0-6151-4160-afee-2e89a1fe58df,2025-06-25 21:17:30.954812,shipped,Credit Card,6.3,,0.0,,True,3984.73,3991.03
ORD-000111,69443d90-f64d-4e7b-809a-b7960dd2c4fe,2023-06-23 03:16:11.888636,completed,Apple Pay,16.95,,0.0,,True,8462.85,8479.8
ORD-000112,69443d90-f64d-4e7b-809a-b7960dd2c4fe,2024-01-05 05:03:40.400039,completed,Credit Card,19.36,ANYONE,26.87,,True,990.24,982.73
ORD-000113,69443d90-f64d-4e7b-809a-b7960dd2c4fe,2023-09-06 11:23:14.630467,completed,Credit Card,13.06,,0.0,,True,3120.06,3133.12
ORD-000114,fc4d1c29-f3c7-48b3-853d-c716da30b613,2024-11-10 08:52:36.202470,shipped,Apple Pay,17.77,PROVE,9.6,,True,5907.22,5915.39
ORD-000115,fc4d1c29-f3c7-48b3-853d-c716da30b613,2023-11-28 02:48:49.967349,completed,PayPal,15.08,STUDENT,9.94,,True,6022.15,6027.29
ORD-000116,fc4d1c29-f3c7-48b3-853d-c716da30b613,2023-09-07 04:01:32.985154,completed,Apple Pay,11.76,,0.0,,True,4393.79,4405.55
ORD-000117,50adeb1e-df90-4291-b70e-e474d480caf8,2025-02-25 12:07:26.622311,completed,Apple Pay,7.53,,0.0,,True,3604.66,3612.19
ORD-000118,50adeb1e-df90-4291-b70e-e474d480caf8,2025-05-28 13:10:27.392882,shipped,Google Pay,10.39,,0.0,,True,3363.62,3374.01
ORD-000119,50adeb1e-df90-4291-b70e-e474d480caf8,2025-03-24 14:34:54.016364,completed,Bank Transfer,7.64,,0.0,,True,2112.46,2120.1
ORD-000120,2a345803-3eb8-443d-88ca-e85d1a9058ad,2025-03-03 20:23:03.229519,processing,Google Pay,6.13,SOME,17.68,,True,1494.66,1483.11
ORD-000121,b1c08ae8-30cf-4881-a8dc-efad67191a57,2024-01-22 03:38:39.423560,returned,Credit Card,16.54,TEAM,5.92,Changed mind,True,5486.25,5496.87
ORD-000122,b1c08ae8-30cf-4881-a8dc-efad67191a57,2023-08-30 14:24:58.244353,completed,Bank Transfer,8.35,,0.0,,True,2966.39,2974.74
ORD-000123,b1c08ae8-30cf-4881-a8dc-efad67191a57,2024-05-25 01:48:48.313164,completed,Google Pay,14.94,,0.0,,True,5375.26,5390.2
ORD-000124,b1c08ae8-30cf-4881-a8dc-efad67191a57,2023-06-23 11:06:47.988313,cancelled,Google Pay,12.25,,0.0,Changed mind,True,2910.3,2922.55
ORD-000125,b1c08ae8-30cf-4881-a8dc-efad67191a57,2024-01-24 19:50:16.551922,completed,Google Pay,5.64,NOTHING,27.69,,True,2207.14,2185.09
ORD-000126,b3467743-11bc-4ade-b5cd-6132dffe1459,2024-10-30 11:15:21.636589,completed,Credit Card,9.86,,0.0,,True,5747.51,5757.37
ORD-000127,5834bd4e-8fe5-4745-ae7c-df3995b8fa14,2025-03-06 02:30:08.563813,completed,Google Pay,18.47,DRIVE,11.29,,True,1475.31,1482.49
ORD-000128,23a33880-4dbb-46de-9a29-1c54e436a4fb,2023-06-22 20:43:13.802282,completed,Bank Transfer,12.23,,0.0,,True,2949.9,2962.13
ORD-000129,23a33880-4dbb-46de-9a29-1c54e436a4fb,2023-06-11 04:07:09.351918,completed,Credit Card,17.25,,0.0,,True,3022.58,3039.83
ORD-000130,ed8438d4-c9f6-42dd-882b-97e2f359c6d7,2025-06-18 19:02:12.678662,completed,Google Pay,11.16,BELIEVE,8.2,,True,3037.51,3040.47
ORD-000131,ed8438d4-c9f6-42dd-882b-97e2f359c6d7,2025-04-15 22:13:35.004272,cancelled,Bank Transfer,11.08,,0.0,Wrong item,True,78.99,90.07
ORD-000132,1336d9df-d368-435b-8928-62024a563971,2024-12-31 18:02:04.391250,completed,Apple Pay,17.32,,0.0,,True,3162.94,3180.26
ORD-000133,737d3787-76f0-4e87-865e-a1f01a08cfce,2025-02-12 11:48:22.022532,completed,Bank Transfer,7.56,,0.0,,True,4829.63,4837.19
ORD-000134,737d3787-76f0-4e87-865e-a1f01a08cfce,2024-11-14 00:42:00.545651,completed,Google Pay,6.03,,0.0,,True,1976.86,1982.89
ORD-000135,737d3787-76f0-4e87-865e-a1f01a08cfce,2025-01-10 04:30:11.817183,completed,PayPal,12.57,,0.0,,True,1891.0,1903.57
ORD-000136,737d3787-76f0-4e87-865e-a1f01a08cfce,2024-12-06 20:37:45.882531,processing,Apple Pay,14.0,,0.0,,True,9973.11,9987.11
ORD-000137,737d3787-76f0-4e87-865e-a1f01a08cfce,2025-04-14 15:14:36.733961,shipped,Google Pay,12.83,,0.0,,True,2649.18,2662.01
ORD-000138,53443dd5-db8a-46f6-8a0b-3e832ab28552,2024-07-31 10:58:19.196852,completed,Bank Transfer,8.44,,0.0,,True,5487.11,5495.55
ORD-000139,53443dd5-db8a-46f6-8a0b-3e832ab28552,2025-03-28 10:32:11.130666,completed,Apple Pay,12.16,WAR,26.48,,True,2535.46,2521.14
ORD-000140,53443dd5-db8a-46f6-8a0b-3e832ab28552,2024-08-06 04:28:05.445324,returned,PayPal,16.84,,0.0,Changed mind,True,1474.29,1491.13
ORD-000141,899d87ef-5c20-405f-a0cc-897438911313,2024-09-07 20:28:33.485314,completed,Google Pay,14.82,,0.0,,True,1803.64,1818.46
ORD-000142,40315882-b9f2-4a2d-b7ba-61a94a4dd8d9,2023-10-31 05:16:03.463364,completed,Bank Transfer,17.82,,0.0,,True,5807.38,5825.2
ORD-000143,dbf22bec-2e03-4ac6-af46-6e8b6c6eb005,2024-05-30 20:05:11.075839,processing,Apple Pay,16.76,,0.0,,True,4595.18,4611.94
ORD-000144,dbf22bec-2e03-4ac6-af46-6e8b6c6eb005,2024-08-10 04:45:30.393867,shipped,Apple Pay,15.58,,0.0,,True,839.88,855.46
ORD-000145,dbf22bec-2e03-4ac6-af46-6e8b6c6eb005,2024-09-28 18:06:51.774989,completed,Credit Card,16.75,,0.0,,True,650.61,667.36
ORD-000146,dbf22bec-2e03-4ac6-af46-6e8b6c6eb005,2024-12-18 00:50:08.239021,completed,Google Pay,16.79,,0.0,,True,3596.99,3613.78
ORD-000147,8eef7ee1-59cf-4c45-a8e3-7093b0106062,2025-01-13 16:57:49.707669,processing,Bank Transfer,11.53,FINE,10.54,,True,433.56,434.55
ORD-000148,8eef7ee1-59cf-4c45-a8e3-7093b0106062,2025-03-11 00:57:57.373302,completed,PayPal,10.76,,0.0,,True,4796.94,4807.7
ORD-000149,8eef7ee1-59cf-4c45-a8e3-7093b0106062,2024-11-23 11:54:54.673868,completed,Apple Pay,17.76,,0.0,,True,5540.48,5558.24
ORD-000150,ff162b55-46ed-408e-a57b-b6803782eb12,2024-06-18 04:07:45.222635,completed,Google Pay,5.0,SAFE,29.92,,True,1378.64,1353.72
ORD-000151,ff162b55-46ed-408e-a57b-b6803782eb12,2023-11-24 22:06:40.045431,completed,PayPal,6.35,BETTER,25.74,,True,5039.29,5019.9
ORD-000152,ff162b55-46ed-408e-a57b-b6803782eb12,2023-12-04 06:38:00.544526,completed,PayPal,12.59,,0.0,,True,6813.86,6826.45
ORD-000153,22a9c965-f75e-4054-8488-64587ac6ff44,2025-03-30 14:34:21.095170,returned,PayPal,13.45,,0.0,Delayed shipping,True,2918.7,2932.15
ORD-000154,ac2ec8fd-7e82-4837-aeeb-c2c28ad6d599,2025-05-07 12:37:05.693407,completed,Bank Transfer,6.01,,0.0,,True,2460.91,2466.92
ORD-000155,3230326b-e30a-4042-b8c8-609caa3e41bd,2023-10-23 20:51:26.342831,completed,Apple Pay,10.3,,0.0,,True,1642.65,1652.95
ORD-000156,20a8c740-7e33-4498-ba86-a9b2bf0da3b1,2024-06-02 00:37:20.746689,shipped,Google Pay,18.97,,0.0,,True,913.9,932.87
ORD-000157,20a8c740-7e33-4498-ba86-a9b2bf0da3b1,2025-02-03 19:21:17.408942,completed,Apple Pay,18.65,,0.0,,True,919.97,938.62
ORD-000158,673dbe01-0af2-4ab8-bb4b-b56e0ae4477d,2025-06-22 23:34:38.779541,completed,Bank Transfer,8.04,INDUSTRY,20.46,,True,566.01,553.59
ORD-000159,a5f4f731-0dd9-4c59-a89c-004ce0b45c8a,2024-07-10 08:25:15.843563,completed,Google Pay,14.95,,0.0,,True,3176.79,3191.74
ORD-000160,a5f4f731-0dd9-4c59-a89c-004ce0b45c8a,2024-10-24 01:34:32.771133,shipped,Credit Card,16.46,,0.0,,True,2287.52,2303.98
ORD-000161,318bae3e-145c-45c5-9eb9-dd1f16a08d0e,2025-06-22 08:17:41.695546,completed,Apple Pay,10.21,,0.0,,True,1607.49,1617.7
ORD-000162,3f729fe2-4192-4b90-a435-17d1cd812377,2025-03-17 21:43:31.094456,completed,Google Pay,9.73,UNDER,21.85,,True,4785.17,4773.05
ORD-000163,3f729fe2-4192-4b90-a435-17d1cd812377,2025-05-21 14:07:23.239423,shipped,Google Pay,12.07,,0.0,,True,1938.58,1950.65
ORD-000164,3f729fe2-4192-4b90-a435-17d1cd812377,2024-09-09 14:53:32.489868,completed,Apple Pay,11.01,,0.0,,True,2554.0,2565.01
ORD-000165,3f729fe2-4192-4b90-a435-17d1cd812377,2025-01-05 19:13:04.249158,completed,Google Pay,17.0,,0.0,,True,2947.1,2964.1
ORD-000166,9c83ddf9-388d-490a-9405-7ac660180c66,2025-03-29 02:02:41.879437,completed,Apple Pay,12.3,DOWN,26.46,,True,1757.38,1743.22
ORD-000167,a8ef2902-e582-4559-8225-ff5e0bf7a7b2,2024-12-31 13:59:03.668617,completed,PayPal,7.45,AMOUNT,11.36,,True,365.7,361.79
ORD-000168,a8ef2902-e582-4559-8225-ff5e0bf7a7b2,2024-10-25 20:37:36.438865,shipped,Apple Pay,8.9,,0.0,,True,3899.82,3908.72
ORD-000169,a8ef2902-e582-4559-8225-ff5e0bf7a7b2,2024-09-25 00:24:43.578018,completed,Apple Pay,7.62,,0.0,,True,3612.28,3619.9
ORD-000170,fab5b945-3d99-4e8d-810c-e84ff20b6bcc,2025-06-30 21:34:45.133619,completed,Bank Transfer,10.72,AGREE,20.79,,True,866.91,856.84
ORD-000171,b82b1c26-c131-4af0-87a7-2d568cd3a3d0,2025-03-06 12:44:35.774101,completed,Google Pay,14.18,,0.0,,True,565.86,580.04
ORD-000172,a710f0b4-0dc1-41fb-a5f6-62c60e4d9c5c,2025-05-01 16:16:45.002794,returned,PayPal,8.42,,0.0,Wrong item,True,3730.21,3738.63
ORD-000173,28e40dbe-fa60-4c22-915f-688f93e8c85e,2025-07-04 19:57:15.296359,cancelled,Bank Transfer,19.08,,0.0,Delayed shipping,True,3592.92,3612.0
ORD-000174,28e40dbe-fa60-4c22-915f-688f93e8c85e,2025-01-13 05:13:35.804466,processing,Google Pay,6.2,DRAW,7.58,,True,1618.54,1617.16
ORD-000175,28e40dbe-fa60-4c22-915f-688f93e8c85e,2025-02-27 20:00:20.967038,completed,Google Pay,5.4,,0.0,,True,648.05,653.45
ORD-000176,6c8b7c41-c2b6-4bc6-97a4-2c95c545f1f2,2025-07-01 02:00:26.311052,returned,PayPal,7.33,,0.0,Wrong item,True,8195.18,8202.51
ORD-000177,cb6e5130-2651-4d19-ad19-ff28875d6a0f,2022-12-28 08:27:54.057552,completed,PayPal,5.43,,0.0,,True,5489.96,5495.39
ORD-000178,806e2dda-0517-4494-940d-3bf1b045bf30,2024-09-18 14:25:10.883819,returned,Apple Pay,19.54,,0.0,Found better price,True,2641.98,2661.52
ORD-000179,806e2dda-0517-4494-940d-3bf1b045bf30,2025-06-23 23:39:13.943970,completed,PayPal,18.16,,0.0,,True,5991.5,6009.66
ORD-000180,806e2dda-0517-4494-940d-3bf1b045bf30,2025-05-10 08:32:23.051651,completed,Apple Pay,5.0,,0.0,,True,3224.75,3229.75
ORD-000181,806e2dda-0517-4494-940d-3bf1b045bf30,2024-12-05 08:07:54.377919,shipped,Credit Card,18.83,,0.0,,True,1396.16,1414.99
ORD-000182,806e2dda-0517-4494-940d-3bf1b045bf30,2024-11-16 20:40:53.028064,completed,Credit Card,7.83,,0.0,,True,4775.01,4782.84
ORD-000183,806e2dda-0517-4494-940d-3bf1b045bf30,2025-01-04 18:58:44.553389,processing,Credit Card,11.33,OUT,24.11,,True,5841.47,5828.69
ORD-000184,806e2dda-0517-4494-940d-3bf1b045bf30,2024-08-06 00:22:08.094900,processing,Apple Pay,9.34,,0.0,,True,5759.35,5768.69
ORD-000185,8b47680c-7fee-41bd-9170-081a43766d4d,2023-10-27 08:13:18.196689,completed,Credit Card,6.53,NATURAL,22.88,,True,386.93,370.58
ORD-000186,8b47680c-7fee-41bd-9170-081a43766d4d,2024-08-23 07:06:41.453578,completed,Credit Card,5.22,PRODUCT,15.51,,True,3876.83,3866.54
ORD-000187,8b47680c-7fee-41bd-9170-081a43766d4d,2024-08-19 03:37:07.482622,completed,Bank Transfer,12.05,WEEK,26.04,,True,2989.49,2975.5
ORD-000188,674f7e16-7c78-4a5c-8c1c-0069109bed49,2025-07-06 03:02:15.055430,completed,Credit Card,16.03,SKIN,21.65,,True,3169.16,3163.54
ORD-000189,85901ad3-63de-435b-9ed5-4fe410c1df19,2024-07-05 03:06:35.457636,returned,Bank Transfer,7.38,,0.0,Delayed shipping,True,4736.52,4743.9
ORD-000190,0cc14b72-7d52-41cc-aa7a-8090f5f4b8f7,2025-07-06 06:11:03.922085,cancelled,Google Pay,8.54,,0.0,Wrong item,True,796.59,805.13
ORD-000191,3bfc66df-1f7a-4b11-8cb9-e1a33d806eca,2025-06-30 01:18:17.955579,completed,Google Pay,13.77,,0.0,,True,1450.67,1464.44
ORD-000192,3bfc66df-1f7a-4b11-8cb9-e1a33d806eca,2025-07-06 00:53:17.648709,cancelled,Apple Pay,12.13,,0.0,Wrong item,True,3344.67,3356.8
ORD-000193,bc84b08d-667a-4f5c-87d7-a7e3df9c0f98,2025-01-28 19:20:50.158006,processing,Bank Transfer,19.54,,0.0,,True,927.7,947.24
ORD-000194,0bac6f56-a353-4054-ae00-1b16a7990601,2024-03-09 11:05:22.272854,shipped,Credit Card,7.31,,0.0,,True,586.76,594.07
ORD-000195,0bac6f56-a353-4054-ae00-1b16a7990601,2025-05-12 17:49:11.716226,completed,Bank Transfer,9.75,,0.0,,True,1477.77,1487.52
ORD-000196,257d0797-3711-4933-b8cc-4ad9bf492cc4,2023-05-17 06:37:52.756645,completed,Credit Card,8.76,NOW,22.67,,True,4172.18,4158.27
ORD-000197,08e6a3ef-489a-4216-accd-ee316683ce84,2025-03-27 01:03:32.720908,completed,Credit Card,13.98,,0.0,,True,1645.75,1659.73
ORD-000198,08e6a3ef-489a-4216-accd-ee316683ce84,2025-07-01 23:41:10.476344,completed,Google Pay,8.95,,0.0,,True,1508.7,1517.65
ORD-000199,08e6a3ef-489a-4216-accd-ee316683ce84,2025-02-19 03:24:46.921648,completed,Apple Pay,16.0,,0.0,,True,3604.7,3620.7
ORD-000200,f7f16cce-bae1-4103-854f-99783d21f8ad,2025-04-03 17:25:35.876188,completed,Credit Card,12.46,,0.0,,True,2745.63,2758.09
ORD-000201,f7f16cce-bae1-4103-854f-99783d21f8ad,2025-06-29 07:46:20.143051,completed,Credit Card,5.47,EMPLOYEE,9.79,,True,2334.75,2330.43
ORD-000202,f7f16cce-bae1-4103-854f-99783d21f8ad,2025-02-18 13:58:51.695212,completed,Google Pay,10.83,,0.0,,True,6760.62,6771.45
ORD-000203,f7f16cce-bae1-4103-854f-99783d21f8ad,2024-09-23 02:01:41.513584,completed,Apple Pay,18.93,,0.0,,True,6027.08,6046.01
ORD-000204,87e9eb7a-9fdb-4e52-a9f9-6a099089ebb8,2022-12-21 06:27:14.808204,processing,PayPal,14.25,,0.0,,True,1377.6,1391.85
ORD-000205,a92146b6-76bd-47ea-b32a-ce46a8cf090c,2025-04-18 16:40:33.924656,completed,Google Pay,8.24,,0.0,,True,928.32,936.56
ORD-000206,a92146b6-76bd-47ea-b32a-ce46a8cf090c,2025-06-24 12:12:53.568593,shipped,Apple Pay,10.78,SECTION,21.42,,True,8099.83,8089.19
ORD-000207,a92146b6-76bd-47ea-b32a-ce46a8cf090c,2024-02-09 19:33:24.242168,completed,Apple Pay,14.98,,0.0,,True,2050.85,2065.83
ORD-000208,e1b7d08e-ccf6-4126-97a1-4812af833aa2,2024-08-12 11:49:24.988340,completed,Bank Transfer,7.37,,0.0,,True,3219.87,3227.24
ORD-000209,1ac485e7-b33f-400d-b0e4-293257498ebb,2025-06-11 06:17:38.865323,completed,Google Pay,11.46,,0.0,,True,5474.87,5486.33
ORD-000210,1ac485e7-b33f-400d-b0e4-293257498ebb,2025-05-13 07:01:17.855649,completed,Bank Transfer,10.96,,0.0,,True,4377.34,4388.3
ORD-000211,6c05bb41-ab96-406b-bbaf-d1d207b87067,2024-12-27 13:13:57.855189,processing,PayPal,19.77,SERIES,12.87,,True,2317.86,2324.76
ORD-000212,78581091-68a2-4901-97df-71f83401d0b7,2025-01-21 21:13:05.216870,completed,PayPal,11.91,ONCE,11.62,,True,3826.63,3826.92
ORD-000213,92eab5f9-1a9a-4854-a3bc-01d8cf279685,2025-01-02 14:26:39.571786,completed,Bank Transfer,12.24,,0.0,,True,4901.42,4913.66
ORD-000214,eeddb924-d39f-48ea-b34d-0d6b7dcb44fd,2024-05-07 08:44:30.999180,completed,PayPal,17.26,,0.0,,True,53.73,70.99
ORD-000215,eeddb924-d39f-48ea-b34d-0d6b7dcb44fd,2024-06-01 05:46:01.414744,completed,Apple Pay,17.74,,0.0,,True,5849.36,5867.1
ORD-000216,992e01c0-3b1a-43cb-87ca-1b6e68ea7790,2025-03-29 19:34:12.363720,completed,Apple Pay,7.3,,0.0,,True,3904.15,3911.45
ORD-000217,de8cf248-b146-4084-96da-95fb34f207ff,2024-03-05 23:16:59.182246,processing,Google Pay,10.04,,0.0,,True,931.26,941.3
ORD-000218,de8cf248-b146-4084-96da-95fb34f207ff,2024-02-14 16:09:58.150637,returned,Google Pay,6.28,,0.0,Wrong item,True,1355.57,1361.85
ORD-000219,290f17c7-3efd-4eac-9773-0bb64854431e,2024-07-24 22:45:36.662126,completed,Apple Pay,14.78,ATTENTION,20.4,,True,4210.37,4204.75
ORD-000220,290f17c7-3efd-4eac-9773-0bb64854431e,2025-05-29 19:09:50.639512,completed,PayPal,10.48,CONGRESS,13.61,,True,322.14,319.01
ORD-000221,290f17c7-3efd-4eac-9773-0bb64854431e,2023-03-27 16:05:37.849550,completed,Credit Card,10.25,,0.0,,True,2287.96,2298.21
ORD-000222,1e315c15-1c07-4ebf-885f-c62ed22121ca,2024-04-15 02:38:43.494241,completed,PayPal,15.93,RATE,23.49,,True,3802.79,3795.23
ORD-000223,1e315c15-1c07-4ebf-885f-c62ed22121ca,2023-06-01 09:51:03.141063,returned,Apple Pay,15.41,HAND,16.25,Delayed shipping,True,172.54,171.7
ORD-000224,1e315c15-1c07-4ebf-885f-c62ed22121ca,2024-05-08 01:35:19.019187,completed,Credit Card,13.07,SEAT,18.08,,True,5893.98,5888.97
ORD-000225,a3c06e01-a22a-4fa1-a1c8-64908aef04a1,2024-08-09 09:55:39.001076,completed,Google Pay,5.28,,0.0,,True,2864.23,2869.51
ORD-000226,cb17205e-e9a1-41e3-b3b6-76aa2d516362,2025-01-02 04:49:25.787242,completed,PayPal,14.91,,0.0,,True,1102.57,1117.48
ORD-000227,cb17205e-e9a1-41e3-b3b6-76aa2d516362,2024-01-04 13:06:42.777744,processing,Apple Pay,15.65,,0.0,,True,3756.87,3772.52
ORD-000228,c32bc735-1de4-4333-95d0-805e90782ab9,2025-06-24 15:33:21.099918,completed,PayPal,8.71,,0.0,,True,4670.07,4678.78
ORD-000229,161d2e80-eed2-4c75-9ad5-4cd3ff36fdf3,2025-06-30 10:37:36.926954,completed,Apple Pay,14.38,YOURSELF,29.46,,True,5558.67,5543.59
ORD-000230,f5d43f4f-ac00-4346-9254-858efe57ee21,2025-04-18 10:40:12.203202,completed,Google Pay,10.13,,0.0,,True,2746.82,2756.95
ORD-000231,f5d43f4f-ac00-4346-9254-858efe57ee21,2023-06-05 16:01:06.529384,returned,Bank Transfer,14.19,,0.0,Delayed shipping,True,775.6,789.79
ORD-000232,48092de8-17ce-404e-9885-33d9c75865c4,2024-08-13 01:14:48.882357,completed,Bank Transfer,9.69,,0.0,,True,5407.75,5417.44
ORD-000233,48092de8-17ce-404e-9885-33d9c75865c4,2024-03-29 06:04:38.917471,completed,Credit Card,9.63,,0.0,,True,8148.01,8157.64
ORD-000234,54fdab30-eb43-4f4c-9ea8-113e7d558068,2025-01-11 11:42:30.565836,completed,Google Pay,6.78,,0.0,,True,2137.47,2144.25
ORD-000235,54fdab30-eb43-4f4c-9ea8-113e7d558068,2023-09-22 03:02:41.923088,processing,Apple Pay,11.21,,0.0,,True,4899.29,4910.5
ORD-000236,30e1427c-1896-414e-a189-d4d67855cc7a,2024-05-12 13:36:38.700350,completed,Google Pay,7.77,,0.0,,True,4901.92,4909.69
ORD-000237,30e1427c-1896-414e-a189-d4d67855cc7a,2024-11-14 06:12:02.773173,shipped,Google Pay,12.15,,0.0,,True,4298.99,4311.14
ORD-000238,30e1427c-1896-414e-a189-d4d67855cc7a,2024-03-13 03:16:54.630559,completed,Google Pay,16.47,SAME,11.75,,True,2764.92,2769.64
ORD-000239,7064ebae-14be-470b-a60b-460fd3742b5c,2024-07-30 17:30:30.477860,completed,Google Pay,12.35,,0.0,,True,2302.98,2315.33
ORD-000240,17e6f390-fad2-4879-8c96-8c6853632e71,2024-05-02 13:59:47.845233,completed,Credit Card,16.14,,0.0,,True,5014.49,5030.63
ORD-000241,17e6f390-fad2-4879-8c96-8c6853632e71,2024-10-04 01:48:04.309198,returned,Bank Transfer,10.93,,0.0,Damaged,True,3646.78,3657.71
ORD-000242,17e6f390-fad2-4879-8c96-8c6853632e71,2025-04-19 16:19:40.072227,completed,Google Pay,11.34,,0.0,,True,2264.55,2275.89
ORD-000243,c2901f91-bc9a-48ca-ab2e-44ef9943a884,2025-06-13 10:55:11.234654,completed,Google Pay,7.13,,0.0,,True,2467.18,2474.31
ORD-000244,f98f354a-d4da-4a3c-988a-d41c40b4f436,2024-08-06 06:53:30.723240,cancelled,Credit Card,10.9,,0.0,Found better price,True,682.08,692.98
ORD-000245,1504f336-460f-484f-844c-1ea58fba35c9,2025-06-11 17:09:02.481795,processing,PayPal,18.45,,0.0,,True,3578.68,3597.13
ORD-000246,1504f336-460f-484f-844c-1ea58fba35c9,2025-06-20 00:50:42.464249,completed,Bank Transfer,6.37,,0.0,,True,2998.69,3005.06
ORD-000247,f071a708-6ed5-4058-98cd-c934e6ae9999,2025-05-17 18:51:36.161960,completed,PayPal,7.4,,0.0,,True,581.16,588.56
ORD-000248,f071a708-6ed5-4058-98cd-c934e6ae9999,2025-04-24 11:09:22.856422,completed,Bank Transfer,13.48,,0.0,,True,654.66,668.14
ORD-000249,f071a708-6ed5-4058-98cd-c934e6ae9999,2025-06-09 03:44:19.925248,completed,Credit Card,5.77,,0.0,,True,3439.81,3445.58
ORD-000250,f071a708-6ed5-4058-98cd-c934e6ae9999,2025-06-16 22:13:50.593035,shipped,Google Pay,12.46,,0.0,,True,1364.01,1376.47
ORD-000251,443c5c2b-9f94-4112-abc1-2c3e7002a468,2025-05-03 13:23:34.175963,completed,PayPal,8.57,,0.0,,True,3664.87,3673.44
ORD-000252,10e54d70-4e40-42ea-998e-72e268829af3,2023-07-05 03:50:51.770921,returned,PayPal,14.43,,0.0,Wrong item,True,1518.22,1532.65
ORD-000253,10e54d70-4e40-42ea-998e-72e268829af3,2025-06-19 20:23:17.393872,shipped,Apple Pay,5.55,,0.0,,True,7291.6,7297.15
ORD-000254,24565d82-7f2f-4fd5-a5a5-f31352290ca2,2025-01-26 18:26:07.861302,completed,PayPal,15.5,,0.0,,True,3387.65,3403.15
ORD-000255,24565d82-7f2f-4fd5-a5a5-f31352290ca2,2024-12-22 06:45:57.192527,completed,Google Pay,16.38,,0.0,,True,1142.04,1158.42
ORD-000256,24565d82-7f2f-4fd5-a5a5-f31352290ca2,2025-03-16 22:49:13.205359,processing,Bank Transfer,6.83,,0.0,,True,4648.1,4654.93
ORD-000257,24565d82-7f2f-4fd5-a5a5-f31352290ca2,2025-03-17 20:51:43.143600,completed,Google Pay,13.57,,0.0,,True,5058.84,5072.41
ORD-000258,6b3b0395-fe9e-4fdc-8ead-ba7501abd115,2024-09-11 20:46:12.029044,completed,Credit Card,19.93,,0.0,,True,3910.23,3930.16
ORD-000259,6b3b0395-fe9e-4fdc-8ead-ba7501abd115,2025-01-30 16:11:25.334924,completed,Bank Transfer,12.47,,0.0,,True,3109.79,3122.26
ORD-000260,6b3b0395-fe9e-4fdc-8ead-ba7501abd115,2025-04-03 11:13:04.792755,completed,PayPal,19.98,,0.0,,True,2026.44,2046.42
ORD-000261,6b3b0395-fe9e-4fdc-8ead-ba7501abd115,2024-08-15 03:17:42.957696,returned,PayPal,9.22,,0.0,Delayed shipping,True,3468.35,3477.57
ORD-000262,e31d43fe-86ab-4a0f-bb90-5ceeeed3879b,2024-05-27 11:02:52.274040,completed,Google Pay,10.12,,0.0,,True,5352.08,5362.2
ORD-000263,c5ea2c0c-b69b-4290-8e71-c9e3eb62f843,2024-07-06 10:09:29.418032,completed,Google Pay,12.22,,0.0,,True,3917.37,3929.59
ORD-000264,c5ea2c0c-b69b-4290-8e71-c9e3eb62f843,2024-01-26 14:55:15.722784,completed,Google Pay,13.04,CALL,22.14,,True,2353.98,2344.88
ORD-000265,ec317855-243d-4b13-a800-50e3d7a31a16,2024-03-24 22:36:22.172271,cancelled,Credit Card,14.4,,0.0,Changed mind,True,4771.87,4786.27
ORD-000266,ec317855-243d-4b13-a800-50e3d7a31a16,2023-10-09 12:20:43.564986,completed,Google Pay,12.46,INTERNATIONAL,16.3,,True,1600.77,1596.93
ORD-000267,ec317855-243d-4b13-a800-50e3d7a31a16,2024-09-11 14:22:59.188522,completed,Apple Pay,18.7,,0.0,,True,662.18,680.88
ORD-000268,7fe861bb-2e5b-4b37-93d0-980302ec43fd,2025-06-10 14:38:42.760135,returned,Bank Transfer,7.31,,0.0,Delayed shipping,True,2169.1,2176.41
ORD-000269,5c26db78-c8da-4931-bfb0-07a557795819,2023-11-14 10:14:16.704210,processing,Bank Transfer,19.07,,0.0,,True,1845.31,1864.38
ORD-000270,5c26db78-c8da-4931-bfb0-07a557795819,2023-12-04 05:07:35.252262,completed,PayPal,17.97,SAME,12.77,,True,61.14,66.34
ORD-000271,5c26db78-c8da-4931-bfb0-07a557795819,2024-02-07 22:20:34.539069,completed,Credit Card,18.08,,0.0,,True,141.94,160.02
ORD-000272,97dc3850-8770-403e-9d4b-1e0fd0ec222d,2025-05-05 06:58:21.370549,shipped,PayPal,14.88,,0.0,,True,6310.21,6325.09
ORD-000273,97dc3850-8770-403e-9d4b-1e0fd0ec222d,2024-07-28 22:56:51.375598,shipped,Google Pay,9.09,FOREIGN,7.86,,True,7828.2,7829.43
ORD-000274,30bfcc9d-7d3c-46d6-830a-4fa95cf248a8,2024-10-04 11:17:34.972129,cancelled,PayPal,7.57,,0.0,Wrong item,True,2890.2,2897.77
ORD-000275,30bfcc9d-7d3c-46d6-830a-4fa95cf248a8,2025-03-04 20:56:39.531801,completed,Bank Transfer,10.75,UNTIL,14.8,,True,9721.33,9717.28
ORD-000276,30bfcc9d-7d3c-46d6-830a-4fa95cf248a8,2024-08-21 02:53:00.157280,processing,Google Pay,17.14,BELIEVE,28.07,,True,4515.48,4504.55
ORD-000277,30bfcc9d-7d3c-46d6-830a-4fa95cf248a8,2024-07-23 02:50:18.211021,cancelled,Apple Pay,11.98,INTEREST,10.59,Changed mind,True,4715.87,4717.26
ORD-000278,8015c8c4-4f6f-4c25-a753-171a10c45c5f,2025-05-24 22:05:50.871620,shipped,Google Pay,6.69,,0.0,,True,3528.27,3534.96
ORD-000279,b1517098-68ea-4b20-a57b-4161e764c658,2024-07-30 21:51:25.051761,completed,Bank Transfer,12.62,,0.0,,True,1034.58,1047.2
ORD-000280,3d6afe96-edfc-4fc0-8946-11210ba0f8f0,2024-07-15 19:53:16.841027,completed,Google Pay,6.06,,0.0,,True,1930.2,1936.26
ORD-000281,3d6afe96-edfc-4fc0-8946-11210ba0f8f0,2022-12-19 22:11:32.422969,returned,Google Pay,10.11,,0.0,Changed mind,True,4033.08,4043.19
ORD-000282,3d6afe96-edfc-4fc0-8946-11210ba0f8f0,2023-12-30 11:32:02.623612,completed,Google Pay,18.96,,0.0,,True,1582.83,1601.79
ORD-000283,3d6afe96-edfc-4fc0-8946-11210ba0f8f0,2023-01-01 13:34:47.249552,shipped,Credit Card,11.09,,0.0,,True,5328.88,5339.97
ORD-000284,3d6afe96-edfc-4fc0-8946-11210ba0f8f0,2023-06-16 16:37:58.987095,processing,Credit Card,16.36,,0.0,,True,5361.12,5377.48
ORD-000285,3d6afe96-edfc-4fc0-8946-11210ba0f8f0,2025-03-08 06:55:05.401044,returned,PayPal,16.92,,0.0,Delayed shipping,True,7724.87,7741.79
ORD-000286,692ae8a9-0d54-4cdc-80eb-1ce40fea031a,2024-03-24 15:29:56.980189,completed,Credit Card,6.91,ONTO,14.23,,True,5292.64,5285.32
ORD-000287,692ae8a9-0d54-4cdc-80eb-1ce40fea031a,2024-03-23 18:22:23.986495,completed,PayPal,13.85,,0.0,,True,1787.98,1801.83
ORD-000288,70907879-6460-4c6a-9372-c5538e491272,2024-09-17 23:06:58.620775,completed,Credit Card,17.65,,0.0,,True,1468.16,1485.81
ORD-000289,70907879-6460-4c6a-9372-c5538e491272,2024-06-14 01:24:23.839515,completed,Google Pay,18.27,,0.0,,True,594.23,612.5
ORD-000290,70907879-6460-4c6a-9372-c5538e491272,2025-06-21 16:29:38.963102,completed,PayPal,18.4,,0.0,,True,4093.47,4111.87
ORD-000291,2bd8de67-bfd6-453d-80f7-a31d9875b424,2025-04-08 14:21:44.494198,returned,Bank Transfer,14.07,,0.0,Wrong item,True,2744.77,2758.84
ORD-000292,2bd8de67-bfd6-453d-80f7-a31d9875b424,2024-12-28 01:52:56.311564,completed,Google Pay,13.65,IF,5.95,,True,3590.67,3598.37
ORD-000293,3e35fdc1-bcce-4db4-a0a0-c97651a7a937,2024-05-03 10:57:56.812997,completed,Bank Transfer,19.75,,0.0,,True,2355.81,2375.56
ORD-000294,3e35fdc1-bcce-4db4-a0a0-c97651a7a937,2025-03-06 10:22:20.434785,completed,Apple Pay,14.46,,0.0,,True,343.11,357.57
ORD-000295,326c1a67-f92c-402b-aa38-08b0f6f4a0b2,2024-06-23 09:13:57.178125,returned,Credit Card,16.97,,0.0,Found better price,True,38.36,55.33
ORD-000296,a6c7e80c-4494-4a24-9e8a-89e6d5177efe,2024-12-29 09:05:35.824125,completed,Google Pay,5.16,,0.0,,True,3863.21,3868.37
ORD-000297,a6c7e80c-4494-4a24-9e8a-89e6d5177efe,2024-09-26 21:05:54.316314,shipped,Credit Card,13.96,,0.0,,True,6685.87,6699.83
ORD-000298,a6c7e80c-4494-4a24-9e8a-89e6d5177efe,2024-10-28 09:49:31.552896,completed,Apple Pay,12.27,PROVIDE,6.92,,True,2530.22,2535.57
ORD-000299,a4eb3f3b-614f-4450-8d7c-f457fdcdc6fd,2025-01-31 02:27:12.526040,shipped,Google Pay,6.67,COURT,19.79,,True,2386.79,2373.67
ORD-000300,a4eb3f3b-614f-4450-8d7c-f457fdcdc6fd,2024-12-26 06:12:39.598149,completed,Apple Pay,15.51,,0.0,,True,5249.4,5264.91
ORD-000301,640b30bc-f552-4853-a933-0463ffc8bb9e,2025-06-30 11:32:51.296944,processing,Bank Transfer,8.57,,0.0,,True,1892.58,1901.15
ORD-000302,beba9710-76f5-4336-919e-934124b8f152,2024-11-13 22:21:04.493359,shipped,Apple Pay,8.97,,0.0,,True,644.86,653.83
ORD-000303,1a6f9da3-7def-4211-8b0e-8cbe40a4aa0f,2025-05-04 23:55:01.434663,completed,Google Pay,12.14,,0.0,,True,5464.11,5476.25
ORD-000304,80fb9094-5041-4d01-ade2-a4e4c33bfc52,2023-07-12 18:42:03.248168,completed,Credit Card,9.74,,0.0,,True,378.85,388.59
ORD-000305,80fb9094-5041-4d01-ade2-a4e4c33bfc52,2024-01-17 13:01:36.288568,completed,Credit Card,14.56,,0.0,,True,4975.25,4989.81
ORD-000306,a45ebb65-9599-4c2e-be05-171c9d35900e,2025-03-24 17:43:45.554833,shipped,Bank Transfer,10.87,,0.0,,True,1103.73,1114.6
ORD-000307,c7bbe8cf-2ac0-4c57-b878-afe1ed2857de,2024-04-23 07:57:30.036576,completed,Apple Pay,15.17,,0.0,,True,1826.19,1841.36
ORD-000308,901793f8-2543-43c2-bbe2-98557f7a2a0d,2025-03-29 17:14:47.471222,cancelled,Credit Card,12.88,,0.0,Damaged,True,1584.25,1597.13
ORD-000309,901793f8-2543-43c2-bbe2-98557f7a2a0d,2025-02-09 04:30:45.481225,shipped,Google Pay,5.85,,0.0,,True,1039.05,1044.9
ORD-000310,901793f8-2543-43c2-bbe2-98557f7a2a0d,2024-08-19 14:20:38.921443,completed,Credit Card,6.3,,0.0,,True,4613.29,4619.59
ORD-000311,93d1d063-58f9-4083-9d79-c8696fa10720,2025-02-20 03:07:47.320246,completed,PayPal,9.42,,0.0,,True,2328.96,2338.38
ORD-000312,90d99aed-d20a-480a-be48-235c338c0107,2024-06-19 16:52:41.893710,completed,Credit Card,19.93,,0.0,,True,2206.12,2226.05
ORD-000313,90d99aed-d20a-480a-be48-235c338c0107,2024-10-20 04:32:09.264931,completed,Bank Transfer,9.99,WORRY,28.89,,True,1411.05,1392.15
ORD-000314,90d99aed-d20a-480a-be48-235c338c0107,2024-08-22 17:04:16.331259,processing,Credit Card,7.68,,0.0,,True,2797.08,2804.76
ORD-000315,f71e9872-19f2-4ca5-83d0-416abefbb615,2025-06-14 20:30:49.026676,completed,Bank Transfer,6.59,,0.0,,True,1193.94,1200.53
ORD-000316,f71e9872-19f2-4ca5-83d0-416abefbb615,2025-06-04 23:46:25.196430,completed,Credit Card,5.28,,0.0,,True,626.87,632.15
ORD-000317,f71e9872-19f2-4ca5-83d0-416abefbb615,2025-03-20 23:48:11.754469,completed,PayPal,9.0,,0.0,,True,8211.54,8220.54
ORD-000318,f71e9872-19f2-4ca5-83d0-416abefbb615,2024-06-11 21:21:15.674412,completed,Google Pay,16.71,,0.0,,True,6803.66,6820.37
ORD-000319,36881c65-a4c8-4754-ad49-2e9305485e62,2024-04-08 23:20:59.766417,cancelled,Apple Pay,9.54,HAPPY,29.93,Found better price,True,1394.44,1374.05
ORD-000320,5cd412b4-cc16-4632-a5b8-b91601105dac,2025-03-13 10:26:55.911062,completed,Bank Transfer,19.41,PERFORMANCE,16.49,,True,3783.35,3786.27
ORD-000321,5cd412b4-cc16-4632-a5b8-b91601105dac,2025-01-11 12:53:28.000752,completed,Credit Card,9.48,,0.0,,True,2974.17,2983.65
ORD-000322,bed97595-ac48-4b50-a4f2-32225b408148,2025-07-04 01:59:22.574043,completed,Bank Transfer,12.3,,0.0,,True,4329.37,4341.67
ORD-000323,bed97595-ac48-4b50-a4f2-32225b408148,2025-06-15 06:19:52.875275,completed,Credit Card,5.94,,0.0,,True,3668.22,3674.16
ORD-000324,4073b1ad-3ddd-4ee5-9e58-ce56a458f198,2024-09-02 07:51:22.967421,completed,Bank Transfer,5.84,,0.0,,True,743.84,749.68
ORD-000325,4b3f1091-58e1-49e0-8aca-7b99561967ea,2025-07-08 00:15:38.666590,completed,Credit Card,17.11,,0.0,,True,7606.38,7623.49
ORD-000326,4b3f1091-58e1-49e0-8aca-7b99561967ea,2025-06-16 14:22:17.070043,completed,PayPal,7.12,,0.0,,True,4092.76,4099.88
ORD-000327,f53d4ffe-daec-4e8e-94a5-0d4b2180091e,2025-07-02 06:52:41.234853,completed,Apple Pay,17.31,WITHOUT,20.28,,True,4357.61,4354.64
ORD-000328,3a759623-a3b6-4adf-a736-89e7262c4dc1,2024-11-28 19:27:16.743247,shipped,Apple Pay,17.17,,0.0,,True,3926.38,3943.55
ORD-000329,6eb856e0-4d6b-4ee1-a501-8702bf0ef62d,2025-06-11 03:47:50.405083,shipped,Google Pay,13.9,,0.0,,True,964.02,977.92
ORD-000330,00bff9df-4909-40ce-bffa-3d1fe4a3e045,2025-06-21 05:56:00.654818,completed,Google Pay,11.23,,0.0,,True,6306.81,6318.04
ORD-000331,00bff9df-4909-40ce-bffa-3d1fe4a3e045,2025-07-04 05:01:33.795928,completed,PayPal,12.3,RELATE,9.49,,True,2007.72,2010.53
ORD-000332,f68ab810-60fc-4ddd-8d04-2a5e9093c7b5,2025-04-27 00:52:19.230160,completed,Bank Transfer,18.3,,0.0,,True,3951.44,3969.74
ORD-000333,f68ab810-60fc-4ddd-8d04-2a5e9093c7b5,2025-03-22 18:23:52.288240,completed,PayPal,14.16,HISTORY,9.5,,True,4149.77,4154.43
ORD-000334,f68ab810-60fc-4ddd-8d04-2a5e9093c7b5,2025-02-18 14:56:59.544151,completed,Google Pay,7.88,,0.0,,True,2578.62,2586.5
ORD-000335,076c1480-9e17-496b-9725-19f479b47a28,2025-06-29 15:57:43.243247,returned,Bank Transfer,16.42,,0.0,Changed mind,True,2357.36,2373.78
ORD-000336,ad83041a-f519-4ffb-b06e-7c0883f31b3b,2024-06-26 07:59:34.156870,completed,Bank Transfer,5.8,STUDY,8.73,,True,4092.78,4089.85
ORD-000337,3ee385fc-43a3-40c0-8e41-4d43c60c26b4,2023-11-04 13:27:01.168252,shipped,Apple Pay,8.77,,0.0,,True,1356.36,1365.13
ORD-000338,7131884b-99d8-488c-b1a2-5c1b9e7949ad,2024-04-20 01:36:12.985211,completed,Apple Pay,6.74,,0.0,,True,6281.07,6287.81
ORD-000339,7131884b-99d8-488c-b1a2-5c1b9e7949ad,2025-05-11 22:59:53.545792,completed,Google Pay,9.89,WILL,23.44,,True,2749.75,2736.2
ORD-000340,7131884b-99d8-488c-b1a2-5c1b9e7949ad,2024-07-13 16:23:19.264384,returned,Credit Card,12.27,,0.0,Delayed shipping,True,1913.08,1925.35
ORD-000341,7131884b-99d8-488c-b1a2-5c1b9e7949ad,2025-03-22 08:43:09.833977,completed,Apple Pay,10.6,,0.0,,True,2441.16,2451.76
ORD-000342,7131884b-99d8-488c-b1a2-5c1b9e7949ad,2024-11-14 21:25:47.696791,processing,Apple Pay,6.91,,0.0,,True,75.2,82.11
ORD-000343,fbf87239-14ac-46fd-afe0-8219db864788,2025-05-05 17:11:24.981207,completed,Apple Pay,17.77,,0.0,,True,905.5,923.27
ORD-000344,fbf87239-14ac-46fd-afe0-8219db864788,2025-03-24 01:24:59.111603,completed,PayPal,16.84,,0.0,,True,2739.07,2755.91
ORD-000345,007108f7-f65c-4215-acdc-eb6e55c6ff05,2025-02-19 09:27:33.298570,completed,Google Pay,17.55,BENEFIT,23.25,,True,2560.55,2554.85
ORD-000346,007108f7-f65c-4215-acdc-eb6e55c6ff05,2024-09-03 17:09:32.334605,processing,Bank Transfer,18.91,,0.0,,True,3383.19,3402.1
ORD-000347,2018dbed-e93a-45be-8588-b0dc08642f14,2024-05-30 08:12:38.941348,completed,Google Pay,17.15,,0.0,,True,318.18,335.33
ORD-000348,2018dbed-e93a-45be-8588-b0dc08642f14,2024-09-30 10:04:08.388259,completed,Credit Card,6.25,,0.0,,True,3656.07,3662.32
ORD-000349,38db2e66-75e7-493d-8d96-57dd0b1910b9,2024-10-13 10:16:51.464100,completed,Apple Pay,15.55,,0.0,,True,6923.8,6939.35
ORD-000350,38db2e66-75e7-493d-8d96-57dd0b1910b9,2024-09-16 04:09:57.862986,processing,PayPal,17.91,INDEED,27.34,,True,3348.2,3338.77
ORD-000351,111fb01d-e4e5-45d6-85cf-37591371cd40,2025-02-11 20:49:57.127029,completed,Credit Card,13.14,,0.0,,True,1693.56,1706.7
ORD-000352,111fb01d-e4e5-45d6-85cf-37591371cd40,2024-12-05 03:35:45.966831,shipped,Google Pay,16.04,FEAR,28.63,,True,1996.32,1983.73
ORD-000353,3545ae57-1e84-4028-9b0d-c33da7a2b123,2023-09-27 20:16:21.356826,completed,PayPal,7.63,,0.0,,True,2092.35,2099.98
ORD-000354,3545ae57-1e84-4028-9b0d-c33da7a2b123,2024-01-27 20:12:58.518397,completed,PayPal,8.07,,0.0,,True,1569.41,1577.48
ORD-000355,01a64123-691e-49ae-a402-240b0e4e5577,2023-06-27 08:00:01.158049,returned,Credit Card,16.28,,0.0,Delayed shipping,True,2905.06,2921.34
ORD-000356,01a64123-691e-49ae-a402-240b0e4e5577,2025-05-18 03:12:26.854841,completed,Credit Card,9.01,,0.0,,True,4026.86,4035.87
ORD-000357,9161ce0e-fc49-46f3-a2cc-30bcc5b88769,2024-10-26 12:03:49.904190,completed,Apple Pay,6.84,,0.0,,True,7088.62,7095.46
ORD-000358,9161ce0e-fc49-46f3-a2cc-30bcc5b88769,2024-10-30 10:14:28.558750,completed,Bank Transfer,10.86,BEAUTIFUL,28.96,,True,731.58,713.48
ORD-000359,9161ce0e-fc49-46f3-a2cc-30bcc5b88769,2024-11-24 01:01:37.009912,completed,Google Pay,6.68,MILLION,8.76,,True,3216.2,3214.12
ORD-000360,101442de-1e65-486d-a9ea-b7c0c0211b42,2022-12-25 17:25:00.269973,completed,PayPal,19.54,,0.0,,True,1838.52,1858.06
ORD-000361,101442de-1e65-486d-a9ea-b7c0c0211b42,2024-04-11 03:18:43.008342,completed,Google Pay,5.32,POOR,5.55,,True,2994.85,2994.62
ORD-000362,101442de-1e65-486d-a9ea-b7c0c0211b42,2023-10-15 20:27:29.757438,completed,Bank Transfer,14.84,,0.0,,True,7411.43,7426.27
ORD-000363,44f145cb-17a0-4c12-a618-359e149cd581,2024-08-19 22:14:56.858490,shipped,Bank Transfer,16.84,STOP,11.5,,True,2123.09,2128.43
ORD-000364,44f145cb-17a0-4c12-a618-359e149cd581,2025-02-11 10:20:18.516759,completed,Apple Pay,7.41,,0.0,,True,3320.92,3328.33
ORD-000365,dc3701ef-8e50-40ca-8499-368569f05d5e,2025-04-23 11:48:42.313725,completed,PayPal,16.92,SAY,7.92,,True,3124.63,3133.63
ORD-000366,9a1892eb-6d81-4043-851a-027d8e31b6a8,2022-11-06 01:51:49.519947,completed,Google Pay,5.52,,0.0,,True,4878.12,4883.64
ORD-000367,9a1892eb-6d81-4043-851a-027d8e31b6a8,2025-01-15 12:09:00.573433,completed,PayPal,18.81,,0.0,,True,5484.23,5503.04
ORD-000368,ca07c1a2-64d6-4ca6-9808-97a6c979164c,2024-05-21 15:07:45.088436,completed,PayPal,15.58,,0.0,,True,2487.74,2503.32
ORD-000369,ca07c1a2-64d6-4ca6-9808-97a6c979164c,2024-04-01 07:30:52.485517,shipped,PayPal,6.68,,0.0,,True,290.58,297.26
ORD-000370,6b2ad4b0-0610-4eb3-945e-ca5adf7243cf,2025-06-27 18:06:41.469603,processing,Bank Transfer,6.75,SMALL,20.44,,True,2001.24,1987.55
ORD-000371,6b2ad4b0-0610-4eb3-945e-ca5adf7243cf,2025-06-28 14:07:08.971938,completed,Apple Pay,14.62,,0.0,,True,1019.88,1034.5
ORD-000372,6b2ad4b0-0610-4eb3-945e-ca5adf7243cf,2025-05-23 04:08:06.164104,completed,Apple Pay,11.68,,0.0,,True,1745.16,1756.84
ORD-000373,df68ead5-a6e5-4000-af9f-b3fdfa737a2b,2024-08-29 18:32:12.628108,completed,Bank Transfer,12.36,,0.0,,True,3033.68,3046.04
ORD-000374,df68ead5-a6e5-4000-af9f-b3fdfa737a2b,2024-11-23 11:24:12.645796,completed,Credit Card,10.27,,0.0,,True,4310.64,4320.91
ORD-000375,1650138b-ddd3-4d07-b182-fa7f48410f42,2025-03-09 02:37:39.057590,completed,Credit Card,11.36,,0.0,,True,1394.69,1406.05
ORD-000376,1650138b-ddd3-4d07-b182-fa7f48410f42,2024-11-01 21:19:58.573985,completed,Bank Transfer,12.12,,0.0,,True,2318.02,2330.14
ORD-000377,1650138b-ddd3-4d07-b182-fa7f48410f42,2025-01-07 16:25:53.354031,completed,Credit Card,14.58,CUP,9.37,,True,5455.56,5460.77
ORD-000378,4bf49ac1-9a91-40ad-9308-6d62aaa8880a,2024-09-12 19:39:17.991089,completed,PayPal,17.39,,0.0,,True,2653.97,2671.36
ORD-000379,4bf49ac1-9a91-40ad-9308-6d62aaa8880a,2024-12-07 14:10:09.336987,completed,Google Pay,9.5,,0.0,,True,2605.34,2614.84
ORD-000380,4bf49ac1-9a91-40ad-9308-6d62aaa8880a,2025-04-18 11:15:01.743289,processing,PayPal,6.79,RETURN,29.86,,True,3145.2,3122.13
ORD-000381,4bf49ac1-9a91-40ad-9308-6d62aaa8880a,2025-05-11 12:10:02.554240,completed,PayPal,13.72,,0.0,,True,4652.05,4665.77
ORD-000382,5c740028-83a2-48c9-9773-827a649a20b3,2025-06-29 03:38:35.897514,completed,Google Pay,13.63,,0.0,,True,3712.41,3726.04
ORD-000383,5c740028-83a2-48c9-9773-827a649a20b3,2025-06-21 06:40:30.739770,shipped,Bank Transfer,15.4,,0.0,,True,1523.72,1539.12
ORD-000384,a21149f6-5c80-4fda-9878-f7ac517c7d2a,2025-05-20 09:30:22.869588,completed,PayPal,14.54,,0.0,,True,1590.94,1605.48
ORD-000385,a21149f6-5c80-4fda-9878-f7ac517c7d2a,2025-05-31 23:01:30.999704,shipped,Google Pay,14.58,SAY,9.85,,True,1417.65,1422.38
ORD-000386,a21149f6-5c80-4fda-9878-f7ac517c7d2a,2025-05-12 08:58:44.127425,completed,Bank Transfer,18.09,,0.0,,True,3647.65,3665.74
ORD-000387,a21149f6-5c80-4fda-9878-f7ac517c7d2a,2025-05-22 13:41:22.394395,cancelled,Apple Pay,17.35,LOT,17.95,Delayed shipping,True,562.81,562.21
ORD-000388,a7065122-3e19-4f24-87ee-83fb2bc6f23a,2025-06-20 01:36:26.362373,shipped,PayPal,17.47,,0.0,,True,4099.27,4116.74
ORD-000389,2ffecb94-d37a-43c3-8ca6-eb0ae8dc3d58,2025-06-15 21:13:57.404531,completed,Credit Card,6.97,SEEM,13.71,,True,2417.61,2410.87
ORD-000390,2ffecb94-d37a-43c3-8ca6-eb0ae8dc3d58,2025-02-14 09:21:58.599691,completed,Bank Transfer,9.57,,0.0,,True,150.6,160.17
ORD-000391,026cb6d4-a281-4ec3-9cb4-0741d2cfbe02,2024-12-24 07:11:56.686069,completed,Bank Transfer,15.41,,0.0,,True,998.71,1014.12
ORD-000392,800ce334-d04a-4dcd-8dac-08e3ab80a01c,2024-11-03 08:58:39.693252,returned,Google Pay,16.62,,0.0,Delayed shipping,True,542.67,559.29
ORD-000393,bbeeea93-1feb-4434-b97c-9702cd7d347d,2024-11-04 06:45:56.108349,shipped,Apple Pay,16.9,,0.0,,True,1257.04,1273.94
ORD-000394,bbeeea93-1feb-4434-b97c-9702cd7d347d,2024-11-28 08:17:55.025756,completed,Bank Transfer,8.8,ANSWER,21.69,,True,672.01,659.12
ORD-000395,bbeeea93-1feb-4434-b97c-9702cd7d347d,2025-05-24 23:15:55.331815,completed,Google Pay,8.08,,0.0,,True,2042.09,2050.17
ORD-000396,10dae484-6b15-4064-99f8-b469e78f74d5,2025-05-07 20:53:00.469147,completed,Bank Transfer,16.19,RISK,19.49,,True,2837.43,2834.13
ORD-000397,692afb27-0b81-4346-a6ed-99e420ed7973,2024-10-14 16:00:35.417313,cancelled,Google Pay,6.49,,0.0,Delayed shipping,True,355.98,362.47
ORD-000398,692afb27-0b81-4346-a6ed-99e420ed7973,2024-12-06 06:57:52.699499,completed,Google Pay,7.87,WEST,27.54,,True,3750.35,3730.68
ORD-000399,692afb27-0b81-4346-a6ed-99e420ed7973,2024-11-21 03:53:00.296465,shipped,Google Pay,15.1,TEACH,25.87,,True,2775.65,2764.88
ORD-000400,692afb27-0b81-4346-a6ed-99e420ed7973,2025-06-13 03:07:49.583251,completed,PayPal,12.44,,0.0,,True,3111.82,3124.26
ORD-000401,692afb27-0b81-4346-a6ed-99e420ed7973,2024-12-18 11:21:21.991135,returned,Bank Transfer,11.85,,0.0,Changed mind,True,3999.59,4011.44
ORD-000402,0bc038af-606a-4e68-aa5b-7fb218014301,2024-12-25 13:39:22.506356,completed,Bank Transfer,17.04,,0.0,,True,2816.88,2833.92
ORD-000403,0bc038af-606a-4e68-aa5b-7fb218014301,2025-02-14 01:15:51.777379,completed,Apple Pay,12.84,,0.0,,True,901.96,914.8
ORD-000404,0bc038af-606a-4e68-aa5b-7fb218014301,2025-01-06 17:44:27.053818,completed,Apple Pay,15.43,,0.0,,True,570.03,585.46
ORD-000405,0bc038af-606a-4e68-aa5b-7fb218014301,2025-06-19 04:48:01.749068,completed,Bank Transfer,13.92,,0.0,,True,411.54,425.46
ORD-000406,c19ab276-8e49-4861-9aff-f06b14551b29,2025-02-26 09:57:50.990546,completed,Bank Transfer,15.88,CLEARLY,22.84,,True,8150.37,8143.41
ORD-000407,30a445c5-0c76-4618-b72b-c4cefaed1e2d,2024-02-02 12:37:59.402780,completed,Bank Transfer,7.21,,0.0,,True,28.76,35.97
ORD-000408,548287d1-b8d1-4159-8255-eef003ee67bf,2025-03-18 04:19:34.052389,completed,Bank Transfer,8.46,,0.0,,True,549.51,557.97
ORD-000409,acfca165-5401-404a-9f76-570f6be0f55d,2024-08-29 23:27:41.197342,returned,PayPal,17.45,,0.0,Wrong item,True,43.26,60.71
ORD-000410,acfca165-5401-404a-9f76-570f6be0f55d,2025-03-19 08:25:27.393062,completed,Apple Pay,15.19,KNOWLEDGE,20.55,,True,940.02,934.66
ORD-000411,1e83609f-c9dd-48fc-8131-3b36097ce63d,2025-04-02 00:09:32.653054,cancelled,PayPal,12.8,,0.0,Wrong item,True,4014.0,4026.8
ORD-000412,6c9177ae-939f-45ab-beba-710e466e4da7,2025-01-11 23:28:54.951434,completed,Credit Card,19.29,WEEK,15.76,,True,1664.58,1668.11
ORD-000413,6c9177ae-939f-45ab-beba-710e466e4da7,2024-11-21 11:12:54.038807,completed,Apple Pay,17.79,,0.0,,True,507.19,524.98
ORD-000414,6c9177ae-939f-45ab-beba-710e466e4da7,2024-03-08 01:12:43.267393,completed,Apple Pay,14.89,,0.0,,True,2470.88,2485.77
ORD-000415,6c9177ae-939f-45ab-beba-710e466e4da7,2025-04-25 08:01:56.519691,cancelled,Google Pay,12.31,SINCE,21.88,Delayed shipping,True,9014.47,9004.9
ORD-000416,6c9177ae-939f-45ab-beba-710e466e4da7,2025-05-16 20:03:55.828332,shipped,Google Pay,14.25,,0.0,,True,5762.57,5776.82
ORD-000417,2844f68a-45a5-4f55-8299-cc217854e711,2025-06-18 12:01:34.357902,completed,Google Pay,16.13,ACTION,27.28,,True,1951.54,1940.39
ORD-000418,2844f68a-45a5-4f55-8299-cc217854e711,2025-06-18 17:31:24.164419,returned,PayPal,14.92,JOB,21.2,Delayed shipping,True,2091.68,2085.4
ORD-000419,b1f24926-54d3-479a-ab27-44082acde37b,2023-12-27 01:20:32.724436,completed,Bank Transfer,17.95,,0.0,,True,5498.06,5516.01
ORD-000420,16bdead0-746a-4bf1-acc8-ba94b21e2969,2025-05-06 12:33:34.678678,completed,Apple Pay,6.47,,0.0,,True,1389.67,1396.14
ORD-000421,16bdead0-746a-4bf1-acc8-ba94b21e2969,2024-08-17 02:49:57.239465,processing,Google Pay,14.22,,0.0,,True,2989.92,3004.14
ORD-000422,071f51de-b1a6-4522-9e26-1ba38e63413c,2025-03-20 08:25:46.568497,completed,Google Pay,19.94,,0.0,,True,3099.44,3119.38
ORD-000423,071f51de-b1a6-4522-9e26-1ba38e63413c,2024-06-30 10:21:47.858412,completed,Bank Transfer,13.67,,0.0,,True,2649.47,2663.14
ORD-000424,d1e18839-9f84-4cf1-9d41-cddb4a0e638a,2024-03-22 03:36:01.670808,completed,Google Pay,6.15,,0.0,,True,8920.58,8926.73
ORD-000425,94700f12-9b32-4c88-bbce-c3a9a43288a5,2025-01-08 20:21:20.449389,shipped,Apple Pay,7.71,ANALYSIS,22.58,,True,2950.65,2935.78
ORD-000426,94700f12-9b32-4c88-bbce-c3a9a43288a5,2025-01-10 21:28:25.716338,completed,Google Pay,16.13,,0.0,,True,5514.21,5530.34
ORD-000427,71be2074-f2e5-4b73-b8b9-c0cefb794fb1,2024-08-13 23:38:10.761754,completed,PayPal,7.26,,0.0,,True,2339.29,2346.55
ORD-000428,71be2074-f2e5-4b73-b8b9-c0cefb794fb1,2024-12-19 14:27:01.207405,completed,Google Pay,9.31,DOG,22.17,,True,815.2,802.34
ORD-000429,62192e87-bee6-4df2-8527-4c185ff77633,2025-02-05 03:28:36.088817,completed,Google Pay,8.68,,0.0,,True,3208.18,3216.86
ORD-000430,d0ef76b0-58fc-4bd9-bdf8-43163431a2f5,2024-12-24 11:46:41.086543,completed,Credit Card,8.88,,0.0,,True,4420.38,4429.26
ORD-000431,d0ef76b0-58fc-4bd9-bdf8-43163431a2f5,2025-01-03 08:40:52.502346,processing,PayPal,9.47,STRONG,28.88,,True,5638.53,5619.12
ORD-000432,fb8d3dae-f11c-46aa-84dc-999df83d4f53,2024-04-19 15:39:03.531869,completed,Google Pay,8.54,,0.0,,True,4666.71,4675.25
ORD-000433,077bba57-0fa1-4741-86c0-3e990ad3df94,2024-07-13 02:41:22.511270,completed,PayPal,9.7,,0.0,,True,3738.34,3748.04
ORD-000434,a16d059d-8bf6-4a41-bd5d-778198634990,2023-09-03 04:54:36.495573,returned,PayPal,8.81,,0.0,Damaged,True,5098.53,5107.34
ORD-000435,0ece31db-02b7-4397-a754-7b836e2cf518,2025-05-19 08:11:04.871222,completed,Apple Pay,18.19,,0.0,,True,4277.88,4296.07
ORD-000436,0ece31db-02b7-4397-a754-7b836e2cf518,2023-09-14 09:44:15.901968,completed,PayPal,16.09,,0.0,,True,592.02,608.11
ORD-000437,0ece31db-02b7-4397-a754-7b836e2cf518,2024-09-27 01:19:29.673302,processing,Credit Card,15.07,WONDER,14.62,,True,3719.9,3720.35
ORD-000438,bd210896-9ddd-49f2-b7cb-9cae4ff06c85,2025-06-26 15:49:30.920446,completed,Bank Transfer,19.41,,0.0,,True,1040.61,1060.02
ORD-000439,421e337f-f914-4054-93ee-d30770137882,2023-06-11 17:12:10.329852,completed,Apple Pay,14.47,,0.0,,True,2249.91,2264.38
ORD-000440,78052576-baf3-43dc-9a80-441f014dac46,2025-02-20 13:52:26.963613,completed,PayPal,9.99,,0.0,,True,719.91,729.9
ORD-000441,78052576-baf3-43dc-9a80-441f014dac46,2025-06-10 18:26:30.496948,cancelled,Google Pay,12.6,,0.0,Damaged,True,6640.12,6652.72
ORD-000442,415a0230-9414-46bb-820e-6b7aac67cc68,2023-05-17 15:17:30.181466,processing,Apple Pay,16.87,SORT,15.02,,True,3882.0,3883.85
ORD-000443,415a0230-9414-46bb-820e-6b7aac67cc68,2022-12-17 22:55:36.254267,processing,Credit Card,16.51,,0.0,,True,935.76,952.27
ORD-000444,415a0230-9414-46bb-820e-6b7aac67cc68,2025-01-01 22:12:19.762892,completed,Google Pay,18.1,USUALLY,9.34,,True,3525.31,3534.07
ORD-000445,415a0230-9414-46bb-820e-6b7aac67cc68,2023-03-15 16:15:50.758632,processing,Credit Card,19.22,,0.0,,True,6408.8,6428.02
ORD-000446,f9db097b-a948-4caa-84e0-39d0dcbf48b7,2023-03-26 22:43:40.859970,completed,Credit Card,8.9,THROUGHOUT,14.2,,True,4511.66,4506.36
ORD-000447,f9db097b-a948-4caa-84e0-39d0dcbf48b7,2024-04-05 23:07:50.007963,returned,PayPal,19.19,,0.0,Changed mind,True,4396.09,4415.28
ORD-000448,5da5010d-b5bf-4ee4-9000-4f71a8bdb685,2023-08-29 00:55:17.288402,completed,Apple Pay,19.93,ALSO,21.93,,True,3492.98,3490.98
ORD-000449,96c5ebde-a33b-4975-b356-813df381af42,2024-04-28 03:40:28.157931,completed,Apple Pay,10.54,,0.0,,True,2952.85,2963.39
ORD-000450,629d7395-9199-467a-9bdc-b269df899b47,2023-12-03 23:35:32.513918,cancelled,PayPal,15.63,,0.0,Changed mind,True,1277.98,1293.61
ORD-000451,629d7395-9199-467a-9bdc-b269df899b47,2024-02-20 01:01:35.944990,completed,PayPal,10.31,,0.0,,True,5947.66,5957.97
ORD-000452,629d7395-9199-467a-9bdc-b269df899b47,2025-03-21 12:56:30.103756,completed,Credit Card,19.52,,0.0,,True,3750.36,3769.88
ORD-000453,ef60d6e6-5c9d-4958-b1ed-c3654b930ce4,2025-02-24 19:17:59.920664,completed,PayPal,7.13,SOUND,6.1,,True,2125.26,2126.29
ORD-000454,ef60d6e6-5c9d-4958-b1ed-c3654b930ce4,2025-05-19 10:13:16.040313,completed,Bank Transfer,18.89,AUTHOR,26.92,,True,3726.17,3718.14
ORD-000455,ef60d6e6-5c9d-4958-b1ed-c3654b930ce4,2025-03-06 05:03:38.277294,completed,Google Pay,18.84,,0.0,,True,1743.95,1762.79
ORD-000456,ef60d6e6-5c9d-4958-b1ed-c3654b930ce4,2025-05-06 13:35:39.195075,completed,Google Pay,11.55,,0.0,,True,3663.11,3674.66
ORD-000457,425eb527-0cee-44d6-8d1c-d0df604b09c9,2023-11-29 08:34:04.873198,shipped,Bank Transfer,6.85,CHARACTER,26.7,,True,1763.72,1743.87
ORD-000458,20c77fab-8e00-456f-97fc-0d5f6dfd80fa,2025-04-22 23:18:13.931152,completed,Credit Card,14.95,SPECIFIC,29.95,,True,1696.62,1681.62
ORD-000459,20c77fab-8e00-456f-97fc-0d5f6dfd80fa,2025-02-26 19:09:53.093223,completed,Apple Pay,7.71,,0.0,,True,1652.04,1659.75
ORD-000460,4c9eb880-5001-45b8-98d8-8804b181d035,2025-05-28 05:30:49.032402,completed,Bank Transfer,15.22,,0.0,,True,3635.79,3651.01
ORD-000461,4c9eb880-5001-45b8-98d8-8804b181d035,2025-02-12 21:31:07.020108,completed,PayPal,14.89,,0.0,,True,3259.71,3274.6
ORD-000462,4c9eb880-5001-45b8-98d8-8804b181d035,2024-02-17 12:37:02.952327,completed,Credit Card,11.8,,0.0,,True,5012.13,5023.93
ORD-000463,4c9eb880-5001-45b8-98d8-8804b181d035,2024-03-01 22:45:14.796033,completed,Credit Card,10.72,,0.0,,True,750.64,761.36
ORD-000464,36db67c6-a1b4-4afd-a44e-804029e634a5,2025-06-29 21:27:30.963875,completed,PayPal,17.79,OUTSIDE,24.49,,True,1599.97,1593.27
ORD-000465,74cdaf59-6065-4240-b4a7-dfc1bf63fe49,2022-12-19 17:14:10.751511,processing,Bank Transfer,11.49,,0.0,,True,4186.28,4197.77
ORD-000466,74cdaf59-6065-4240-b4a7-dfc1bf63fe49,2023-04-29 15:56:49.658744,completed,PayPal,12.34,,0.0,,True,3625.73,3638.07
ORD-000467,b4125c9b-2479-4a3c-b233-39abdd978324,2025-06-26 09:55:23.205784,completed,Google Pay,14.46,ENOUGH,17.83,,True,6465.82,6462.45
ORD-000468,b4125c9b-2479-4a3c-b233-39abdd978324,2025-07-01 21:16:19.990998,completed,Bank Transfer,9.36,,0.0,,True,3188.49,3197.85
ORD-000469,b4125c9b-2479-4a3c-b233-39abdd978324,2025-05-12 16:54:01.935068,completed,Apple Pay,13.53,,0.0,,True,2092.44,2105.97
ORD-000470,b4125c9b-2479-4a3c-b233-39abdd978324,2025-04-29 14:02:11.042240,completed,PayPal,11.37,QUICKLY,21.52,,True,4548.75,4538.6
ORD-000471,b4125c9b-2479-4a3c-b233-39abdd978324,2025-04-16 22:13:29.849093,completed,Apple Pay,17.64,HUSBAND,15.41,,True,2602.54,2604.77
ORD-000472,b678f01e-5a6e-4792-b28f-f0038cdc953c,2023-08-10 17:11:52.243084,shipped,PayPal,8.98,,0.0,,True,100.67,109.65
ORD-000473,b678f01e-5a6e-4792-b28f-f0038cdc953c,2023-12-03 01:00:22.799792,processing,Google Pay,8.89,,0.0,,True,2931.75,2940.64
ORD-000474,b678f01e-5a6e-4792-b28f-f0038cdc953c,2023-05-28 23:48:31.743208,completed,Google Pay,18.03,,0.0,,True,12905.97,12924.0
ORD-000475,ccfea761-06cc-483c-a103-61cdaee85e93,2023-07-14 06:38:30.981334,processing,Credit Card,9.54,DAY,5.35,,True,937.63,941.82
ORD-000476,ec69a33f-9fb0-47c7-9b93-040865e8d7ab,2024-04-18 13:28:01.860823,completed,Credit Card,7.82,SET,17.03,,True,2371.77,2362.56
ORD-000477,ec69a33f-9fb0-47c7-9b93-040865e8d7ab,2024-06-26 18:00:52.469415,completed,Apple Pay,13.08,TRY,24.24,,True,1504.22,1493.06
ORD-000478,ec69a33f-9fb0-47c7-9b93-040865e8d7ab,2024-06-27 20:45:48.657435,completed,Credit Card,7.29,,0.0,,True,4236.58,4243.87
ORD-000479,ec69a33f-9fb0-47c7-9b93-040865e8d7ab,2025-03-25 13:11:13.198106,shipped,Credit Card,5.12,,0.0,,True,7174.58,7179.7
ORD-000480,ffee3fcc-cb24-4a91-8fce-c7202c0c3f9f,2025-06-04 22:55:12.260746,completed,Bank Transfer,11.0,,0.0,,True,3618.85,3629.85
ORD-000481,ffee3fcc-cb24-4a91-8fce-c7202c0c3f9f,2025-05-09 07:55:43.308638,returned,Credit Card,18.39,,0.0,Changed mind,True,5395.3,5413.69
ORD-000482,9823e0fa-0cd3-4143-8d40-7dc8dbf2ef39,2023-03-15 04:21:46.863527,completed,PayPal,7.88,,0.0,,True,2778.12,2786.0
ORD-000483,245dcf02-5858-42e1-a707-5b211d84d70b,2024-03-28 06:07:27.855335,completed,Bank Transfer,14.03,,0.0,,True,5327.04,5341.07
ORD-000484,245dcf02-5858-42e1-a707-5b211d84d70b,2023-08-04 06:38:41.250438,completed,Google Pay,10.4,,0.0,,True,3142.32,3152.72
ORD-000485,245dcf02-5858-42e1-a707-5b211d84d70b,2023-01-03 10:26:37.830729,completed,Apple Pay,15.01,ATTENTION,9.99,,True,2407.51,2412.53
ORD-000486,68a1765c-495a-4284-b1a6-8d825870eb45,2023-12-28 21:42:05.028926,completed,Credit Card,8.91,,0.0,,True,1836.5,1845.41
ORD-000487,68a1765c-495a-4284-b1a6-8d825870eb45,2024-04-24 11:04:02.334778,completed,Bank Transfer,6.71,PRESENT,19.05,,True,4399.14,4386.8
ORD-000488,d2aa2786-80fa-461a-90a5-8287c2fde439,2024-11-26 18:56:16.729176,completed,Apple Pay,18.11,,0.0,,True,1879.68,1897.79
ORD-000489,d2aa2786-80fa-461a-90a5-8287c2fde439,2024-11-29 16:06:16.525087,completed,Credit Card,19.19,,0.0,,True,495.11,514.3
ORD-000490,d2aa2786-80fa-461a-90a5-8287c2fde439,2024-01-12 05:42:26.674887,completed,Apple Pay,14.14,,0.0,,True,921.87,936.01
ORD-000491,597a7e16-fe75-4563-b2ba-0d2abaf170e2,2022-10-17 13:07:03.754771,completed,Bank Transfer,6.58,,0.0,,True,1488.44,1495.02
ORD-000492,d11ab47b-0880-4884-ad40-c5cf7b4c493f,2025-04-18 05:29:12.146236,completed,Apple Pay,16.43,,0.0,,True,423.09,439.52
ORD-000493,d11ab47b-0880-4884-ad40-c5cf7b4c493f,2024-10-20 10:28:45.101902,completed,Bank Transfer,10.02,ACCORDING,26.21,,True,4450.99,4434.8
ORD-000494,f3aba713-0042-43ef-b3a4-537b62805179,2024-06-07 23:00:46.469815,processing,Apple Pay,8.99,,0.0,,True,1706.49,1715.48
ORD-000495,f3aba713-0042-43ef-b3a4-537b62805179,2024-10-02 01:10:05.173036,completed,Google Pay,11.43,,0.0,,True,3800.47,3811.9
ORD-000496,93dd2a79-2305-4044-b521-f75885e603cf,2025-06-11 09:36:38.299703,completed,PayPal,12.76,SPECIFIC,13.46,,True,4141.6,4140.9
ORD-000497,93dd2a79-2305-4044-b521-f75885e603cf,2025-05-06 04:18:31.673480,shipped,Apple Pay,5.87,,0.0,,True,1883.98,1889.85
ORD-000498,ae39f438-4c26-4751-8b2b-241c38bab3fe,2025-07-04 08:05:41.563957,completed,Google Pay,18.5,,0.0,,True,2914.11,2932.61
ORD-000499,ae39f438-4c26-4751-8b2b-241c38bab3fe,2025-07-01 09:55:00.879594,shipped,Credit Card,13.17,,0.0,,True,4882.06,4895.23
ORD-000500,ae39f438-4c26-4751-8b2b-241c38bab3fe,2025-06-08 23:54:13.303722,completed,Credit Card,10.02,,0.0,,True,2102.83,2112.85
ORD-000501,ae39f438-4c26-4751-8b2b-241c38bab3fe,2025-06-24 17:37:24.535380,shipped,Credit Card,12.68,,0.0,,True,5296.39,5309.07
ORD-000502,ae39f438-4c26-4751-8b2b-241c38bab3fe,2025-06-08 12:30:19.139514,completed,Apple Pay,8.62,,0.0,,True,5247.34,5255.96
ORD-000503,c75f27a4-5ef4-4781-99cd-366f3b01af92,2025-06-29 07:05:13.315591,completed,Bank Transfer,16.35,,0.0,,True,3340.08,3356.43
ORD-000504,c75f27a4-5ef4-4781-99cd-366f3b01af92,2025-06-10 15:07:50.120431,returned,Google Pay,18.42,,0.0,Wrong item,True,6034.55,6052.97
ORD-000505,64d6fb05-0bc7-4da7-8589-976023c3b51c,2025-06-25 20:42:10.729675,completed,PayPal,6.58,,0.0,,True,1718.58,1725.16
ORD-000506,64d6fb05-0bc7-4da7-8589-976023c3b51c,2025-06-20 06:53:17.905981,completed,Apple Pay,17.43,RICH,6.55,,True,1002.28,1013.16
ORD-000507,11315bb9-b181-4a02-875c-959d20a6a43b,2025-01-13 09:01:11.078367,completed,Google Pay,12.89,,0.0,,True,5339.14,5352.03
ORD-000508,11315bb9-b181-4a02-875c-959d20a6a43b,2024-10-28 22:46:17.135717,completed,Bank Transfer,11.25,SMILE,17.64,,True,5940.33,5933.94
ORD-000509,11315bb9-b181-4a02-875c-959d20a6a43b,2024-07-23 13:32:02.630086,completed,Bank Transfer,5.49,MILITARY,18.98,,True,2624.73,2611.24
ORD-000510,8c2289bc-ad8e-40af-92ca-8d89c42639aa,2025-06-07 08:29:09.388022,completed,Google Pay,6.66,,0.0,,True,2382.58,2389.24
ORD-000511,38255a84-c330-48b2-88b1-c3e55d96c15e,2023-10-08 09:39:24.192765,completed,PayPal,12.29,,0.0,,True,3807.82,3820.11
ORD-000512,38255a84-c330-48b2-88b1-c3e55d96c15e,2025-06-27 00:12:54.590349,shipped,Bank Transfer,8.23,,0.0,,True,3776.38,3784.61
ORD-000513,38255a84-c330-48b2-88b1-c3e55d96c15e,2024-01-23 15:20:11.288523,completed,PayPal,11.79,,0.0,,True,3586.98,3598.77
ORD-000514,38255a84-c330-48b2-88b1-c3e55d96c15e,2025-04-21 01:57:25.785955,shipped,Apple Pay,15.01,CLAIM,23.2,,True,736.62,728.43
ORD-000515,04b713a5-0330-4d66-853f-abe156920a61,2024-01-11 19:14:14.498878,completed,Credit Card,11.14,UNTIL,14.88,,True,4628.97,4625.23
ORD-000516,04b713a5-0330-4d66-853f-abe156920a61,2023-10-10 00:42:08.367303,processing,Credit Card,16.57,,0.0,,True,2283.69,2300.26
ORD-000517,04b713a5-0330-4d66-853f-abe156920a61,2023-03-09 00:36:42.665750,cancelled,PayPal,7.89,,0.0,Damaged,True,5732.86,5740.75
ORD-000518,a51a8835-648d-4400-b138-17c4923f9f38,2025-03-02 09:08:02.258352,completed,Credit Card,5.28,,0.0,,True,4622.43,4627.71
ORD-000519,a51a8835-648d-4400-b138-17c4923f9f38,2024-09-19 16:50:29.312566,shipped,Credit Card,17.1,,0.0,,True,3845.57,3862.67
ORD-000520,c7c24c17-21f9-4f58-acfc-5ba3562a68d5,2025-06-07 08:03:30.512125,completed,Credit Card,8.86,EVEN,7.48,,True,1874.0,1875.38
ORD-000521,c7c24c17-21f9-4f58-acfc-5ba3562a68d5,2025-03-17 02:16:39.842510,completed,PayPal,7.31,,0.0,,True,1615.9,1623.21
ORD-000522,c7c24c17-21f9-4f58-acfc-5ba3562a68d5,2023-11-08 10:23:01.468812,completed,Apple Pay,15.7,AGAINST,7.47,,True,2015.74,2023.97
ORD-000523,11a5bd15-2d18-46f5-9f2c-44714bf1c769,2023-11-07 15:55:00.870008,processing,Bank Transfer,17.42,FIRST,10.06,,True,4926.88,4934.24
ORD-000524,11a5bd15-2d18-46f5-9f2c-44714bf1c769,2023-01-03 05:45:54.251774,completed,PayPal,5.98,MACHINE,20.84,,True,895.8,880.94
ORD-000525,c3b7bbea-8e02-4ead-8a4a-d089bbd21da9,2024-07-07 12:39:21.859364,completed,Bank Transfer,13.79,UNTIL,24.07,,True,2690.14,2679.86
ORD-000526,c3b7bbea-8e02-4ead-8a4a-d089bbd21da9,2024-09-26 23:17:40.857087,completed,Apple Pay,14.54,DREAM,29.2,,True,2249.69,2235.03
ORD-000527,c3b7bbea-8e02-4ead-8a4a-d089bbd21da9,2025-06-30 23:25:58.404860,completed,Apple Pay,13.33,CAR,25.32,,True,4343.7,4331.71
ORD-000528,edb71a49-eeb9-40d1-8a9b-3f6ae997c513,2025-01-20 15:34:58.369040,cancelled,PayPal,17.64,HEAD,26.02,Damaged,True,4612.71,4604.33
ORD-000529,82a484c5-be0d-4b06-90bd-bb9c87427bce,2024-05-23 07:05:54.172736,processing,Bank Transfer,15.48,,0.0,,True,7330.51,7345.99
ORD-000530,82a484c5-be0d-4b06-90bd-bb9c87427bce,2024-09-03 00:16:16.206732,completed,PayPal,8.69,,0.0,,True,2777.64,2786.33
ORD-000531,598adbd1-6c76-4f75-8100-85bf5c68b080,2025-03-06 13:15:19.860937,completed,Credit Card,18.83,,0.0,,True,410.53,429.36
ORD-000532,598adbd1-6c76-4f75-8100-85bf5c68b080,2023-12-11 02:23:34.663859,completed,PayPal,11.2,,0.0,,True,6267.51,6278.71
ORD-000533,f47c3f05-dc5f-45fb-ad43-efbf3e16a403,2024-12-14 19:50:23.133473,completed,Bank Transfer,6.85,,0.0,,True,2590.29,2597.14
ORD-000534,f47c3f05-dc5f-45fb-ad43-efbf3e16a403,2025-06-20 20:10:06.443050,completed,Google Pay,19.04,,0.0,,True,2589.0,2608.04
ORD-000535,5d894799-9ace-4803-8768-a2395c504c0d,2025-03-16 19:55:40.874663,completed,PayPal,15.64,GREEN,25.41,,True,1616.39,1606.62
ORD-000536,5d894799-9ace-4803-8768-a2395c504c0d,2025-02-15 15:10:36.320052,completed,Credit Card,18.57,,0.0,,True,1631.92,1650.49
ORD-000537,d1089160-bec6-4690-a744-5d4e3e253382,2023-11-17 12:56:47.609987,processing,Bank Transfer,18.05,,0.0,,True,4549.13,4567.18
ORD-000538,d1089160-bec6-4690-a744-5d4e3e253382,2024-10-05 22:24:10.568339,completed,Credit Card,13.82,,0.0,,True,2314.95,2328.77
ORD-000539,d1089160-bec6-4690-a744-5d4e3e253382,2023-05-09 04:25:39.194962,completed,Bank Transfer,15.93,DIRECTOR,26.19,,True,1245.93,1235.67
ORD-000540,4988c57d-1ca4-4db5-a370-e70ac1359e36,2024-09-15 13:56:50.054318,processing,Credit Card,14.22,,0.0,,True,4300.05,4314.27
ORD-000541,4988c57d-1ca4-4db5-a370-e70ac1359e36,2024-04-19 23:38:19.942200,completed,Credit Card,19.93,YOURSELF,22.0,,True,2620.4,2618.33
ORD-000542,4988c57d-1ca4-4db5-a370-e70ac1359e36,2025-02-28 12:03:36.321744,completed,PayPal,9.74,,0.0,,True,1601.3,1611.04
ORD-000543,4988c57d-1ca4-4db5-a370-e70ac1359e36,2024-07-22 16:40:18.234760,completed,Credit Card,11.36,PRESENT,11.25,,True,1087.48,1087.59
ORD-000544,4988c57d-1ca4-4db5-a370-e70ac1359e36,2023-09-21 18:27:33.834498,shipped,PayPal,5.42,,0.0,,True,1710.93,1716.35
ORD-000545,4e1f27d9-af21-42b5-9b10-7142a432b307,2024-05-24 04:36:13.803277,returned,Google Pay,19.03,,0.0,Found better price,True,791.11,810.14
ORD-000546,da98e69b-2504-4105-959f-90228d521134,2025-06-10 18:42:44.114290,processing,Credit Card,17.32,,0.0,,True,850.85,868.17
ORD-000547,da98e69b-2504-4105-959f-90228d521134,2025-05-27 11:23:57.811388,shipped,PayPal,6.44,,0.0,,True,997.11,1003.55
ORD-000548,da98e69b-2504-4105-959f-90228d521134,2025-03-03 15:26:02.510822,completed,Bank Transfer,18.75,,0.0,,True,861.33,880.08
ORD-000549,da98e69b-2504-4105-959f-90228d521134,2025-02-17 20:02:24.267684,completed,Google Pay,17.04,INCREASE,20.27,,True,3587.22,3583.99
ORD-000550,da98e69b-2504-4105-959f-90228d521134,2025-01-15 04:10:42.475013,completed,Bank Transfer,16.28,BOY,19.99,,True,4843.92,4840.21
ORD-000551,5a6d3be9-b295-4984-a0ae-a6e3b38b7f36,2024-03-11 00:52:38.882273,completed,Credit Card,11.81,,0.0,,True,808.11,819.92
ORD-000552,5a6d3be9-b295-4984-a0ae-a6e3b38b7f36,2023-12-06 01:48:54.297418,completed,Bank Transfer,13.89,,0.0,,True,3008.67,3022.56
ORD-000553,5a6d3be9-b295-4984-a0ae-a6e3b38b7f36,2025-03-29 16:20:14.894650,returned,Google Pay,5.91,,0.0,Delayed shipping,True,6678.65,6684.56
ORD-000554,7df528a0-fbc3-40c8-ae76-55719a088375,2025-05-29 09:15:17.406625,completed,Apple Pay,14.05,TRUE,29.26,,True,6585.94,6570.73
ORD-000555,7df528a0-fbc3-40c8-ae76-55719a088375,2024-07-30 13:20:22.217261,completed,Credit Card,19.65,,0.0,,True,792.66,812.31
ORD-000556,7df528a0-fbc3-40c8-ae76-55719a088375,2023-02-24 09:07:13.423610,completed,Apple Pay,15.38,,0.0,,True,5225.81,5241.19
ORD-000557,f526e4bd-a394-4914-be13-4371fcd362c2,2024-11-10 22:19:55.430941,processing,PayPal,6.57,,0.0,,True,1121.84,1128.41
ORD-000558,f526e4bd-a394-4914-be13-4371fcd362c2,2025-02-21 09:48:25.324959,completed,Apple Pay,5.06,CLOSE,10.76,,True,6819.23,6813.53
ORD-000559,5071a246-5999-4caa-a48a-149f0e68b345,2025-04-20 23:00:16.042358,completed,PayPal,5.1,WRITE,13.95,,True,5868.38,5859.53
ORD-000560,5071a246-5999-4caa-a48a-149f0e68b345,2025-03-19 01:14:25.245751,completed,Bank Transfer,9.26,COUPLE,11.55,,True,1193.59,1191.3
ORD-000561,5071a246-5999-4caa-a48a-149f0e68b345,2025-06-25 14:20:49.166989,returned,Bank Transfer,5.32,,0.0,Delayed shipping,True,237.32,242.64
ORD-000562,5071a246-5999-4caa-a48a-149f0e68b345,2024-11-24 18:31:14.182880,completed,Bank Transfer,7.06,,0.0,,True,711.1,718.16
ORD-000563,df4cce30-5f42-4956-a506-b90195ff6b9d,2023-07-10 03:34:33.758249,shipped,Google Pay,9.58,OUT,25.24,,True,619.38,603.72
ORD-000564,df4cce30-5f42-4956-a506-b90195ff6b9d,2024-09-05 13:49:29.405372,returned,Apple Pay,18.18,EXPLAIN,8.61,Damaged,True,2295.92,2305.49
ORD-000565,df4cce30-5f42-4956-a506-b90195ff6b9d,2025-06-23 16:45:32.624401,completed,Credit Card,9.77,,0.0,,True,1412.63,1422.4
ORD-000566,d1e33128-770e-4a04-aa41-d100bec5537e,2025-02-21 07:57:22.285251,completed,PayPal,13.03,,0.0,,True,4185.05,4198.08
ORD-000567,d1e33128-770e-4a04-aa41-d100bec5537e,2025-03-31 10:59:02.591580,completed,Bank Transfer,18.29,PUT,7.04,,True,3443.28,3454.53
ORD-000568,d1e33128-770e-4a04-aa41-d100bec5537e,2024-10-24 09:24:44.086607,completed,Bank Transfer,11.96,,0.0,,True,6087.31,6099.27
ORD-000569,d1e33128-770e-4a04-aa41-d100bec5537e,2025-04-05 21:17:33.598362,completed,Credit Card,11.01,,0.0,,True,5353.31,5364.32
ORD-000570,a9f3048b-88e8-47e3-a996-755a30e0b76d,2023-09-07 13:40:53.112715,shipped,Apple Pay,13.57,,0.0,,True,3115.21,3128.78
ORD-000571,bf124da0-3b1b-4e65-9f2a-abd01dfba46f,2024-02-13 04:22:52.440109,completed,Credit Card,10.27,,0.0,,True,5555.3,5565.57
ORD-000572,bf124da0-3b1b-4e65-9f2a-abd01dfba46f,2024-04-02 23:09:49.278822,completed,Bank Transfer,10.74,TRIP,10.84,,True,1319.82,1319.72
ORD-000573,bf124da0-3b1b-4e65-9f2a-abd01dfba46f,2024-11-23 11:37:44.613612,completed,Apple Pay,9.42,,0.0,,True,2532.74,2542.16
ORD-000574,bf124da0-3b1b-4e65-9f2a-abd01dfba46f,2024-12-14 11:22:20.940261,completed,Apple Pay,15.13,MESSAGE,23.63,,True,2859.47,2850.97
ORD-000575,896555a1-59ba-4125-9a5d-c67dc323da3e,2024-03-24 11:48:14.971910,completed,Apple Pay,18.69,WORKER,12.49,,True,3895.07,3901.27
ORD-000576,516958a2-405e-486c-9e08-62f10d5097e9,2024-11-13 17:04:24.979852,completed,Credit Card,12.69,,0.0,,True,4108.69,4121.38
ORD-000577,0e12cbe0-e522-4947-81d5-9d2e4b880284,2024-10-12 08:46:10.190791,processing,Google Pay,12.12,,0.0,,True,3354.36,3366.48
ORD-000578,0e12cbe0-e522-4947-81d5-9d2e4b880284,2024-12-07 07:35:26.682512,completed,Credit Card,11.58,,0.0,,True,270.62,282.2
ORD-000579,0e12cbe0-e522-4947-81d5-9d2e4b880284,2024-01-02 03:14:58.129956,completed,PayPal,18.11,,0.0,,True,1827.0,1845.11
ORD-000580,0e12cbe0-e522-4947-81d5-9d2e4b880284,2024-02-06 13:54:12.473519,completed,Apple Pay,17.51,,0.0,,True,3952.04,3969.55
ORD-000581,0e12cbe0-e522-4947-81d5-9d2e4b880284,2024-01-19 09:13:35.471135,completed,Credit Card,13.51,AGAINST,8.48,,True,4358.55,4363.58
ORD-000582,0e12cbe0-e522-4947-81d5-9d2e4b880284,2023-12-17 20:26:13.746342,completed,Apple Pay,19.7,TRAINING,14.77,,True,3377.94,3382.87
ORD-000583,d9e349cb-1f79-4073-81f6-ede8580361ff,2025-04-20 22:36:50.057506,processing,Credit Card,7.66,,0.0,,True,4146.86,4154.52
ORD-000584,2eee7a52-8d1a-4447-a691-d0eceff38d61,2024-02-26 11:27:17.440560,completed,PayPal,5.86,,0.0,,True,352.32,358.18
ORD-000585,2eee7a52-8d1a-4447-a691-d0eceff38d61,2023-08-30 10:13:17.289192,completed,Google Pay,19.84,WORD,15.46,,True,882.12,886.5
ORD-000586,2eee7a52-8d1a-4447-a691-d0eceff38d61,2025-04-26 13:18:54.168506,completed,Apple Pay,17.99,DEGREE,10.14,,True,2915.33,2923.18
ORD-000587,34ce13d0-13fe-4aed-a94c-f65abf8368aa,2024-11-11 10:12:09.756659,completed,Google Pay,11.88,DIFFERENT,29.78,,True,5412.1,5394.2
ORD-000588,34ce13d0-13fe-4aed-a94c-f65abf8368aa,2023-10-01 11:17:11.268478,shipped,PayPal,11.9,,0.0,,True,374.92,386.82
ORD-000589,f4010ff1-115e-423a-94e9-011e3c3afbf0,2024-04-26 18:21:44.130259,completed,Bank Transfer,18.78,,0.0,,True,1524.29,1543.07
ORD-000590,f4010ff1-115e-423a-94e9-011e3c3afbf0,2025-01-13 01:32:09.466349,cancelled,Apple Pay,16.0,,0.0,Changed mind,True,576.33,592.33
ORD-000591,f4010ff1-115e-423a-94e9-011e3c3afbf0,2024-08-21 18:07:54.087573,returned,Credit Card,5.65,,0.0,Changed mind,True,3654.0,3659.65
ORD-000592,f4010ff1-115e-423a-94e9-011e3c3afbf0,2025-05-24 23:16:32.682812,completed,Bank Transfer,18.74,,0.0,,True,572.11,590.85
ORD-000593,9bdaba6e-fa16-4dea-8832-f18013b8327b,2025-01-02 02:08:00.402858,processing,Credit Card,10.53,,0.0,,True,5467.3,5477.83
ORD-000594,9bdaba6e-fa16-4dea-8832-f18013b8327b,2024-11-26 11:11:24.349307,completed,PayPal,11.93,,0.0,,True,3959.07,3971.0
ORD-000595,7819ca59-b1f9-4b9e-b7a0-4867a8041f1e,2025-06-13 21:23:13.681128,completed,Apple Pay,11.96,,0.0,,True,2431.92,2443.88
ORD-000596,7819ca59-b1f9-4b9e-b7a0-4867a8041f1e,2025-06-17 17:58:52.093422,completed,Credit Card,15.7,,0.0,,True,4848.05,4863.75
ORD-000597,7d5ad0cb-3ca0-4fd1-80b0-1f7891d1b1ee,2025-05-13 15:20:45.229286,completed,Credit Card,16.12,COLLECTION,21.78,,True,2804.4,2798.74
ORD-000598,7d5ad0cb-3ca0-4fd1-80b0-1f7891d1b1ee,2025-06-10 14:14:36.194430,completed,Credit Card,11.61,CIVIL,22.86,,True,3869.33,3858.08
ORD-000599,18da319c-d381-41a4-95fe-3ed24b906475,2025-02-09 06:44:42.140004,completed,Credit Card,9.62,BY,5.12,,True,2875.83,2880.33
ORD-000600,77c57f05-1df4-4083-92fd-63eb6cbf45ad,2025-01-26 08:39:10.627237,shipped,Google Pay,5.22,,0.0,,True,154.33,159.55
ORD-000601,df0756fb-b6eb-4cc0-9c56-276af907acc9,2025-03-25 18:00:10.228737,completed,Apple Pay,6.45,,0.0,,True,2742.53,2748.98
ORD-000602,df0756fb-b6eb-4cc0-9c56-276af907acc9,2024-11-19 05:11:33.986074,completed,Google Pay,17.23,,0.0,,True,2530.44,2547.67
ORD-000603,df0756fb-b6eb-4cc0-9c56-276af907acc9,2025-03-07 14:30:28.695600,cancelled,PayPal,11.42,MANAGER,7.65,Delayed shipping,True,2695.55,2699.32
ORD-000604,df0756fb-b6eb-4cc0-9c56-276af907acc9,2025-04-17 04:31:23.301344,returned,Credit Card,8.3,,0.0,Damaged,True,3947.57,3955.87
ORD-000605,7831aaba-5619-43a4-adf7-302b7ef95d4d,2024-10-07 08:22:25.820545,completed,Google Pay,16.51,,0.0,,True,2166.21,2182.72
ORD-000606,7831aaba-5619-43a4-adf7-302b7ef95d4d,2025-05-11 17:12:10.807732,completed,Credit Card,19.86,,0.0,,True,1955.38,1975.24
ORD-000607,7831aaba-5619-43a4-adf7-302b7ef95d4d,2024-09-25 04:36:06.890133,completed,PayPal,14.46,,0.0,,True,3134.46,3148.92
ORD-000608,7831aaba-5619-43a4-adf7-302b7ef95d4d,2024-08-04 06:15:33.751751,shipped,Credit Card,17.77,,0.0,,True,3201.65,3219.42
ORD-000609,7831aaba-5619-43a4-adf7-302b7ef95d4d,2025-06-17 21:40:36.206990,completed,Google Pay,8.49,,0.0,,True,833.11,841.6
ORD-000610,64a9b08a-9ef2-43e5-a866-40015db76115,2025-06-10 03:53:27.742726,cancelled,Apple Pay,16.38,BILL,10.91,Damaged,True,2652.75,2658.22
ORD-000611,6e247c35-a902-4007-9ba7-001c0a6eaa9b,2025-02-27 23:20:16.669768,completed,PayPal,14.63,CENTRAL,23.13,,True,5493.82,5485.32
ORD-000612,6e247c35-a902-4007-9ba7-001c0a6eaa9b,2025-05-05 15:23:46.878386,completed,Google Pay,19.66,,0.0,,True,3325.86,3345.52
ORD-000613,6e247c35-a902-4007-9ba7-001c0a6eaa9b,2024-09-29 13:45:08.569344,completed,PayPal,5.81,,0.0,,True,1846.52,1852.33
ORD-000614,6e247c35-a902-4007-9ba7-001c0a6eaa9b,2024-10-01 17:59:45.415966,completed,Bank Transfer,10.72,,0.0,,True,2985.28,2996.0
ORD-000615,6e247c35-a902-4007-9ba7-001c0a6eaa9b,2025-03-06 02:36:37.330025,completed,Bank Transfer,6.88,PEACE,18.72,,True,2580.55,2568.71
ORD-000616,6e247c35-a902-4007-9ba7-001c0a6eaa9b,2025-01-22 19:34:27.089643,completed,Google Pay,9.67,,0.0,,True,1020.62,1030.29
ORD-000617,6e247c35-a902-4007-9ba7-001c0a6eaa9b,2025-04-02 07:21:17.723763,completed,Bank Transfer,13.65,,0.0,,True,2678.18,2691.83
ORD-000618,a85804f2-8116-41b7-9917-2c4ac27c572e,2025-06-12 17:25:25.890095,returned,Credit Card,19.59,,0.0,Wrong item,True,2239.6,2259.19
ORD-000619,a85804f2-8116-41b7-9917-2c4ac27c572e,2025-02-02 08:02:37.096941,completed,Google Pay,11.5,COURT,28.84,,True,2622.68,2605.34
ORD-000620,969a922f-fc5e-49f9-a0b0-c1d6143084be,2024-12-12 01:38:31.264219,shipped,Bank Transfer,7.64,,0.0,,True,2388.12,2395.76
ORD-000621,969a922f-fc5e-49f9-a0b0-c1d6143084be,2024-07-03 15:50:09.062853,shipped,Google Pay,15.72,MILLION,27.9,,True,602.03,589.85
ORD-000622,033ed587-c149-4756-901f-a433f9588cfe,2025-06-20 09:27:36.081197,completed,Google Pay,15.96,,0.0,,True,4271.47,4287.43
ORD-000623,033ed587-c149-4756-901f-a433f9588cfe,2025-02-09 20:19:24.186670,shipped,Bank Transfer,18.27,,0.0,,True,1139.8,1158.07
ORD-000624,f9312346-58b6-41ea-bf04-570767394b6e,2025-03-21 10:30:35.859462,completed,Google Pay,7.44,,0.0,,True,4880.04,4887.48
ORD-000625,f9312346-58b6-41ea-bf04-570767394b6e,2025-06-27 02:29:37.969700,completed,Google Pay,5.87,,0.0,,True,6585.87,6591.74
ORD-000626,d8a40e6b-cc4b-4d75-9ead-f8f910bc0d6b,2025-04-21 14:24:10.622859,cancelled,PayPal,14.99,AUTHORITY,20.14,Wrong item,True,3673.62,3668.47
ORD-000627,d8a40e6b-cc4b-4d75-9ead-f8f910bc0d6b,2023-12-20 07:20:52.677180,completed,Google Pay,17.62,PROBABLY,24.27,,True,2039.89,2033.24
ORD-000628,d8a40e6b-cc4b-4d75-9ead-f8f910bc0d6b,2024-03-13 21:31:08.217396,completed,Apple Pay,8.79,,0.0,,True,5525.55,5534.34
ORD-000629,ef66f5c3-9e90-4241-a78c-27af8ec86044,2023-12-01 22:16:52.019132,shipped,PayPal,16.65,,0.0,,True,2515.6,2532.25
ORD-000630,ef66f5c3-9e90-4241-a78c-27af8ec86044,2023-04-10 11:32:41.054788,completed,Credit Card,9.62,,0.0,,True,4086.78,4096.4
ORD-000631,a8a5a390-f0c8-4661-8bc6-b40ddef0a5ca,2025-07-02 01:52:50.475162,completed,PayPal,7.65,STREET,8.36,,True,1962.23,1961.52
ORD-000632,e8e81c4f-8a67-46c4-b930-6738053c1e5d,2025-06-16 14:34:29.838210,completed,Bank Transfer,17.14,DEBATE,29.57,,True,2899.74,2887.31
ORD-000633,360d9404-1a0a-43f3-8804-930a5023d321,2025-05-28 05:40:34.916759,completed,Bank Transfer,6.87,FULL,5.74,,True,2259.53,2260.66
ORD-000634,131acf3a-983f-4ccb-992c-e6aea148b86f,2024-03-17 18:14:14.715153,returned,Bank Transfer,8.99,,0.0,Changed mind,True,5559.43,5568.42
ORD-000635,da0a254f-2cc3-4969-bf58-086a1c4a4ae8,2025-03-14 23:45:58.590518,shipped,Apple Pay,14.07,,0.0,,True,1695.62,1709.69
ORD-000636,da0a254f-2cc3-4969-bf58-086a1c4a4ae8,2025-03-11 12:34:53.696447,completed,Credit Card,19.63,,0.0,,True,172.82,192.45
ORD-000637,da0a254f-2cc3-4969-bf58-086a1c4a4ae8,2024-07-13 06:35:57.422355,completed,Apple Pay,15.47,,0.0,,True,1905.61,1921.08
ORD-000638,da0a254f-2cc3-4969-bf58-086a1c4a4ae8,2025-06-29 13:39:31.113580,completed,Bank Transfer,15.49,,0.0,,True,2242.63,2258.12
ORD-000639,acb3035c-475e-445e-9ee2-6aab4462dfc6,2024-07-23 02:00:36.954468,completed,Credit Card,7.82,,0.0,,True,4109.19,4117.01
ORD-000640,acb3035c-475e-445e-9ee2-6aab4462dfc6,2024-10-19 07:18:35.751438,completed,PayPal,11.66,,0.0,,True,6142.7,6154.36
ORD-000641,acb3035c-475e-445e-9ee2-6aab4462dfc6,2024-09-27 09:57:34.640688,completed,Credit Card,16.01,CONDITION,9.88,,True,896.91,903.04
ORD-000642,acb3035c-475e-445e-9ee2-6aab4462dfc6,2024-04-24 04:22:25.927973,completed,PayPal,6.92,,0.0,,True,5098.72,5105.64
ORD-000643,0da449eb-cc62-41da-b793-73a43e8c8628,2024-04-09 17:50:25.971333,returned,Google Pay,12.23,,0.0,Found better price,True,1907.04,1919.27
ORD-000644,0da449eb-cc62-41da-b793-73a43e8c8628,2024-09-15 11:33:29.483583,shipped,PayPal,6.58,,0.0,,True,851.43,858.01
ORD-000645,0da449eb-cc62-41da-b793-73a43e8c8628,2025-06-27 19:25:09.661408,completed,PayPal,9.9,,0.0,,True,4317.03,4326.93
ORD-000646,0da449eb-cc62-41da-b793-73a43e8c8628,2025-05-11 11:09:41.529100,completed,Google Pay,7.04,,0.0,,True,4477.81,4484.85
ORD-000647,9fbddb70-169d-4b43-b9be-0573a5910bc7,2023-10-25 20:55:37.118102,processing,PayPal,10.15,,0.0,,True,4105.59,4115.74
ORD-000648,9fbddb70-169d-4b43-b9be-0573a5910bc7,2024-04-30 19:23:02.656277,completed,Bank Transfer,9.36,COMPARE,13.51,,True,5205.08,5200.93
ORD-000649,a688183c-5416-47b6-8327-caacf511dac4,2023-09-10 19:12:52.946841,completed,Apple Pay,13.85,EDGE,14.7,,True,3152.77,3151.92
ORD-000650,a688183c-5416-47b6-8327-caacf511dac4,2024-12-10 01:08:34.437081,completed,Credit Card,6.6,EVERYONE,26.31,,True,3660.13,3640.42
ORD-000651,a688183c-5416-47b6-8327-caacf511dac4,2024-06-16 01:10:22.557240,completed,Credit Card,7.21,LEAD,23.68,,True,2788.53,2772.06
ORD-000652,4757c28f-79eb-4676-9b74-2e2bb3e9c94d,2025-03-11 03:25:20.617738,completed,Credit Card,12.54,,0.0,,True,4752.64,4765.18
ORD-000653,1eaa3f98-a389-4bc8-b585-838d069ef32e,2023-12-25 20:09:42.174109,completed,Bank Transfer,19.5,SONG,25.26,,True,2458.11,2452.35
ORD-000654,1eaa3f98-a389-4bc8-b585-838d069ef32e,2024-10-16 22:23:20.223654,completed,Apple Pay,8.38,,0.0,,True,3564.58,3572.96
ORD-000655,1eaa3f98-a389-4bc8-b585-838d069ef32e,2024-10-19 00:41:25.629201,completed,Credit Card,14.89,,0.0,,True,815.25,830.14
ORD-000656,460691b0-d230-481a-a4fc-207d2b87d158,2023-07-15 21:10:42.635470,completed,Credit Card,11.34,,0.0,,True,3346.32,3357.66
ORD-000657,460691b0-d230-481a-a4fc-207d2b87d158,2022-08-22 16:03:48.460900,completed,PayPal,7.93,,0.0,,True,3209.52,3217.45
ORD-000658,460691b0-d230-481a-a4fc-207d2b87d158,2025-02-19 21:28:12.137179,completed,PayPal,14.82,,0.0,,True,1148.22,1163.04
ORD-000659,460691b0-d230-481a-a4fc-207d2b87d158,2025-04-20 00:56:34.772585,completed,Google Pay,15.89,,0.0,,True,3757.68,3773.57
ORD-000660,79f62d8b-c10c-4e09-921c-f5a82abd5ecc,2022-11-21 02:56:56.920694,completed,Apple Pay,7.52,PAINTING,13.89,,True,4179.46,4173.09
ORD-000661,b69eecc6-4df6-4a5c-8eb7-732d09c22f15,2025-06-18 22:33:10.354476,processing,Apple Pay,14.4,,0.0,,True,143.96,158.36
ORD-000662,0e7b88b8-ca7a-4a64-8159-19894d914c9f,2024-07-22 23:00:47.996513,completed,Bank Transfer,12.33,,0.0,,True,3094.44,3106.77
ORD-000663,0e7b88b8-ca7a-4a64-8159-19894d914c9f,2025-05-15 16:12:23.603314,completed,PayPal,15.06,HUSBAND,16.59,,True,2376.68,2375.15
ORD-000664,319d0819-f9a1-4c7c-882e-fb57538ce456,2024-08-20 11:21:55.735878,completed,Google Pay,15.03,,0.0,,True,1964.1,1979.13
ORD-000665,319d0819-f9a1-4c7c-882e-fb57538ce456,2025-01-29 04:25:28.778788,processing,PayPal,13.59,EXPECT,23.63,,True,5766.56,5756.52
ORD-000666,4559f83c-cb36-4e81-8052-1f148abec2f1,2025-01-25 12:22:32.575739,completed,Google Pay,16.93,GOVERNMENT,25.32,,True,285.88,277.49
ORD-000667,c5c7a1e5-f1f6-441c-8f2b-8ca2b02a561e,2024-05-20 17:31:48.343342,processing,PayPal,13.05,,0.0,,True,3669.74,3682.79
ORD-000668,c5c7a1e5-f1f6-441c-8f2b-8ca2b02a561e,2024-08-24 01:17:59.160000,returned,Bank Transfer,18.46,STEP,19.98,Wrong item,True,1121.9,1120.38
ORD-000669,c5c7a1e5-f1f6-441c-8f2b-8ca2b02a561e,2024-06-27 11:17:18.592912,completed,Apple Pay,6.93,SECOND,9.03,,True,3225.1,3223.0
ORD-000670,c5c7a1e5-f1f6-441c-8f2b-8ca2b02a561e,2024-05-04 14:28:43.869600,cancelled,Apple Pay,19.18,YES,12.51,Damaged,True,6341.23,6347.9
ORD-000671,5859861d-147f-4c67-ac61-be45b711c9d8,2023-10-04 22:26:45.475641,completed,Apple Pay,12.66,,0.0,,True,854.48,867.14
ORD-000672,f1995c06-5d06-40eb-b0d8-e1461f7d6764,2023-10-06 00:22:40.378181,completed,PayPal,7.13,,0.0,,True,1100.71,1107.84
ORD-000673,f1995c06-5d06-40eb-b0d8-e1461f7d6764,2023-08-07 07:46:48.707169,completed,PayPal,9.16,,0.0,,True,3040.49,3049.65
ORD-000674,31ac4be7-82ac-4dcf-9187-be4bd8d5a756,2024-11-27 03:16:35.675983,completed,Google Pay,15.15,,0.0,,True,2660.49,2675.64
ORD-000675,31ac4be7-82ac-4dcf-9187-be4bd8d5a756,2024-09-26 09:34:29.012198,completed,Credit Card,19.93,,0.0,,True,2978.19,2998.12
ORD-000676,31ac4be7-82ac-4dcf-9187-be4bd8d5a756,2025-01-18 12:05:45.301148,completed,Bank Transfer,12.67,REMAIN,25.54,,True,3143.99,3131.12
ORD-000677,29ff89c3-ca25-46e6-a0f5-6588c319e36e,2025-03-27 08:01:22.128888,completed,Bank Transfer,6.65,,0.0,,True,457.62,464.27
ORD-000678,29ff89c3-ca25-46e6-a0f5-6588c319e36e,2025-06-01 00:46:02.000973,completed,Credit Card,10.44,,0.0,,True,1318.57,1329.01
ORD-000679,ecd2ccf1-4b23-442a-a585-4c45f810c774,2025-02-27 18:10:39.680510,cancelled,Apple Pay,19.53,,0.0,Damaged,True,414.01,433.54
ORD-000680,e793c5ee-2926-448c-97da-d1f21eb23fc6,2025-06-15 04:00:44.595926,cancelled,Credit Card,15.92,,0.0,Wrong item,True,3162.49,3178.41
ORD-000681,e793c5ee-2926-448c-97da-d1f21eb23fc6,2025-05-27 04:38:09.885200,completed,Credit Card,5.72,,0.0,,True,6996.67,7002.39
ORD-000682,966dc932-3d16-4569-9a4f-972a8222ee13,2025-05-13 20:41:40.139075,shipped,Bank Transfer,6.91,SURE,17.84,,True,456.83,445.9
ORD-000683,b75815b7-83ab-4625-8f7f-998e5d4e0cf5,2025-01-18 10:07:57.253068,processing,Google Pay,9.01,,0.0,,True,5552.34,5561.35
ORD-000684,b75815b7-83ab-4625-8f7f-998e5d4e0cf5,2024-01-10 15:30:42.083230,completed,Apple Pay,11.58,,0.0,,True,4791.81,4803.39
ORD-000685,b75815b7-83ab-4625-8f7f-998e5d4e0cf5,2023-11-24 05:29:25.033343,completed,Google Pay,17.87,,0.0,,True,4654.08,4671.95
ORD-000686,b75815b7-83ab-4625-8f7f-998e5d4e0cf5,2023-09-04 11:27:24.980503,completed,Apple Pay,5.86,,0.0,,True,5652.93,5658.79
ORD-000687,2a4fb349-20c9-408c-ae64-ad5650c68b7b,2025-01-17 09:40:44.546476,completed,Google Pay,19.97,,0.0,,True,1629.08,1649.05
ORD-000688,2a4fb349-20c9-408c-ae64-ad5650c68b7b,2024-09-04 13:14:30.200432,completed,Credit Card,7.85,,0.0,,True,1279.29,1287.14
ORD-000689,2a4fb349-20c9-408c-ae64-ad5650c68b7b,2024-07-06 08:12:03.122128,completed,Google Pay,13.01,,0.0,,True,4399.11,4412.12
ORD-000690,5b3aec18-47f6-43c0-992c-c44806dc7bb7,2024-07-05 20:54:04.254097,completed,Credit Card,17.59,,0.0,,True,188.1,205.69
ORD-000691,b344b0e0-5de3-4caa-a7b4-0e0967120f96,2025-05-11 14:05:14.817040,completed,PayPal,7.56,,0.0,,True,2270.24,2277.8
ORD-000692,b344b0e0-5de3-4caa-a7b4-0e0967120f96,2025-05-14 09:37:10.558956,completed,PayPal,12.25,GROWTH,5.06,,True,6537.04,6544.23
ORD-000693,b344b0e0-5de3-4caa-a7b4-0e0967120f96,2025-06-11 11:23:17.801998,shipped,Credit Card,5.86,PREPARE,16.51,,True,2693.27,2682.62
ORD-000694,fedac970-8604-478b-95e0-0eafc9619ebf,2024-08-27 14:04:42.535954,processing,Bank Transfer,5.13,,0.0,,True,191.24,196.37
ORD-000695,fedac970-8604-478b-95e0-0eafc9619ebf,2025-02-17 07:00:05.444936,completed,Apple Pay,18.7,TRY,24.24,,True,3255.11,3249.57
ORD-000696,2aebe226-b9f2-4ae9-ad22-6315a30795c1,2025-06-18 01:29:47.737316,processing,Credit Card,13.05,PROGRAM,29.73,,True,4961.57,4944.89
ORD-000697,2aebe226-b9f2-4ae9-ad22-6315a30795c1,2025-04-14 23:24:16.922816,completed,PayPal,7.84,STOCK,14.86,,True,2515.95,2508.93
ORD-000698,2a8b5f16-b85d-420c-a6f3-4ff2c08fc0f9,2025-02-19 10:36:30.565272,completed,Bank Transfer,6.78,,0.0,,True,3816.52,3823.3
ORD-000699,2e933faf-03de-484c-a59f-598f820de491,2024-07-31 08:53:16.589914,shipped,PayPal,10.83,ARRIVE,7.7,,True,497.7,500.83
ORD-000700,2e933faf-03de-484c-a59f-598f820de491,2024-10-20 07:14:35.803516,completed,Apple Pay,12.5,,0.0,,True,1688.8,1701.3
ORD-000701,aa2febc7-d469-44dd-b5a2-47127237df41,2023-06-06 17:27:49.232907,completed,Credit Card,13.96,SKILL,17.0,,True,1264.1,1261.06
ORD-000702,aa2febc7-d469-44dd-b5a2-47127237df41,2025-04-29 17:53:15.796027,completed,Google Pay,7.8,CULTURAL,7.88,,True,4506.95,4506.87
ORD-000703,a28df6e1-6d78-4095-9879-d70f11066f1b,2024-04-17 01:10:29.960226,completed,Google Pay,6.55,,0.0,,True,5236.66,5243.21
ORD-000704,a28df6e1-6d78-4095-9879-d70f11066f1b,2025-06-14 18:54:34.451756,returned,Google Pay,18.94,,0.0,Changed mind,True,978.52,997.46
ORD-000705,044a29dc-e564-40cf-b9af-6345f77c3535,2022-10-21 14:17:00.887454,completed,Bank Transfer,12.19,,0.0,,True,783.78,795.97
ORD-000706,044a29dc-e564-40cf-b9af-6345f77c3535,2024-12-13 09:17:21.292471,processing,Google Pay,10.45,,0.0,,True,2550.48,2560.93
ORD-000707,044a29dc-e564-40cf-b9af-6345f77c3535,2023-06-06 16:15:35.673604,processing,Apple Pay,9.28,APPLY,20.16,,True,3111.95,3101.07
ORD-000708,3a38de82-dbc6-44c2-82c6-0315a5607da2,2024-10-07 05:04:57.454199,completed,Credit Card,13.28,,0.0,,True,4729.95,4743.23
ORD-000709,3a38de82-dbc6-44c2-82c6-0315a5607da2,2023-11-22 00:43:40.438847,completed,PayPal,10.57,,0.0,,True,1595.15,1605.72
ORD-000710,146ff528-1adc-418b-9d23-bcd567040033,2024-06-03 11:39:46.755748,completed,Google Pay,16.14,DATA,19.66,,True,1015.62,1012.1
ORD-000711,9346a7cf-08fc-42fb-8505-1b7e7d7921b0,2024-10-13 18:08:41.221232,shipped,Bank Transfer,13.2,,0.0,,True,3504.91,3518.11
ORD-000712,ca7703b3-0f94-42ab-8226-984e936f1c87,2024-11-28 03:04:56.776537,completed,PayPal,18.16,,0.0,,True,5511.59,5529.75
ORD-000713,f02d5904-6e75-4638-9a32-b029b3b248bf,2025-06-30 21:53:35.466264,completed,Apple Pay,12.56,POINT,19.98,,True,1681.66,1674.24
ORD-000714,f02d5904-6e75-4638-9a32-b029b3b248bf,2024-12-30 02:21:42.245701,shipped,Bank Transfer,19.59,MANAGER,25.36,,True,4070.9,4065.13
ORD-000715,7010fb56-6e32-4546-a0ca-555cac44ed08,2024-11-17 09:50:13.573164,cancelled,Apple Pay,16.69,,0.0,Wrong item,True,2074.21,2090.9
ORD-000716,d930c08c-1cfb-4230-b9a3-28a0cdd0df61,2025-01-03 02:19:59.968157,completed,PayPal,18.19,,0.0,,True,4886.66,4904.85
ORD-000717,f73fb590-fd61-4775-b803-48bfd076a7ab,2025-05-03 16:58:12.251974,completed,Apple Pay,7.57,ASK,10.96,,True,1122.99,1119.6
ORD-000718,975d582d-9425-4419-bbff-003e225a7306,2024-01-31 22:03:10.796988,completed,Apple Pay,18.25,,0.0,,True,1406.71,1424.96
ORD-000719,f759869f-46d5-42aa-bf69-a57624e0c1fb,2024-06-21 00:26:51.787386,completed,PayPal,5.02,,0.0,,True,6647.56,6652.58
ORD-000720,f759869f-46d5-42aa-bf69-a57624e0c1fb,2023-07-24 08:05:21.804821,completed,Bank Transfer,5.86,,0.0,,True,2582.03,2587.89
ORD-000721,f759869f-46d5-42aa-bf69-a57624e0c1fb,2025-06-18 16:28:16.606182,processing,Bank Transfer,19.68,,0.0,,True,6702.39,6722.07
ORD-000722,387bb7a4-d038-4b21-ac5c-1d7bef7bfa11,2024-01-05 00:33:32.724904,returned,Google Pay,11.63,,0.0,Damaged,True,654.4,666.03
ORD-000723,387bb7a4-d038-4b21-ac5c-1d7bef7bfa11,2025-04-08 16:21:55.447727,completed,Bank Transfer,8.48,,0.0,,True,1923.82,1932.3
ORD-000724,b68bbf70-2fe7-4a78-9c2a-92c95c31abca,2024-07-23 01:31:15.363878,completed,Google Pay,17.94,CURRENT,17.26,,True,3386.23,3386.91
ORD-000725,b68bbf70-2fe7-4a78-9c2a-92c95c31abca,2024-11-02 22:12:18.303437,completed,PayPal,7.67,,0.0,,True,3217.48,3225.15
ORD-000726,f6d099f1-0379-4271-8108-23748aae3ac1,2025-01-22 17:14:20.334665,processing,PayPal,16.26,BAG,7.49,,True,1748.37,1757.14
ORD-000727,cdac4206-36eb-4834-b1e7-d5c17d153e6c,2025-02-24 22:53:06.524817,completed,Apple Pay,6.25,THUS,20.68,,True,338.15,323.72
ORD-000728,cdac4206-36eb-4834-b1e7-d5c17d153e6c,2025-03-18 21:46:40.598789,shipped,PayPal,6.6,,0.0,,True,2452.93,2459.53
ORD-000729,cdac4206-36eb-4834-b1e7-d5c17d153e6c,2025-07-07 10:12:03.246136,completed,Credit Card,17.23,,0.0,,True,4108.05,4125.28
ORD-000730,b504f63e-82b5-49af-ad5a-9d7c6b799e29,2023-12-04 17:27:16.159551,completed,Apple Pay,6.54,PROVE,17.79,,True,1965.54,1954.29
ORD-000731,b504f63e-82b5-49af-ad5a-9d7c6b799e29,2025-03-16 19:31:39.189620,completed,Apple Pay,8.39,,0.0,,True,1864.24,1872.63
ORD-000732,b504f63e-82b5-49af-ad5a-9d7c6b799e29,2024-03-07 01:08:25.726387,completed,Google Pay,14.24,ITSELF,28.08,,True,896.18,882.34
ORD-000733,130f2598-6111-4c9c-916f-bcb8f2e0fabc,2025-02-27 11:59:57.957905,completed,Credit Card,7.67,,0.0,,True,2239.97,2247.64
ORD-000734,130f2598-6111-4c9c-916f-bcb8f2e0fabc,2024-12-30 15:20:55.758315,completed,Credit Card,12.49,,0.0,,True,2255.67,2268.16
ORD-000735,fcd079b4-62f9-4b02-be7e-76a7b43e19d2,2024-03-13 00:02:11.472986,completed,Credit Card,7.2,THANK,16.17,,True,4688.48,4679.51
ORD-000736,1d994c73-b86a-4d91-ac52-0476b28b2372,2023-10-03 21:32:34.312649,completed,Bank Transfer,7.73,,0.0,,True,4769.81,4777.54
ORD-000737,1d994c73-b86a-4d91-ac52-0476b28b2372,2023-06-23 17:12:44.291027,cancelled,Google Pay,10.0,,0.0,Delayed shipping,True,2327.76,2337.76
ORD-000738,1d994c73-b86a-4d91-ac52-0476b28b2372,2022-11-05 23:51:31.718569,shipped,PayPal,12.39,,0.0,,True,3629.98,3642.37
ORD-000739,1d994c73-b86a-4d91-ac52-0476b28b2372,2025-03-23 04:56:02.288426,completed,PayPal,13.67,,0.0,,True,2627.28,2640.95
ORD-000740,fb00f64d-311d-4104-9a44-34350cc5fe66,2025-01-22 01:02:08.769343,completed,Google Pay,19.91,FATHER,18.96,,True,1527.82,1528.77
ORD-000741,fb00f64d-311d-4104-9a44-34350cc5fe66,2025-02-28 13:02:46.228397,completed,Apple Pay,17.74,,0.0,,True,3316.86,3334.6
ORD-000742,fb00f64d-311d-4104-9a44-34350cc5fe66,2024-02-29 02:04:59.951861,completed,PayPal,18.69,AT,25.7,,True,2339.34,2332.33
ORD-000743,cf1b0131-af82-4caf-aea1-9b3a7d93fa90,2024-12-23 01:09:15.574620,completed,Apple Pay,19.43,,0.0,,True,5635.95,5655.38
ORD-000744,cf1b0131-af82-4caf-aea1-9b3a7d93fa90,2025-05-31 17:36:58.363599,cancelled,Credit Card,17.56,,0.0,Found better price,True,854.17,871.73
ORD-000745,f9bd1d81-3274-4147-9f6e-7d272d5fb49c,2023-04-18 03:20:52.657506,completed,PayPal,6.18,SOMEONE,19.23,,True,1356.86,1343.81
ORD-000746,f9bd1d81-3274-4147-9f6e-7d272d5fb49c,2025-02-01 02:06:50.904597,completed,Bank Transfer,15.84,,0.0,,True,1810.56,1826.4
ORD-000747,f9bd1d81-3274-4147-9f6e-7d272d5fb49c,2023-05-05 01:05:07.050631,completed,Credit Card,5.9,,0.0,,True,5423.93,5429.83
ORD-000748,f9bd1d81-3274-4147-9f6e-7d272d5fb49c,2024-12-17 00:25:48.356219,completed,PayPal,12.53,,0.0,,True,2637.51,2650.04
ORD-000749,f9bd1d81-3274-4147-9f6e-7d272d5fb49c,2024-11-05 05:23:55.487998,completed,Apple Pay,8.28,ACTUALLY,23.65,,True,7584.13,7568.76
ORD-000750,8650c7e0-bcf5-470a-a839-d04901d3bcee,2025-06-20 04:33:36.067518,completed,Bank Transfer,10.57,,0.0,,True,2263.4,2273.97
ORD-000751,5fdf676f-46f8-426d-91ea-8ef7aedc31c7,2025-05-22 10:03:56.086387,completed,Google Pay,9.23,,0.0,,True,876.8,886.03
ORD-000752,04798742-6f1f-4165-a57f-1faa61252f8a,2025-05-11 18:08:11.677360,completed,Credit Card,16.35,,0.0,,True,3776.11,3792.46
ORD-000753,8e577daa-0658-488e-80f5-0e9c7f431117,2024-12-14 16:38:49.300077,completed,Google Pay,9.72,,0.0,,True,711.92,721.64
ORD-000754,8e577daa-0658-488e-80f5-0e9c7f431117,2025-04-22 15:55:07.951931,completed,Apple Pay,19.38,,0.0,,True,2130.63,2150.01
ORD-000755,8e577daa-0658-488e-80f5-0e9c7f431117,2024-10-09 14:50:04.522032,cancelled,Google Pay,18.45,,0.0,Changed mind,True,2337.91,2356.36
ORD-000756,8e577daa-0658-488e-80f5-0e9c7f431117,2024-07-18 04:25:12.675949,completed,Google Pay,6.4,,0.0,,True,2370.15,2376.55
ORD-000757,272765c8-2131-4abd-9dd2-20a82adac3d9,2025-06-17 10:19:01.906067,completed,Bank Transfer,19.46,,0.0,,True,3323.93,3343.39
ORD-000758,d2b45727-8731-4519-84a3-f4401b49702a,2025-03-20 05:22:30.227468,completed,PayPal,15.69,,0.0,,True,1479.51,1495.2
ORD-000759,9a053163-862c-4a2f-a6f0-5bdf6da0322c,2025-04-06 09:34:22.824010,completed,PayPal,7.29,,0.0,,True,1778.53,1785.82
ORD-000760,9a053163-862c-4a2f-a6f0-5bdf6da0322c,2024-11-17 18:50:03.161922,completed,Google Pay,11.82,HELP,12.39,,True,310.5,309.93
ORD-000761,28464312-feb2-42a7-bb02-f830913747d6,2025-04-30 12:43:17.408546,completed,Credit Card,10.3,MEDIA,22.77,,True,6099.09,6086.62
ORD-000762,b3f12678-29f5-473d-8ae2-2cf1b44cfc97,2025-01-07 11:38:04.023999,completed,Credit Card,19.58,,0.0,,True,3796.48,3816.06
ORD-000763,b3f12678-29f5-473d-8ae2-2cf1b44cfc97,2024-12-18 03:53:48.638002,returned,Google Pay,12.69,,0.0,Changed mind,True,2124.48,2137.17
ORD-000764,b3f12678-29f5-473d-8ae2-2cf1b44cfc97,2025-02-10 19:59:51.253315,shipped,PayPal,19.87,OFFICE,29.44,,True,162.51,152.94
ORD-000765,f11fbf80-176e-49e4-8dbd-c5212db5ddf0,2025-07-08 13:16:42.998275,completed,Apple Pay,15.5,,0.0,,True,1059.24,1074.74
ORD-000766,f11fbf80-176e-49e4-8dbd-c5212db5ddf0,2025-01-16 04:17:59.118283,completed,Apple Pay,17.81,PEOPLE,26.85,,True,1558.96,1549.92
ORD-000767,f11fbf80-176e-49e4-8dbd-c5212db5ddf0,2025-01-11 22:47:12.637300,completed,Bank Transfer,14.64,,0.0,,True,4480.7,4495.34
ORD-000768,f11fbf80-176e-49e4-8dbd-c5212db5ddf0,2025-05-03 11:33:29.921790,completed,Google Pay,5.97,,0.0,,True,6156.84,6162.81
ORD-000769,75f55bb7-4907-430c-8131-983ef93f8ac4,2024-11-01 01:43:43.986054,completed,Credit Card,8.2,,0.0,,True,5511.53,5519.73
ORD-000770,75f55bb7-4907-430c-8131-983ef93f8ac4,2025-05-18 23:27:57.665598,processing,Google Pay,8.78,GARDEN,8.54,,True,3418.22,3418.46
ORD-000771,4f344cf0-4145-44d1-9a01-f2a93a7a6df8,2025-05-29 03:10:35.771815,completed,PayPal,15.04,THROUGHOUT,25.76,,True,65.22,54.5
ORD-000772,4f344cf0-4145-44d1-9a01-f2a93a7a6df8,2025-06-09 16:19:57.488962,shipped,PayPal,16.3,INTERESTING,13.73,,True,2994.04,2996.61
ORD-000773,a71d014a-3c5d-40b4-b122-2dab0fb24be0,2024-07-24 07:40:08.025477,completed,Credit Card,17.35,,0.0,,True,2154.31,2171.66
ORD-000774,a71d014a-3c5d-40b4-b122-2dab0fb24be0,2025-05-04 00:11:06.409613,completed,Credit Card,5.21,,0.0,,True,495.0,500.21
ORD-000775,a71d014a-3c5d-40b4-b122-2dab0fb24be0,2024-07-16 20:41:15.933571,returned,Google Pay,15.11,CHANGE,23.06,Changed mind,True,4987.59,4979.64
ORD-000776,c37cf095-3f5f-4d96-86ea-b63e005c3d5d,2024-11-28 12:19:13.066754,completed,Credit Card,11.3,,0.0,,True,3336.08,3347.38
ORD-000777,3484ff57-0165-4ee5-9f60-55404aaf4eef,2025-02-26 01:51:51.921708,completed,PayPal,7.87,,0.0,,True,810.72,818.59
ORD-000778,cc4fb6f6-8b83-4fe1-9e71-baf35fb51bf5,2025-06-21 04:11:54.698940,returned,PayPal,5.24,,0.0,Damaged,True,4375.51,4380.75
ORD-000779,cc4fb6f6-8b83-4fe1-9e71-baf35fb51bf5,2025-05-25 13:33:19.336986,completed,Google Pay,16.48,STORY,9.4,,True,3653.93,3661.01
ORD-000780,cc4fb6f6-8b83-4fe1-9e71-baf35fb51bf5,2024-11-12 08:42:54.462237,completed,Google Pay,11.56,TRUTH,20.51,,True,823.26,814.31
ORD-000781,cc4fb6f6-8b83-4fe1-9e71-baf35fb51bf5,2025-03-02 10:12:10.193400,completed,Bank Transfer,6.56,,0.0,,True,4153.31,4159.87
ORD-000782,efed9e31-b24a-43ee-9834-7234861ae768,2024-08-24 13:45:02.674799,completed,Google Pay,17.78,ADDRESS,24.42,,True,7765.22,7758.58
ORD-000783,4ad285ed-a995-4e72-a5aa-cc02efa37598,2024-03-11 10:41:29.628367,returned,PayPal,16.12,TELEVISION,14.37,Delayed shipping,True,3136.65,3138.4
ORD-000784,248d170c-9716-45ee-bc0e-d67c5aefc50d,2025-05-09 02:12:18.361559,shipped,Bank Transfer,17.58,,0.0,,True,4795.0,4812.58
ORD-000785,9663dc63-5b98-4f7f-a405-3b4ad0bec90f,2024-04-04 14:28:42.317388,shipped,Google Pay,12.78,,0.0,,True,3701.01,3713.79
ORD-000786,9663dc63-5b98-4f7f-a405-3b4ad0bec90f,2024-11-24 07:36:20.166664,shipped,PayPal,10.87,,0.0,,True,6378.72,6389.59
ORD-000787,9663dc63-5b98-4f7f-a405-3b4ad0bec90f,2024-04-10 19:03:36.978271,completed,Apple Pay,18.56,,0.0,,True,4054.82,4073.38
ORD-000788,515523b1-f3b8-4528-bf9e-d164884b4c2b,2024-03-02 07:17:52.811190,completed,PayPal,14.41,INCLUDE,18.82,,True,1880.72,1876.31
ORD-000789,515523b1-f3b8-4528-bf9e-d164884b4c2b,2024-09-24 01:34:44.763055,completed,PayPal,7.3,,0.0,,True,3951.17,3958.47
ORD-000790,515523b1-f3b8-4528-bf9e-d164884b4c2b,2024-06-06 06:34:36.070637,completed,Google Pay,14.79,DECADE,9.85,,True,2660.6,2665.54
ORD-000791,c64926b3-bad1-458c-84d1-2e33784e5767,2024-04-15 14:27:45.390948,shipped,PayPal,14.89,INCLUDING,28.37,,True,1653.0,1639.52
ORD-000792,c64926b3-bad1-458c-84d1-2e33784e5767,2024-06-17 07:57:41.228827,processing,Credit Card,18.0,THEMSELVES,28.18,,True,260.49,250.31
ORD-000793,c64926b3-bad1-458c-84d1-2e33784e5767,2025-06-18 04:15:12.268729,completed,Credit Card,8.93,OFTEN,6.93,,True,3207.12,3209.12
ORD-000794,71206b5c-1173-4710-b5db-bceb8ede7592,2023-10-22 21:43:47.161577,completed,Google Pay,19.39,CUSTOMER,22.18,,True,3294.99,3292.2
ORD-000795,6fc3056b-e8ac-431a-bd13-75711353d98f,2024-10-31 13:47:40.549036,completed,Google Pay,14.47,,0.0,,True,872.02,886.49
ORD-000796,6c26aec6-fee3-42b8-b780-131917508d85,2025-02-17 16:13:33.432046,completed,Credit Card,12.26,,0.0,,True,6070.87,6083.13
ORD-000797,3b8c3f37-49f6-4b1f-875e-cfc6008fd8b3,2025-03-30 16:17:29.484836,returned,Credit Card,7.29,,0.0,Wrong item,True,532.84,540.13
ORD-000798,3b8c3f37-49f6-4b1f-875e-cfc6008fd8b3,2025-06-29 10:53:20.448683,completed,Google Pay,7.08,COLLECTION,22.29,,True,2705.69,2690.48
ORD-000799,14cdb57a-59a9-4004-8b25-6424327689a0,2024-11-13 01:16:21.998231,completed,PayPal,10.23,,0.0,,True,5355.04,5365.27
ORD-000800,bd536f19-433e-4553-b126-8a02043dfbbe,2025-02-23 21:06:04.095876,completed,Credit Card,8.75,HEAD,26.15,,True,1288.63,1271.23
ORD-000801,bd536f19-433e-4553-b126-8a02043dfbbe,2025-06-23 04:27:50.172285,shipped,PayPal,12.32,,0.0,,True,5080.96,5093.28
ORD-000802,bd536f19-433e-4553-b126-8a02043dfbbe,2024-06-27 04:56:14.599747,completed,PayPal,10.61,,0.0,,True,786.84,797.45
ORD-000803,19bb7f09-cbd2-41fb-a9ca-257b6e1ba205,2024-02-18 05:12:12.779271,processing,Apple Pay,5.51,,0.0,,True,4068.24,4073.75
ORD-000804,19bb7f09-cbd2-41fb-a9ca-257b6e1ba205,2024-06-12 01:14:14.922910,completed,Credit Card,7.79,FIGURE,10.38,,True,1608.88,1606.29
ORD-000805,19bb7f09-cbd2-41fb-a9ca-257b6e1ba205,2023-10-05 03:13:09.966146,cancelled,Bank Transfer,15.75,NATURAL,19.19,Changed mind,True,935.44,932.0
ORD-000806,2baee4e2-2094-4d82-af8f-8232032d33bd,2025-06-29 16:41:21.526991,returned,Google Pay,6.54,SUGGEST,20.2,Wrong item,True,1763.91,1750.25
ORD-000807,2baee4e2-2094-4d82-af8f-8232032d33bd,2025-03-05 13:44:45.609760,cancelled,Credit Card,11.33,,0.0,Wrong item,True,1823.23,1834.56
ORD-000808,2baee4e2-2094-4d82-af8f-8232032d33bd,2025-04-18 08:36:39.302149,completed,PayPal,9.12,FOOT,16.32,,True,5019.73,5012.53
ORD-000809,74f04cb8-dada-485b-a5ae-ae437d9b987c,2025-01-07 10:05:59.025251,completed,Google Pay,17.62,,0.0,,True,6899.05,6916.67
ORD-000810,74f04cb8-dada-485b-a5ae-ae437d9b987c,2024-08-15 11:35:20.411060,completed,Credit Card,10.19,FOREIGN,24.37,,True,4627.92,4613.74
ORD-000811,45c80640-d2bd-4d75-85c8-ea680f877301,2024-12-27 23:27:40.165518,completed,Bank Transfer,6.82,,0.0,,True,3422.55,3429.37
ORD-000812,45c80640-d2bd-4d75-85c8-ea680f877301,2024-07-25 08:31:19.664519,completed,PayPal,7.55,CAMPAIGN,27.56,,True,1152.84,1132.83
ORD-000813,7876475d-93b9-4159-9930-8d335db7c391,2025-06-10 03:10:47.017669,completed,Google Pay,5.65,NEXT,12.61,,True,2667.46,2660.5
ORD-000814,2246c06b-51a3-42d1-9c12-be6300d048bf,2024-01-12 13:27:40.198129,completed,Google Pay,13.75,SHARE,12.98,,True,356.75,357.52
ORD-000815,2246c06b-51a3-42d1-9c12-be6300d048bf,2024-03-21 17:47:04.608779,completed,PayPal,15.02,,0.0,,True,2556.31,2571.33
ORD-000816,2246c06b-51a3-42d1-9c12-be6300d048bf,2024-11-15 03:12:18.011132,completed,Apple Pay,9.83,,0.0,,True,1766.93,1776.76
ORD-000817,2246c06b-51a3-42d1-9c12-be6300d048bf,2023-09-18 06:01:55.626295,completed,PayPal,10.3,,0.0,,True,3538.18,3548.48
ORD-000818,8db2c08e-b6dc-4df5-8c1d-fe81d245aeb0,2024-08-30 06:04:03.124953,processing,Credit Card,6.13,,0.0,,True,110.26,116.39
ORD-000819,8db2c08e-b6dc-4df5-8c1d-fe81d245aeb0,2024-06-25 06:03:58.712802,completed,PayPal,7.82,AFFECT,10.22,,True,8822.93,8820.53
ORD-000820,926edc63-f5bb-4a95-a623-b3e7501b887b,2024-10-08 00:46:26.201512,completed,Bank Transfer,6.95,,0.0,,True,3653.42,3660.37
ORD-000821,926edc63-f5bb-4a95-a623-b3e7501b887b,2024-09-23 03:25:40.532950,completed,Google Pay,15.29,,0.0,,True,4101.31,4116.6
ORD-000822,55621e86-52f7-4344-a544-eaf0c0323f24,2024-08-18 04:42:10.808403,completed,Apple Pay,12.14,,0.0,,True,3210.0,3222.14
ORD-000823,55621e86-52f7-4344-a544-eaf0c0323f24,2024-10-05 02:59:10.209872,shipped,Bank Transfer,10.95,,0.0,,True,2842.72,2853.67
ORD-000824,1ab42d90-572d-461d-90b9-76d8c0fd1edb,2024-10-30 03:54:10.008145,completed,Apple Pay,18.92,TRY,9.74,,True,4633.86,4643.04
ORD-000825,01d3a714-d68b-420c-9ec4-133017c762cb,2025-06-09 14:36:59.989999,completed,PayPal,11.5,,0.0,,True,894.42,905.92
ORD-000826,6341e7c8-6b0f-468b-b2fb-3cb1f8e16a89,2024-10-13 01:25:53.830634,completed,PayPal,13.63,WEEK,18.3,,True,3027.35,3022.68
ORD-000827,73a66d4c-1467-4fd8-a06c-a071ac283d2f,2025-07-07 23:34:14.962065,completed,PayPal,8.3,,0.0,,True,2337.03,2345.33
ORD-000828,73a66d4c-1467-4fd8-a06c-a071ac283d2f,2025-07-02 19:30:37.650359,completed,Credit Card,9.32,ONE,9.63,,True,2654.46,2654.15
ORD-000829,73a66d4c-1467-4fd8-a06c-a071ac283d2f,2025-06-20 09:33:14.658371,completed,Google Pay,5.19,,0.0,,True,3276.84,3282.03
ORD-000830,c0ee7cc2-73d9-4805-84eb-0ac6a462059e,2025-06-29 23:37:21.634881,processing,PayPal,17.8,,0.0,,True,3186.19,3203.99
ORD-000831,c0ee7cc2-73d9-4805-84eb-0ac6a462059e,2025-06-25 22:13:38.582025,completed,Credit Card,9.36,WEEK,17.58,,True,1379.71,1371.49
ORD-000832,94135b61-2ff2-48cf-918c-ac1e1d9fc647,2023-07-09 00:15:25.837622,completed,Bank Transfer,12.36,,0.0,,True,2387.47,2399.83
ORD-000833,94135b61-2ff2-48cf-918c-ac1e1d9fc647,2023-12-19 00:10:17.973643,completed,Apple Pay,17.85,,0.0,,True,5073.19,5091.04
ORD-000834,829f199e-56bd-4933-8c01-94a6d4b439d3,2024-10-28 17:57:54.969157,returned,Credit Card,10.36,WHICH,19.44,Wrong item,True,4078.23,4069.15
ORD-000835,829f199e-56bd-4933-8c01-94a6d4b439d3,2024-01-24 15:41:25.779170,completed,Apple Pay,15.18,,0.0,,True,5782.37,5797.55
ORD-000836,ea95d576-0ab3-4516-a866-c70bcb3a2484,2025-02-25 11:56:28.929813,completed,Apple Pay,9.14,ECONOMIC,19.49,,True,2635.85,2625.5
ORD-000837,ea95d576-0ab3-4516-a866-c70bcb3a2484,2025-05-08 15:42:14.338088,returned,PayPal,19.54,,0.0,Changed mind,True,2078.57,2098.11
ORD-000838,e62dc7db-d508-4275-a77c-f5a4e4884b01,2024-01-27 15:52:43.233484,completed,PayPal,14.36,,0.0,,True,3101.94,3116.3
ORD-000839,e62dc7db-d508-4275-a77c-f5a4e4884b01,2024-09-04 15:04:11.203923,cancelled,Apple Pay,17.38,VOICE,17.21,Delayed shipping,True,1196.66,1196.83
ORD-000840,e62dc7db-d508-4275-a77c-f5a4e4884b01,2023-08-19 02:52:08.278113,completed,Credit Card,17.51,MUCH,8.44,,True,4230.08,4239.15
ORD-000841,c94ff60b-9717-479a-88a8-a9e30375efd4,2025-06-03 18:35:43.545534,processing,Apple Pay,7.14,,0.0,,True,6641.96,6649.1
ORD-000842,c94ff60b-9717-479a-88a8-a9e30375efd4,2025-01-09 04:05:02.067742,completed,Credit Card,14.56,,0.0,,True,1903.2,1917.76
ORD-000843,af4a7aa0-bc09-497a-831f-1f607485bee2,2023-12-07 07:01:19.130774,completed,Credit Card,13.96,FUND,15.9,,True,1791.92,1789.98
ORD-000844,af4a7aa0-bc09-497a-831f-1f607485bee2,2023-10-22 16:10:02.695971,completed,Bank Transfer,9.52,MILITARY,19.17,,True,3799.17,3789.52
ORD-000845,af4a7aa0-bc09-497a-831f-1f607485bee2,2024-07-08 03:55:29.695716,completed,PayPal,15.28,,0.0,,True,4682.3,4697.58
ORD-000846,3c50386c-87c0-4ef9-bd87-283d4897c20d,2025-06-13 04:31:07.249282,completed,Google Pay,16.5,YOUR,8.51,,True,2607.21,2615.2
ORD-000847,3c50386c-87c0-4ef9-bd87-283d4897c20d,2025-06-28 00:51:31.869962,completed,Credit Card,18.17,EXACTLY,26.13,,True,2330.12,2322.16
ORD-000848,3c50386c-87c0-4ef9-bd87-283d4897c20d,2024-11-11 05:39:49.698699,processing,Google Pay,18.12,,0.0,,True,13.13,31.25
ORD-000849,3c50386c-87c0-4ef9-bd87-283d4897c20d,2025-02-02 01:22:24.911216,completed,PayPal,17.45,,0.0,,True,3364.15,3381.6
ORD-000850,3c50386c-87c0-4ef9-bd87-283d4897c20d,2024-12-13 15:28:21.612470,completed,Apple Pay,5.91,,0.0,,True,4009.36,4015.27
ORD-000851,7cec93fd-300e-4fc4-b22c-0b71755162c2,2024-12-19 14:39:27.153771,shipped,Bank Transfer,7.32,,0.0,,True,690.58,697.9
ORD-000852,42728e2b-b19d-4362-a096-13344d8088b9,2025-03-06 08:36:30.306383,completed,PayPal,8.01,HIMSELF,8.83,,True,873.81,872.99
ORD-000853,42728e2b-b19d-4362-a096-13344d8088b9,2025-05-04 00:29:25.933451,processing,Credit Card,8.06,,0.0,,True,3462.53,3470.59
ORD-000854,42728e2b-b19d-4362-a096-13344d8088b9,2024-05-28 11:10:21.556420,completed,Bank Transfer,14.19,,0.0,,True,5130.34,5144.53
ORD-000855,7260484a-3316-433b-8c79-7b814e783acc,2025-02-11 19:46:40.532085,completed,Credit Card,13.2,,0.0,,True,2355.08,2368.28
ORD-000856,81631d09-97ca-4bc3-a3d0-71479cac3a9d,2024-11-03 14:49:05.848208,shipped,PayPal,10.79,,0.0,,True,2052.6,2063.39
ORD-000857,81631d09-97ca-4bc3-a3d0-71479cac3a9d,2024-04-11 14:56:02.540504,completed,Google Pay,9.54,,0.0,,True,4865.62,4875.16
ORD-000858,c74dfc91-5a6d-4e0e-b83a-44a611de5a37,2025-05-07 06:31:54.269595,completed,Credit Card,17.84,,0.0,,True,5482.29,5500.13
ORD-000859,c57a01a6-a3d2-4c1b-926c-766a7310b156,2024-10-26 15:40:42.009655,returned,Bank Transfer,14.84,,0.0,Wrong item,True,4118.89,4133.73
ORD-000860,d35791ef-9006-459c-aebc-9ad65b9f5858,2024-02-07 19:41:11.173066,processing,Google Pay,17.59,,0.0,,True,7106.94,7124.53
ORD-000861,628e4617-6719-4a8f-8612-159da1fc15fb,2025-03-15 18:38:50.608932,completed,Bank Transfer,15.47,,0.0,,True,5164.59,5180.06
ORD-000862,628e4617-6719-4a8f-8612-159da1fc15fb,2025-03-23 06:01:41.173541,shipped,Google Pay,19.01,,0.0,,True,2157.39,2176.4
ORD-000863,fd7f710a-7856-4f56-9b3f-9463c72be7f4,2025-06-28 08:34:34.720473,returned,Credit Card,7.61,,0.0,Changed mind,True,3681.98,3689.59
ORD-000864,fd7f710a-7856-4f56-9b3f-9463c72be7f4,2024-10-02 16:57:50.874420,completed,Credit Card,17.61,,0.0,,True,2821.54,2839.15
ORD-000865,fd7f710a-7856-4f56-9b3f-9463c72be7f4,2024-08-15 08:55:44.631550,shipped,Google Pay,8.0,THAN,15.94,,True,2907.52,2899.58
ORD-000866,fd7f710a-7856-4f56-9b3f-9463c72be7f4,2025-02-25 02:48:44.501979,completed,PayPal,7.88,,0.0,,True,550.24,558.12
ORD-000867,fd7f710a-7856-4f56-9b3f-9463c72be7f4,2023-12-13 14:17:31.862590,processing,Google Pay,7.11,WIND,24.36,,True,6903.89,6886.64
ORD-000868,fd7f710a-7856-4f56-9b3f-9463c72be7f4,2024-09-27 15:14:15.352977,completed,Bank Transfer,8.11,,0.0,,True,5948.29,5956.4
ORD-000869,c22bddcd-cc19-4639-993b-59bf9d223177,2023-09-26 20:38:50.229493,completed,Credit Card,6.91,,0.0,,True,763.53,770.44
ORD-000870,5df054e4-c4ef-4019-9994-cb37185fd9e1,2024-10-12 13:44:36.174626,processing,Google Pay,5.77,,0.0,,True,836.47,842.24
ORD-000871,5df054e4-c4ef-4019-9994-cb37185fd9e1,2024-10-14 16:01:37.479026,completed,Google Pay,9.35,,0.0,,True,3312.5,3321.85
ORD-000872,5df054e4-c4ef-4019-9994-cb37185fd9e1,2023-04-17 20:32:40.126025,completed,Google Pay,18.98,,0.0,,True,6245.67,6264.65
ORD-000873,5a3b6cc1-88d9-4028-937f-1f2319b21b54,2024-12-12 06:30:25.970067,completed,Bank Transfer,5.48,,0.0,,True,668.42,673.9
ORD-000874,d35835a2-fbaa-4f20-9260-62dbc77faf63,2024-06-14 08:26:15.786402,shipped,PayPal,13.21,,0.0,,True,977.95,991.16
ORD-000875,d35835a2-fbaa-4f20-9260-62dbc77faf63,2025-03-17 04:03:47.472924,shipped,Apple Pay,17.08,,0.0,,True,6513.5,6530.58
ORD-000876,d35835a2-fbaa-4f20-9260-62dbc77faf63,2024-08-29 14:48:16.333353,completed,PayPal,12.18,TELL,23.08,,True,722.62,711.72
ORD-000877,3154a243-5152-4942-888a-7db27a816329,2025-04-19 08:12:08.835730,completed,Bank Transfer,8.38,,0.0,,True,2525.74,2534.12
ORD-000878,3154a243-5152-4942-888a-7db27a816329,2024-06-20 15:33:05.369436,completed,Credit Card,17.9,,0.0,,True,1769.79,1787.69
ORD-000879,3154a243-5152-4942-888a-7db27a816329,2024-04-30 08:54:41.229157,completed,Credit Card,10.81,,0.0,,True,4104.83,4115.64
ORD-000880,0da467bb-869b-4220-be97-60a6b605e188,2025-01-17 13:50:35.690453,completed,Apple Pay,11.57,,0.0,,True,2856.47,2868.04
ORD-000881,16b39052-1f37-4045-ab66-c362936cdc75,2024-11-05 15:43:46.426151,completed,PayPal,13.83,QUICKLY,23.69,,True,4679.36,4669.5
ORD-000882,931fe5f4-18cb-4436-8f5e-50bd1b78cfa3,2025-05-06 16:01:04.564857,shipped,Bank Transfer,5.66,,0.0,,True,1131.54,1137.2
ORD-000883,931fe5f4-18cb-4436-8f5e-50bd1b78cfa3,2024-11-06 04:26:02.342548,processing,Bank Transfer,6.84,MAKE,11.25,,True,8101.83,8097.42
ORD-000884,931fe5f4-18cb-4436-8f5e-50bd1b78cfa3,2025-05-10 05:32:12.668412,completed,PayPal,14.8,,0.0,,True,2759.69,2774.49
ORD-000885,cef46429-b3fc-46a4-81a9-d257da4f741b,2025-07-03 09:38:14.603263,completed,Google Pay,15.58,,0.0,,True,4059.12,4074.7
ORD-000886,cef46429-b3fc-46a4-81a9-d257da4f741b,2024-05-13 10:55:08.808887,completed,Apple Pay,16.13,IDEA,14.31,,True,2999.77,3001.59
ORD-000887,cef46429-b3fc-46a4-81a9-d257da4f741b,2024-08-04 03:02:34.522939,completed,Apple Pay,16.46,,0.0,,True,227.64,244.1
ORD-000888,5bcf8c63-b84b-4e5f-83d3-c622520e6281,2025-02-23 01:02:48.719860,cancelled,Google Pay,9.05,,0.0,Wrong item,True,3278.09,3287.14
ORD-000889,94551263-3a62-4b82-8b67-2a7223221e86,2024-11-03 17:08:03.110826,completed,PayPal,10.77,BOX,10.14,,True,1971.29,1971.92
ORD-000890,94551263-3a62-4b82-8b67-2a7223221e86,2025-05-05 05:08:46.686138,cancelled,Apple Pay,5.47,,0.0,Changed mind,True,1053.06,1058.53
ORD-000891,b97b5692-914f-49dd-8055-98de3e5e8630,2024-01-12 02:02:21.666735,completed,PayPal,10.04,,0.0,,True,4759.98,4770.02
ORD-000892,b97b5692-914f-49dd-8055-98de3e5e8630,2023-04-29 02:38:11.331600,completed,Credit Card,11.41,,0.0,,True,425.96,437.37
ORD-000893,b97b5692-914f-49dd-8055-98de3e5e8630,2024-06-10 13:47:48.943551,completed,Bank Transfer,19.29,,0.0,,True,6348.0,6367.29
ORD-000894,fd2e9d82-4afb-4023-b505-de39a0a3560f,2023-05-31 10:41:16.010543,completed,PayPal,19.4,,0.0,,True,2115.66,2135.06
ORD-000895,fd2e9d82-4afb-4023-b505-de39a0a3560f,2024-04-19 23:16:01.916077,completed,PayPal,19.26,FUTURE,11.25,,True,6866.29,6874.3
ORD-000896,fd2e9d82-4afb-4023-b505-de39a0a3560f,2025-05-22 12:49:28.940155,processing,Google Pay,14.12,CANDIDATE,19.21,,True,3629.08,3623.99
ORD-000897,fd2e9d82-4afb-4023-b505-de39a0a3560f,2022-09-23 13:02:54.830156,completed,Google Pay,5.56,,0.0,,True,2947.08,2952.64
ORD-000898,36819aea-b907-4a05-a088-b0d2178bbab0,2023-10-21 18:29:20.665801,shipped,Apple Pay,8.87,,0.0,,True,3637.93,3646.8
ORD-000899,36819aea-b907-4a05-a088-b0d2178bbab0,2024-03-09 17:13:26.813962,completed,Apple Pay,8.49,,0.0,,True,1998.3,2006.79
ORD-000900,3ca627cb-02b0-45f3-b5f9-c0a16391f4f8,2023-05-03 23:50:17.344527,completed,PayPal,5.63,,0.0,,True,1856.04,1861.67
ORD-000901,3ca627cb-02b0-45f3-b5f9-c0a16391f4f8,2025-02-02 14:27:23.712998,completed,Google Pay,19.63,HOW,26.12,,True,3756.85,3750.36
ORD-000902,24e44781-0643-46c7-b21e-cd06b2a8655a,2025-02-05 05:07:17.924346,completed,Credit Card,11.66,,0.0,,True,1953.92,1965.58
ORD-000903,24e44781-0643-46c7-b21e-cd06b2a8655a,2025-03-04 02:15:07.877447,completed,Credit Card,15.22,RACE,15.66,,True,3795.97,3795.53
ORD-000904,cf52176a-7b6f-4683-a33e-ee2a8e025aae,2024-12-18 13:23:39.694460,completed,Credit Card,18.46,,0.0,,True,2140.08,2158.54
ORD-000905,92d2b3ed-a2f4-49f4-9bd6-6454fd6f8610,2023-04-26 05:31:51.560065,cancelled,Apple Pay,5.38,,0.0,Changed mind,True,4348.32,4353.7
ORD-000906,ca68c67d-d49e-48db-a8c7-c2ebeefbe20c,2024-06-13 11:41:10.093213,completed,Credit Card,19.1,,0.0,,True,4256.33,4275.43
ORD-000907,1ff907dc-8ebe-4c43-b8fe-c0c897afc0c1,2024-12-17 17:28:36.963086,completed,Apple Pay,19.97,,0.0,,True,3536.64,3556.61
ORD-000908,1ff907dc-8ebe-4c43-b8fe-c0c897afc0c1,2024-09-09 14:42:30.820601,completed,Bank Transfer,9.75,GAME,19.38,,True,2870.72,2861.09
ORD-000909,1ff907dc-8ebe-4c43-b8fe-c0c897afc0c1,2024-07-05 11:33:57.848201,shipped,Apple Pay,9.72,,0.0,,True,2055.74,2065.46
ORD-000910,1ff907dc-8ebe-4c43-b8fe-c0c897afc0c1,2024-07-07 22:49:52.789046,completed,PayPal,10.28,,0.0,,True,1828.46,1838.74
ORD-000911,c673defd-b0d6-435e-b24c-ebe4683461bd,2025-07-02 22:51:00.456694,completed,Google Pay,17.42,,0.0,,True,3713.36,3730.78
ORD-000912,c673defd-b0d6-435e-b24c-ebe4683461bd,2025-05-22 21:10:30.432272,completed,Apple Pay,6.22,,0.0,,True,2077.57,2083.79
ORD-000913,c673defd-b0d6-435e-b24c-ebe4683461bd,2025-06-24 17:06:30.257208,completed,Bank Transfer,18.15,CAUSE,8.02,,True,4503.19,4513.32
ORD-000914,c673defd-b0d6-435e-b24c-ebe4683461bd,2025-06-13 18:19:01.644210,shipped,Apple Pay,17.51,WITHIN,9.17,,True,379.65,387.99
ORD-000915,d2acc457-9fff-4df0-9533-ab028da47dea,2024-09-25 23:31:57.899446,returned,Bank Transfer,12.94,,0.0,Damaged,True,4650.68,4663.62
ORD-000916,d2acc457-9fff-4df0-9533-ab028da47dea,2024-10-21 15:12:41.901778,shipped,Google Pay,18.48,,0.0,,True,3889.3,3907.78
ORD-000917,5a8a93ee-e449-4540-8a36-40b99ea386f6,2025-05-05 20:06:44.496966,shipped,PayPal,9.34,,0.0,,True,1806.12,1815.46
ORD-000918,e08039b8-e4ab-4bd3-be45-30fa97041262,2025-07-01 03:53:36.450389,completed,Credit Card,19.05,EASY,27.39,,True,7576.32,7567.98
ORD-000919,e08039b8-e4ab-4bd3-be45-30fa97041262,2025-03-15 17:08:52.075212,shipped,Bank Transfer,6.45,HERE,13.53,,True,5332.88,5325.8
ORD-000920,e08039b8-e4ab-4bd3-be45-30fa97041262,2025-07-05 05:46:19.954439,completed,Google Pay,5.63,,0.0,,True,4680.56,4686.19
ORD-000921,e08039b8-e4ab-4bd3-be45-30fa97041262,2025-04-15 21:54:10.536227,completed,Credit Card,9.72,,0.0,,True,2033.92,2043.64
ORD-000922,31c99955-f6c1-4a74-a867-e5ecb4d165c0,2023-12-16 00:02:17.323845,completed,Credit Card,18.28,SOCIAL,27.94,,True,3116.09,3106.43
ORD-000923,31c99955-f6c1-4a74-a867-e5ecb4d165c0,2023-01-16 15:21:11.045791,completed,Apple Pay,5.6,,0.0,,True,4277.82,4283.42
ORD-000924,7ef536f1-39b3-40b8-83d5-54f883bfccff,2024-12-18 06:15:53.492738,processing,Credit Card,17.47,ASSUME,7.74,,True,2030.24,2039.97
ORD-000925,7ef536f1-39b3-40b8-83d5-54f883bfccff,2025-01-29 04:30:01.984319,completed,PayPal,12.4,QUALITY,8.42,,True,6623.85,6627.83
ORD-000926,7ef536f1-39b3-40b8-83d5-54f883bfccff,2025-04-28 17:15:14.002943,completed,Apple Pay,15.91,,0.0,,True,5664.8,5680.71
ORD-000927,7ef536f1-39b3-40b8-83d5-54f883bfccff,2025-03-27 13:56:15.343012,cancelled,Google Pay,18.99,,0.0,Changed mind,True,3968.48,3987.47
ORD-000928,7ef536f1-39b3-40b8-83d5-54f883bfccff,2025-02-06 02:21:05.578973,completed,Google Pay,14.52,BEHIND,8.42,,True,4007.14,4013.24
ORD-000929,7ef536f1-39b3-40b8-83d5-54f883bfccff,2025-05-07 00:58:24.095767,shipped,Bank Transfer,6.98,,0.0,,True,2841.27,2848.25
ORD-000930,7ef536f1-39b3-40b8-83d5-54f883bfccff,2025-01-03 10:54:00.324667,completed,Google Pay,16.24,BUSINESS,6.68,,True,6979.42,6988.98
ORD-000931,34f260d5-6349-451a-886a-17fe458c2620,2025-03-29 21:46:28.310996,completed,Credit Card,12.26,,0.0,,True,2988.72,3000.98
ORD-000932,34f260d5-6349-451a-886a-17fe458c2620,2025-05-13 22:07:00.343395,completed,Apple Pay,12.35,,0.0,,True,2128.75,2141.1
ORD-000933,3f0cc43a-7ce3-4f45-b119-4f33dffd8591,2024-12-25 07:47:33.879828,completed,Apple Pay,14.94,ARRIVE,16.62,,True,4873.29,4871.61
ORD-000934,3f0cc43a-7ce3-4f45-b119-4f33dffd8591,2025-04-09 21:24:41.883050,completed,Bank Transfer,12.26,,0.0,,True,4019.47,4031.73
ORD-000935,3f0cc43a-7ce3-4f45-b119-4f33dffd8591,2025-03-18 20:49:28.829475,shipped,PayPal,16.58,AREA,12.94,,True,3645.68,3649.32
ORD-000936,3f0cc43a-7ce3-4f45-b119-4f33dffd8591,2025-04-09 10:08:40.459723,completed,PayPal,17.28,,0.0,,True,5438.31,5455.59
ORD-000937,3f0cc43a-7ce3-4f45-b119-4f33dffd8591,2025-04-23 04:17:33.489141,processing,Google Pay,6.94,,0.0,,True,1770.36,1777.3
ORD-000938,ed9acb97-73b4-4070-970a-d696265e23e0,2024-09-02 12:28:51.853432,processing,Bank Transfer,15.57,,0.0,,True,4646.26,4661.83
ORD-000939,ed9acb97-73b4-4070-970a-d696265e23e0,2023-12-18 14:07:17.050605,completed,Bank Transfer,8.44,,0.0,,True,3120.49,3128.93
ORD-000940,f87513cf-9fa2-486d-86bb-3d00c062922a,2025-03-25 05:37:18.356262,completed,Credit Card,5.3,,0.0,,True,1592.85,1598.15
ORD-000941,f87513cf-9fa2-486d-86bb-3d00c062922a,2025-06-16 21:13:10.682319,completed,Google Pay,12.27,TRUTH,12.54,,True,2344.42,2344.15
ORD-000942,b121fb1e-bf98-4bb8-8a2d-89f76857a34d,2023-01-10 13:47:16.993636,processing,Credit Card,16.25,,0.0,,True,3482.43,3498.68
ORD-000943,b121fb1e-bf98-4bb8-8a2d-89f76857a34d,2023-07-21 10:43:07.687313,shipped,Bank Transfer,16.44,,0.0,,True,1269.09,1285.53
ORD-000944,b121fb1e-bf98-4bb8-8a2d-89f76857a34d,2023-10-01 06:56:48.972901,completed,Google Pay,14.07,PROTECT,23.4,,True,1234.77,1225.44
ORD-000945,83a7048c-9b7c-4d63-9a1e-a05355a581b7,2025-03-08 05:44:09.938185,cancelled,Bank Transfer,11.88,AFTER,29.23,Found better price,True,7512.98,7495.63
ORD-000946,83a7048c-9b7c-4d63-9a1e-a05355a581b7,2025-01-07 18:54:40.419180,completed,Credit Card,8.67,FIGURE,17.43,,True,3319.41,3310.65
ORD-000947,de5bf560-032f-4e4f-8ebb-fd6cc4b0b3c8,2025-04-12 13:37:43.932592,completed,PayPal,8.48,,0.0,,True,4736.6,4745.08
ORD-000948,b17c3fe2-f833-4a7a-aa73-55aeb1e52a0f,2025-02-03 14:10:01.024231,cancelled,Bank Transfer,12.35,SAME,8.53,Damaged,True,5366.45,5370.27
ORD-000949,d9eafd45-f1a7-44f9-a463-4f181412db76,2024-08-19 21:43:35.470624,completed,Bank Transfer,7.26,,0.0,,True,5906.24,5913.5
ORD-000950,f86fa3f9-7872-46ae-b035-292d8333b137,2024-10-13 15:15:05.866744,completed,Bank Transfer,8.54,,0.0,,True,4071.35,4079.89
ORD-000951,f86fa3f9-7872-46ae-b035-292d8333b137,2024-11-20 15:41:11.684496,shipped,PayPal,10.64,,0.0,,True,2175.78,2186.42
ORD-000952,f86fa3f9-7872-46ae-b035-292d8333b137,2024-10-04 10:37:55.146278,shipped,Bank Transfer,18.05,DRUG,27.14,,True,4794.2,4785.11
ORD-000953,f86fa3f9-7872-46ae-b035-292d8333b137,2025-03-10 17:12:30.427699,completed,PayPal,9.45,,0.0,,True,4794.73,4804.18
ORD-000954,f86fa3f9-7872-46ae-b035-292d8333b137,2024-09-26 03:25:59.552648,completed,Credit Card,10.57,,0.0,,True,1613.23,1623.8
ORD-000955,79d8ace2-d455-49c5-b1da-c8be101737b8,2024-11-07 03:39:05.241345,completed,Bank Transfer,19.28,,0.0,,True,6591.81,6611.09
ORD-000956,79d8ace2-d455-49c5-b1da-c8be101737b8,2024-07-31 22:06:40.842273,completed,Google Pay,5.15,,0.0,,True,1987.12,1992.27
ORD-000957,79d8ace2-d455-49c5-b1da-c8be101737b8,2024-02-08 12:44:52.454107,shipped,Bank Transfer,7.82,,0.0,,True,4356.35,4364.17
ORD-000958,2b7a41a0-445e-4527-8f82-605d9a584913,2025-06-20 06:43:04.254288,cancelled,PayPal,5.21,COMMUNITY,12.1,Delayed shipping,True,3485.46,3478.57
ORD-000959,0793e37f-ca26-4dca-90e1-232b04e9e961,2025-05-22 01:12:48.477772,shipped,Bank Transfer,14.89,CIVIL,8.81,,True,3557.59,3563.67
ORD-000960,0793e37f-ca26-4dca-90e1-232b04e9e961,2025-06-02 01:15:23.163710,completed,Bank Transfer,16.95,,0.0,,True,3995.7,4012.65
ORD-000961,0793e37f-ca26-4dca-90e1-232b04e9e961,2025-07-02 00:53:39.028723,processing,Credit Card,8.14,SIZE,10.8,,True,290.95,288.29
ORD-000962,a6a7a563-5d04-476c-9907-f0a776b2ad84,2024-06-17 19:10:37.405818,completed,Bank Transfer,7.47,,0.0,,True,2190.01,2197.48
ORD-000963,71067572-fb15-4b2c-85c9-43138e75b9ad,2025-01-14 14:39:29.496367,completed,Bank Transfer,12.08,,0.0,,True,696.74,708.82
ORD-000964,71067572-fb15-4b2c-85c9-43138e75b9ad,2025-02-09 12:34:01.456107,processing,Apple Pay,10.66,,0.0,,True,3293.61,3304.27
ORD-000965,368fadc5-eee9-49f8-9d97-95ddcd86e7e2,2024-01-02 21:44:15.410645,completed,Bank Transfer,19.18,,0.0,,True,424.22,443.4
ORD-000966,368fadc5-eee9-49f8-9d97-95ddcd86e7e2,2025-02-09 10:24:20.732179,completed,Google Pay,8.76,SOMEBODY,27.49,,True,2425.63,2406.9
ORD-000967,368fadc5-eee9-49f8-9d97-95ddcd86e7e2,2024-07-19 01:14:11.902350,completed,Credit Card,11.36,,0.0,,True,2881.93,2893.29
ORD-000968,368fadc5-eee9-49f8-9d97-95ddcd86e7e2,2023-11-15 03:38:34.009534,completed,Apple Pay,7.94,,0.0,,True,1509.23,1517.17
ORD-000969,b27a50b6-2b38-492c-9cc1-13477a835911,2024-12-23 11:03:14.468154,shipped,Credit Card,10.53,EVER,28.04,,True,6379.12,6361.61
ORD-000970,6cb01050-bda3-4c83-8766-6510d17f0adc,2023-11-28 07:57:09.668632,completed,PayPal,19.57,,0.0,,True,6001.02,6020.59
ORD-000971,73810815-b340-400f-b538-cc54920ad899,2025-02-20 10:16:53.838682,cancelled,PayPal,5.57,LIVE,27.36,Delayed shipping,True,2676.6,2654.81
ORD-000972,73810815-b340-400f-b538-cc54920ad899,2024-06-19 10:22:05.451482,completed,Credit Card,17.51,PLAYER,16.08,,True,701.42,702.85
ORD-000973,73810815-b340-400f-b538-cc54920ad899,2025-06-25 23:29:28.820353,completed,Google Pay,13.16,,0.0,,True,493.29,506.45
ORD-000974,495a3d54-be03-46a0-a9c5-28928c6fdd21,2024-07-19 16:01:57.371212,completed,Google Pay,15.08,,0.0,,True,1622.95,1638.03
ORD-000975,495a3d54-be03-46a0-a9c5-28928c6fdd21,2024-11-02 14:15:26.723320,cancelled,Google Pay,19.11,,0.0,Changed mind,True,136.88,155.99
ORD-000976,495a3d54-be03-46a0-a9c5-28928c6fdd21,2023-03-03 11:55:49.765538,processing,PayPal,16.42,BUDGET,11.67,,True,3063.12,3067.87
ORD-000977,b394c620-d1b4-4992-a7fc-463e04e7c310,2024-05-28 15:28:34.312925,completed,Bank Transfer,12.58,SUMMER,23.67,,True,332.86,321.77
ORD-000978,b394c620-d1b4-4992-a7fc-463e04e7c310,2024-06-25 05:14:31.678097,completed,Apple Pay,10.26,,0.0,,True,3857.25,3867.51
ORD-000979,a6979721-3d32-4648-a3b0-2a0ba89c4f10,2025-06-11 13:53:37.620847,completed,Credit Card,5.3,DESCRIBE,5.26,,True,3363.09,3363.13
ORD-000980,a6979721-3d32-4648-a3b0-2a0ba89c4f10,2024-08-18 00:10:52.766631,completed,Apple Pay,14.63,,0.0,,True,2303.59,2318.22
ORD-000981,c2dfea9f-0d9b-474c-9ea8-bfa4f26a5edc,2024-05-25 21:08:08.499057,completed,PayPal,10.69,SMALL,11.97,,True,4071.45,4070.17
ORD-000982,266d804d-e89b-4744-9c72-a4e3b38381cc,2023-12-16 12:57:40.546962,shipped,PayPal,12.35,,0.0,,True,4790.27,4802.62
ORD-000983,266d804d-e89b-4744-9c72-a4e3b38381cc,2024-10-29 12:34:13.563421,completed,Apple Pay,17.52,,0.0,,True,6466.09,6483.61
ORD-000984,266d804d-e89b-4744-9c72-a4e3b38381cc,2023-10-09 00:48:16.328701,processing,Apple Pay,13.27,,0.0,,True,2120.16,2133.43
ORD-000985,266d804d-e89b-4744-9c72-a4e3b38381cc,2024-08-12 01:54:11.309374,completed,Google Pay,18.83,,0.0,,True,2970.09,2988.92
ORD-000986,23d2ab25-7ca3-482a-9c02-320e28a972d1,2023-09-11 16:15:09.587721,processing,Apple Pay,13.46,,0.0,,True,1157.58,1171.04
ORD-000987,23d2ab25-7ca3-482a-9c02-320e28a972d1,2024-02-12 01:11:17.353576,completed,Credit Card,14.44,,0.0,,True,411.7,426.14
ORD-000988,c860ab6c-91af-4f0a-8481-7f2e330f870e,2024-09-17 22:16:59.996792,completed,PayPal,10.02,,0.0,,True,160.89,170.91
ORD-000989,c860ab6c-91af-4f0a-8481-7f2e330f870e,2023-10-05 04:06:04.763515,cancelled,Google Pay,9.59,,0.0,Wrong item,True,2260.24,2269.83
ORD-000990,c860ab6c-91af-4f0a-8481-7f2e330f870e,2025-04-08 03:28:59.510779,returned,PayPal,13.64,,0.0,Delayed shipping,True,4475.51,4489.15
ORD-000991,afcad5fe-b6f5-43d3-8dcc-a626430bbbb6,2025-04-21 16:09:20.059642,processing,Apple Pay,5.6,,0.0,,True,3398.25,3403.85
ORD-000992,afcad5fe-b6f5-43d3-8dcc-a626430bbbb6,2024-06-12 21:03:23.764047,processing,Bank Transfer,19.31,,0.0,,True,307.03,326.34
ORD-000993,afcad5fe-b6f5-43d3-8dcc-a626430bbbb6,2024-03-08 13:26:13.866136,completed,Bank Transfer,18.84,,0.0,,True,6308.96,6327.8
ORD-000994,afcad5fe-b6f5-43d3-8dcc-a626430bbbb6,2024-03-02 20:15:58.413212,completed,Bank Transfer,7.12,,0.0,,True,3595.73,3602.85
ORD-000995,afcad5fe-b6f5-43d3-8dcc-a626430bbbb6,2025-04-14 16:46:03.908241,completed,PayPal,17.87,,0.0,,True,569.9,587.77
ORD-000996,4029ec00-95c5-47ab-8cd9-9035cba147fe,2025-06-11 12:21:15.047284,completed,Google Pay,7.39,DESIGN,18.75,,True,2235.84,2224.48
ORD-000997,a5f4522a-ef6d-4168-a5f9-b3e8f4950d84,2024-02-26 01:55:36.874427,cancelled,Credit Card,9.78,,0.0,Damaged,True,6975.39,6985.17
ORD-000998,a5f4522a-ef6d-4168-a5f9-b3e8f4950d84,2024-10-02 15:54:53.722066,completed,PayPal,12.32,,0.0,,True,3897.82,3910.14
ORD-000999,a5f4522a-ef6d-4168-a5f9-b3e8f4950d84,2024-10-02 16:33:53.199537,processing,Credit Card,16.28,,0.0,,True,1077.97,1094.25
ORD-001000,132de0aa-56b8-469a-85e7-237bf51bbd44,2024-08-14 08:32:20.326029,completed,Bank Transfer,11.53,,0.0,,True,3173.68,3185.21
ORD-001001,132de0aa-56b8-469a-85e7-237bf51bbd44,2024-07-04 16:35:26.952911,cancelled,Google Pay,17.32,SOME,28.96,Found better price,False,1796.21,1784.57
ORD-001002,132de0aa-56b8-469a-85e7-237bf51bbd44,2024-02-19 02:16:12.384796,completed,PayPal,15.99,,0.0,,False,523.12,539.11
ORD-001003,132de0aa-56b8-469a-85e7-237bf51bbd44,2024-09-03 19:53:59.144347,shipped,Apple Pay,19.4,,0.0,,False,781.74,801.14
ORD-001004,067ac88d-e439-43fe-b9d7-25ee4926ba71,2024-03-18 10:42:39.760803,completed,Apple Pay,16.13,FEELING,25.18,,False,3485.69,3476.64
ORD-001005,067ac88d-e439-43fe-b9d7-25ee4926ba71,2024-11-27 22:49:58.012257,completed,PayPal,19.71,,0.0,,False,2435.03,2454.74
ORD-001006,067ac88d-e439-43fe-b9d7-25ee4926ba71,2024-07-11 20:39:43.579555,completed,PayPal,14.22,,0.0,,False,2241.65,2255.87
ORD-001007,4c3f146a-d7af-498f-96b2-0efbb5ec1808,2025-06-29 14:18:15.407237,completed,Bank Transfer,15.3,BANK,13.44,,False,1448.32,1450.18
ORD-001008,4c3f146a-d7af-498f-96b2-0efbb5ec1808,2025-05-13 06:50:31.351344,cancelled,Bank Transfer,9.87,,0.0,Changed mind,False,2136.28,2146.15
ORD-001009,98bceeed-d09f-4dd7-8f12-afff5f3aa404,2025-03-21 17:00:02.379397,shipped,Apple Pay,14.49,,0.0,,False,5571.26,5585.75
ORD-001010,98bceeed-d09f-4dd7-8f12-afff5f3aa404,2025-02-19 18:36:25.634607,completed,Google Pay,13.54,PRESIDENT,13.16,,False,530.63,531.01
ORD-001011,98bceeed-d09f-4dd7-8f12-afff5f3aa404,2023-01-24 14:25:00.882207,completed,Credit Card,15.86,,0.0,,False,642.16,658.02
ORD-001012,98bceeed-d09f-4dd7-8f12-afff5f3aa404,2022-12-18 23:36:50.369965,shipped,PayPal,15.88,,0.0,,False,2813.05,2828.93
ORD-001013,98bceeed-d09f-4dd7-8f12-afff5f3aa404,2023-08-24 02:24:43.977418,returned,PayPal,16.14,A,27.81,Changed mind,False,310.62,298.95
ORD-001014,98bceeed-d09f-4dd7-8f12-afff5f3aa404,2023-09-20 15:50:57.398170,completed,Credit Card,19.92,,0.0,,False,6085.95,6105.87
ORD-001015,b7c2733d-a834-4cbb-adff-6f2fe58d7c0b,2024-12-31 20:57:42.738948,returned,Google Pay,9.15,,0.0,Delayed shipping,False,6296.81,6305.96
ORD-001016,833e0852-5ac5-4a9e-a258-bc43ea793d53,2024-11-18 14:05:51.632766,completed,Apple Pay,9.01,,0.0,,False,1403.56,1412.57
ORD-001017,664768b0-166a-426e-b1b3-62f7e540e6d9,2024-01-13 03:33:06.911313,shipped,PayPal,9.32,,0.0,,False,6238.1,6247.42
ORD-001018,664768b0-166a-426e-b1b3-62f7e540e6d9,2023-11-05 18:02:24.342765,completed,Credit Card,10.11,,0.0,,False,5109.05,5119.16
ORD-001019,664768b0-166a-426e-b1b3-62f7e540e6d9,2024-02-18 04:24:49.811732,cancelled,Apple Pay,11.04,,0.0,Found better price,False,3817.28,3828.32
ORD-001020,664768b0-166a-426e-b1b3-62f7e540e6d9,2024-02-02 08:28:01.397509,completed,Bank Transfer,11.77,,0.0,,False,4577.49,4589.26
ORD-001021,664768b0-166a-426e-b1b3-62f7e540e6d9,2024-07-01 08:49:05.250994,cancelled,Bank Transfer,11.47,,0.0,Delayed shipping,False,185.26,196.73
ORD-001022,98312776-4713-411b-872f-e6ba4816f6b5,2025-07-06 12:34:03.421309,completed,Credit Card,12.36,BAG,28.03,,False,1201.0,1185.33
ORD-001023,e54f08b5-1a87-4d93-8a76-3afe0c81067c,2024-01-13 08:22:39.019076,shipped,Credit Card,8.27,,0.0,,False,2477.55,2485.82
ORD-001024,e54f08b5-1a87-4d93-8a76-3afe0c81067c,2024-10-20 19:41:30.068161,cancelled,PayPal,13.99,,0.0,Delayed shipping,False,4421.07,4435.06
ORD-001025,e54f08b5-1a87-4d93-8a76-3afe0c81067c,2024-01-26 12:36:30.697172,completed,Google Pay,13.03,,0.0,,False,2528.66,2541.69
ORD-001026,cb403431-fa96-4b0c-bf27-a756872697d9,2023-06-18 04:07:03.866007,completed,Bank Transfer,5.05,,0.0,,False,2856.38,2861.43
ORD-001027,03ce49f0-01b6-4b33-8611-75c6b367a9a7,2025-06-29 10:58:04.476081,shipped,Credit Card,14.55,,0.0,,False,126.1,140.65
ORD-001028,03ce49f0-01b6-4b33-8611-75c6b367a9a7,2025-06-29 16:28:54.593268,processing,PayPal,15.98,,0.0,,False,5773.02,5789.0
ORD-001029,03ce49f0-01b6-4b33-8611-75c6b367a9a7,2025-07-03 00:19:07.952165,completed,Google Pay,10.55,,0.0,,False,4717.87,4728.42
ORD-001030,03ce49f0-01b6-4b33-8611-75c6b367a9a7,2025-07-08 00:45:15.912975,completed,Credit Card,7.63,,0.0,,False,2616.68,2624.31
ORD-001031,03ce49f0-01b6-4b33-8611-75c6b367a9a7,2025-07-08 13:41:10.412584,completed,Credit Card,8.11,,0.0,,False,2231.96,2240.07
ORD-001032,03ce49f0-01b6-4b33-8611-75c6b367a9a7,2025-07-07 20:16:29.239125,completed,Google Pay,19.59,,0.0,,False,475.95,495.54
ORD-001033,03ce49f0-01b6-4b33-8611-75c6b367a9a7,2025-06-29 11:01:51.152314,completed,PayPal,18.08,,0.0,,False,1908.35,1926.43
ORD-001034,03ce49f0-01b6-4b33-8611-75c6b367a9a7,2025-07-04 21:52:18.744367,completed,Apple Pay,5.48,,0.0,,False,3449.76,3455.24
ORD-001035,03ce49f0-01b6-4b33-8611-75c6b367a9a7,2025-07-08 05:52:02.791525,completed,Google Pay,13.01,STRUCTURE,17.02,,False,596.16,592.15
ORD-001036,23d6d22b-444c-4de8-8692-ef1cfb8d3b16,2022-08-26 09:23:07.122749,processing,Google Pay,17.42,,0.0,,False,1062.22,1079.64
ORD-001037,23d6d22b-444c-4de8-8692-ef1cfb8d3b16,2025-04-25 06:17:51.238214,completed,PayPal,18.91,,0.0,,False,2197.76,2216.67
ORD-001038,312b7007-6781-4766-969f-b5c2205e3618,2024-10-10 15:43:14.669070,completed,Bank Transfer,6.68,ADDRESS,15.32,,False,2182.34,2173.7
ORD-001039,312b7007-6781-4766-969f-b5c2205e3618,2024-04-05 04:48:22.201617,completed,Apple Pay,15.41,,0.0,,False,5056.58,5071.99
ORD-001040,312b7007-6781-4766-969f-b5c2205e3618,2025-02-16 05:44:30.680936,completed,PayPal,13.52,,0.0,,False,848.79,862.31
ORD-001041,312b7007-6781-4766-969f-b5c2205e3618,2024-09-29 15:29:25.112249,completed,PayPal,10.56,,0.0,,False,2572.26,2582.82
ORD-001042,90274c59-1bbd-46a7-a736-138775b4f850,2025-05-27 12:33:58.366206,completed,Google Pay,11.6,RUN,23.59,,False,1821.59,1809.6
ORD-001043,7e0a4b82-9ddc-42e8-90b9-81999de201f6,2024-08-03 23:14:02.840812,processing,PayPal,8.42,,0.0,,False,7564.99,7573.41
ORD-001044,da1c8868-a3ca-45cb-9e81-d6264d4f8721,2025-06-08 03:56:51.308647,completed,Apple Pay,19.59,,0.0,,False,4977.6,4997.19
ORD-001045,ffb8a173-a343-427d-8b67-23a2188ce747,2024-11-08 07:31:34.901193,completed,Google Pay,5.21,,0.0,,False,2164.41,2169.62
ORD-001046,492ace84-df0c-4cc9-a705-dd928bcfeaf5,2024-06-12 06:12:17.932599,returned,Bank Transfer,16.84,,0.0,Damaged,False,1255.04,1271.88
ORD-001047,492ace84-df0c-4cc9-a705-dd928bcfeaf5,2024-12-18 15:51:08.920436,completed,Bank Transfer,16.75,,0.0,,False,2636.64,2653.39
ORD-001048,492ace84-df0c-4cc9-a705-dd928bcfeaf5,2023-10-10 15:09:31.423041,shipped,Apple Pay,14.4,,0.0,,False,6125.48,6139.88
ORD-001049,c56a51fb-4648-47c0-b58b-32dbf387fa8e,2023-04-04 04:44:38.386915,completed,Apple Pay,8.84,,0.0,,False,1492.63,1501.47
ORD-001050,061d0d12-9fd8-43c5-9ff9-a039b804b7d2,2025-05-19 02:22:30.319340,completed,Bank Transfer,19.69,ALL,11.94,,False,3156.94,3164.69
ORD-001051,061d0d12-9fd8-43c5-9ff9-a039b804b7d2,2025-02-07 06:59:50.180320,completed,Google Pay,6.99,,0.0,,False,332.28,339.27
ORD-001052,061d0d12-9fd8-43c5-9ff9-a039b804b7d2,2025-04-10 11:26:22.923500,completed,Google Pay,6.47,,0.0,,False,470.96,477.43
ORD-001053,b994eeb5-3f21-4b98-bf52-acb243539d61,2024-12-21 23:26:01.073758,completed,Google Pay,6.1,,0.0,,False,2561.79,2567.89
ORD-001054,148e91e6-6f21-453a-ac4e-ca8951fad85a,2023-09-24 10:55:25.661577,returned,Credit Card,13.73,,0.0,Delayed shipping,False,165.45,179.18
ORD-001055,148e91e6-6f21-453a-ac4e-ca8951fad85a,2023-05-19 08:43:54.644191,completed,Credit Card,16.66,WATCH,25.14,,False,7739.78,7731.3
ORD-001056,148e91e6-6f21-453a-ac4e-ca8951fad85a,2023-06-12 17:25:31.670035,completed,Bank Transfer,9.26,,0.0,,False,3955.71,3964.97
ORD-001057,4fafa07f-75fa-406c-b9f6-ea2ef2d7fae5,2024-06-03 15:39:01.502324,shipped,Bank Transfer,11.6,,0.0,,False,1054.17,1065.77
ORD-001058,4fafa07f-75fa-406c-b9f6-ea2ef2d7fae5,2025-04-01 08:05:47.524298,shipped,Bank Transfer,7.45,FAST,15.8,,False,4211.08,4202.73
ORD-001059,4fafa07f-75fa-406c-b9f6-ea2ef2d7fae5,2025-03-06 20:59:41.507963,completed,Credit Card,7.74,,0.0,,False,1845.97,1853.71
ORD-001060,42bdbb0f-eb72-4633-b45d-0cf7ffa9030b,2024-09-25 09:32:35.334483,shipped,PayPal,12.96,DEGREE,12.5,,False,3443.3,3443.76
ORD-001061,42bdbb0f-eb72-4633-b45d-0cf7ffa9030b,2024-12-19 00:14:44.946750,processing,Google Pay,9.89,,0.0,,False,3969.93,3979.82
ORD-001062,42bdbb0f-eb72-4633-b45d-0cf7ffa9030b,2022-10-19 01:04:57.010362,completed,Bank Transfer,17.84,,0.0,,False,1412.08,1429.92
ORD-001063,919783b0-9d8c-4995-9197-56c95190b961,2025-04-23 15:47:08.664887,processing,PayPal,9.73,,0.0,,False,4702.66,4712.39
ORD-001064,919783b0-9d8c-4995-9197-56c95190b961,2025-06-25 08:50:18.482524,cancelled,Google Pay,16.51,EASY,22.61,Found better price,False,973.81,967.71
ORD-001065,919783b0-9d8c-4995-9197-56c95190b961,2025-06-06 07:32:03.918723,completed,Bank Transfer,5.36,,0.0,,False,3791.95,3797.31
ORD-001066,79d9788e-6a1c-4896-96f2-199e4653c305,2025-05-05 04:12:48.296919,completed,Bank Transfer,6.6,RATE,13.14,,False,3179.0,3172.46
ORD-001067,79d9788e-6a1c-4896-96f2-199e4653c305,2024-08-17 06:53:42.126601,returned,Bank Transfer,9.2,,0.0,Changed mind,False,4446.16,4455.36
ORD-001068,79d9788e-6a1c-4896-96f2-199e4653c305,2025-02-10 00:40:21.045074,completed,Apple Pay,7.01,,0.0,,False,4188.33,4195.34
ORD-001069,79d9788e-6a1c-4896-96f2-199e4653c305,2025-05-21 01:22:15.844272,completed,Credit Card,8.0,OPERATION,11.13,,False,4510.52,4507.39
ORD-001070,79d9788e-6a1c-4896-96f2-199e4653c305,2025-06-22 10:52:57.209161,completed,Apple Pay,15.49,,0.0,,False,1457.13,1472.62
ORD-001071,ac349b46-63f6-4257-a57a-d9a3f7d305ed,2024-02-09 09:45:36.281378,processing,Bank Transfer,10.43,EACH,29.29,,False,4776.86,4758.0
ORD-001072,81d8d8e8-53a6-4b9c-9def-a54ebd24725f,2025-06-06 11:28:24.480639,completed,Bank Transfer,10.94,,0.0,,False,31.32,42.26
ORD-001073,81d8d8e8-53a6-4b9c-9def-a54ebd24725f,2025-06-09 12:52:15.854427,completed,Apple Pay,19.84,,0.0,,False,6899.99,6919.83
ORD-001074,13facc44-7e01-48e0-8d0e-019902519349,2024-10-02 23:18:02.668326,completed,Apple Pay,16.02,,0.0,,False,5747.24,5763.26
ORD-001075,13facc44-7e01-48e0-8d0e-019902519349,2024-07-17 13:37:31.910122,processing,Apple Pay,16.51,,0.0,,False,2700.85,2717.36
ORD-001076,50d0fbe0-9b1b-4e10-8bd3-7ebb8bef76f9,2024-06-28 06:05:27.001444,completed,Google Pay,14.72,,0.0,,False,4574.08,4588.8
ORD-001077,50d0fbe0-9b1b-4e10-8bd3-7ebb8bef76f9,2025-03-24 08:17:06.156275,cancelled,PayPal,8.38,,0.0,Wrong item,False,3778.13,3786.51
ORD-001078,50d0fbe0-9b1b-4e10-8bd3-7ebb8bef76f9,2024-10-11 11:21:06.935264,completed,Apple Pay,16.55,,0.0,,False,1504.56,1521.11
ORD-001079,50d0fbe0-9b1b-4e10-8bd3-7ebb8bef76f9,2024-07-01 19:07:41.665143,returned,PayPal,7.72,WEEK,20.05,Changed mind,False,560.85,548.52
ORD-001080,03363027-12af-4c3a-80c5-6bbecfe59bbd,2023-08-29 17:36:16.892856,cancelled,Credit Card,19.32,,0.0,Delayed shipping,False,2821.29,2840.61
ORD-001081,f0ba3a7a-33df-45ad-84cc-98eb92a7bc0d,2024-04-03 20:12:26.214902,shipped,Credit Card,8.49,,0.0,,False,2086.86,2095.35
ORD-001082,f0ba3a7a-33df-45ad-84cc-98eb92a7bc0d,2023-02-12 17:51:59.508006,completed,Google Pay,18.01,,0.0,,False,1695.96,1713.97
ORD-001083,f0ba3a7a-33df-45ad-84cc-98eb92a7bc0d,2024-10-09 21:44:47.072033,shipped,Credit Card,8.08,,0.0,,False,166.08,174.16
ORD-001084,adfa4cb2-ddee-4278-9229-e93227e77237,2025-02-10 15:53:00.039909,completed,PayPal,12.6,,0.0,,False,3051.86,3064.46
ORD-001085,f5e7a9ef-704f-416c-b410-fe01685e2b96,2024-06-25 09:35:39.763788,completed,Credit Card,8.15,INTEREST,17.67,,False,3636.46,3626.94
ORD-001086,fe40b18f-0641-4084-b070-7834878743f5,2024-12-18 23:41:29.474371,completed,Apple Pay,6.5,,0.0,,False,2651.09,2657.59
ORD-001087,fe40b18f-0641-4084-b070-7834878743f5,2025-07-03 10:46:26.809491,completed,PayPal,14.65,,0.0,,False,3959.62,3974.27
ORD-001088,fe40b18f-0641-4084-b070-7834878743f5,2025-04-24 23:27:48.552739,processing,Apple Pay,5.14,,0.0,,False,1783.07,1788.21
ORD-001089,fe40b18f-0641-4084-b070-7834878743f5,2024-10-07 20:32:51.657800,completed,PayPal,17.04,,0.0,,False,899.96,917.0
ORD-001090,fe40b18f-0641-4084-b070-7834878743f5,2025-03-25 13:29:24.664329,completed,Apple Pay,19.48,,0.0,,False,2852.16,2871.64
ORD-001091,fe40b18f-0641-4084-b070-7834878743f5,2025-06-03 05:12:33.176452,processing,Bank Transfer,5.45,REPUBLICAN,15.09,,False,2384.28,2374.64
ORD-001092,cabf8748-95b2-43e0-a7f0-219514886981,2024-12-18 06:12:39.080183,processing,PayPal,12.06,,0.0,,False,2578.64,2590.7
ORD-001093,cabf8748-95b2-43e0-a7f0-219514886981,2024-09-28 18:33:57.210089,completed,Credit Card,15.84,LAY,7.5,,False,1976.16,1984.5
ORD-001094,ca3eec09-8b39-4667-b6cf-977cb8a2626f,2024-03-25 11:25:28.279712,completed,Google Pay,11.23,,0.0,,False,3199.82,3211.05
ORD-001095,e88f4647-e833-4910-ae39-b8e6726198a8,2025-01-23 07:38:40.171665,completed,Apple Pay,14.85,,0.0,,False,6953.13,6967.98
ORD-001096,e88f4647-e833-4910-ae39-b8e6726198a8,2024-12-28 13:34:30.672240,completed,Apple Pay,6.23,WINDOW,15.1,,False,8594.98,8586.11
ORD-001097,4cf23c36-17a7-4eda-b739-1b34455029e4,2023-09-05 11:12:50.000316,completed,Bank Transfer,12.75,,0.0,,False,5180.64,5193.39
ORD-001098,4cf23c36-17a7-4eda-b739-1b34455029e4,2023-12-27 13:26:16.923522,shipped,Google Pay,17.76,,0.0,,False,2412.08,2429.84
ORD-001099,e54d1d50-98b4-4914-a23d-80e623d8da73,2024-12-12 23:05:35.411913,processing,Apple Pay,8.57,,0.0,,False,1139.85,1148.42
ORD-001100,e54d1d50-98b4-4914-a23d-80e623d8da73,2025-03-14 03:45:07.889446,completed,Bank Transfer,17.87,COMMUNITY,26.74,,False,6460.65,6451.78
ORD-001101,417d3e71-4532-4780-875a-53e3793f3880,2025-06-25 12:23:34.027566,cancelled,Google Pay,18.86,,0.0,Changed mind,False,2774.72,2793.58
ORD-001102,417d3e71-4532-4780-875a-53e3793f3880,2025-04-20 23:10:12.636219,completed,Bank Transfer,11.84,WHY,26.41,,False,1996.88,1982.31
ORD-001103,417d3e71-4532-4780-875a-53e3793f3880,2025-06-21 21:54:46.274026,shipped,Credit Card,6.8,,0.0,,False,2087.24,2094.04
ORD-001104,a0b118ae-29cd-4a32-b8df-5752f0b933b5,2024-10-08 21:55:28.163731,completed,PayPal,19.09,,0.0,,False,4712.81,4731.9
ORD-001105,a0b118ae-29cd-4a32-b8df-5752f0b933b5,2024-09-19 19:08:02.518525,processing,Credit Card,14.01,NOW,26.5,,False,3650.99,3638.5
ORD-001106,5fbdbfff-feb9-4143-b045-ee9779cea565,2025-01-30 05:25:07.949978,cancelled,PayPal,7.48,,0.0,Found better price,False,4502.93,4510.41
ORD-001107,e9fe9b28-198d-4d61-8418-4ea3f4ee525e,2024-10-06 04:02:02.943281,completed,Google Pay,18.51,,0.0,,False,5455.08,5473.59
ORD-001108,e9fe9b28-198d-4d61-8418-4ea3f4ee525e,2025-01-28 22:59:37.239712,completed,Google Pay,9.67,,0.0,,False,3067.34,3077.01
ORD-001109,e9fe9b28-198d-4d61-8418-4ea3f4ee525e,2024-04-04 09:47:43.377624,processing,Google Pay,7.39,,0.0,,False,4062.65,4070.04
ORD-001110,e9fe9b28-198d-4d61-8418-4ea3f4ee525e,2025-06-14 03:52:08.005569,completed,Credit Card,15.08,STRUCTURE,8.56,,False,2305.03,2311.55
ORD-001111,e9fe9b28-198d-4d61-8418-4ea3f4ee525e,2023-03-04 03:52:15.426693,completed,Credit Card,14.43,,0.0,,False,6325.25,6339.68
ORD-001112,c773addb-828c-4315-ad65-2a22214344db,2024-12-25 00:43:43.462584,completed,PayPal,9.08,,0.0,,False,3954.0,3963.08
ORD-001113,c773addb-828c-4315-ad65-2a22214344db,2023-11-30 22:28:47.167381,cancelled,Credit Card,12.31,KIND,18.07,Changed mind,False,2404.14,2398.38
ORD-001114,1779f740-eeb2-4b5f-aea1-9dbcaff3f8c4,2025-05-12 01:02:43.968537,completed,Credit Card,13.99,,0.0,,False,5278.11,5292.1
ORD-001115,1779f740-eeb2-4b5f-aea1-9dbcaff3f8c4,2025-07-04 03:40:01.159713,completed,Google Pay,15.99,,0.0,,False,5860.56,5876.55
ORD-001116,1779f740-eeb2-4b5f-aea1-9dbcaff3f8c4,2024-11-30 03:27:14.864997,completed,Credit Card,8.32,,0.0,,False,3436.04,3444.36
ORD-001117,befb69e3-6fb7-4d56-a453-f0099d7e9c7c,2025-02-02 13:27:40.180332,completed,Apple Pay,10.64,,0.0,,False,6173.68,6184.32
ORD-001118,befb69e3-6fb7-4d56-a453-f0099d7e9c7c,2025-02-20 17:34:32.498635,completed,Apple Pay,19.5,ENVIRONMENTAL,19.5,,False,4216.96,4216.96
ORD-001119,63576868-5599-496c-9905-6f37db6c5782,2025-06-28 17:27:15.536377,shipped,Apple Pay,5.56,,0.0,,False,3752.14,3757.7
ORD-001120,0eb2a6f2-d9cd-4525-b032-80ad87cf6c0e,2025-02-19 06:39:52.679821,completed,Credit Card,18.81,,0.0,,False,3207.22,3226.03
ORD-001121,dbc95873-0f9c-4a36-a5cf-afa16cf5e0d5,2024-10-11 15:09:23.212747,completed,Google Pay,15.49,,0.0,,False,1276.19,1291.68
ORD-001122,dbc95873-0f9c-4a36-a5cf-afa16cf5e0d5,2024-10-31 16:57:50.059291,completed,Credit Card,16.11,,0.0,,False,2256.62,2272.73
ORD-001123,dbc95873-0f9c-4a36-a5cf-afa16cf5e0d5,2025-04-05 21:18:31.832850,shipped,Bank Transfer,13.07,,0.0,,False,1227.49,1240.56
ORD-001124,f44b440d-7307-4b3a-9d84-20a34f84f6c2,2023-12-22 06:33:54.103682,completed,Google Pay,6.36,,0.0,,False,6541.24,6547.6
ORD-001125,705b89ff-cf94-44fc-82e7-cde4ae08e2bc,2025-04-02 10:55:14.480126,completed,Credit Card,19.39,,0.0,,False,617.12,636.51
ORD-001126,a0b37f18-c05a-4cba-919c-0b4feafebfcb,2025-01-10 17:19:27.767439,completed,Apple Pay,18.63,,0.0,,False,8696.12,8714.75
ORD-001127,faa1147b-807b-4de1-9598-1f0eba30edb8,2024-12-03 06:27:58.717920,completed,Google Pay,18.15,,0.0,,False,984.06,1002.21
ORD-001128,faa1147b-807b-4de1-9598-1f0eba30edb8,2024-03-12 04:50:23.018397,completed,Apple Pay,6.55,,0.0,,False,1819.78,1826.33
ORD-001129,4762783c-b6d8-43a8-bf52-7330349a0a06,2025-04-14 18:02:42.417745,completed,Google Pay,5.61,,0.0,,False,1446.57,1452.18
ORD-001130,4762783c-b6d8-43a8-bf52-7330349a0a06,2025-05-21 13:08:26.833070,completed,Credit Card,11.61,,0.0,,False,1576.85,1588.46
ORD-001131,a542c1f9-7241-4612-8d57-639c74f3faa5,2025-03-25 13:33:06.319803,returned,Bank Transfer,12.25,,0.0,Damaged,False,4552.72,4564.97
ORD-001132,a542c1f9-7241-4612-8d57-639c74f3faa5,2025-04-26 11:25:31.705916,completed,PayPal,15.6,,0.0,,False,1099.61,1115.21
ORD-001133,a9cfaba6-81bb-41a8-bbc0-9362016aa3e6,2025-05-06 15:07:52.794274,completed,PayPal,15.4,,0.0,,False,2527.32,2542.72
ORD-001134,a9cfaba6-81bb-41a8-bbc0-9362016aa3e6,2025-04-20 23:34:13.573377,completed,Bank Transfer,16.76,,0.0,,False,6878.83,6895.59
ORD-001135,b24ef9e6-dd07-4aa6-82be-6887f4e762e0,2025-07-07 11:43:40.981495,completed,Bank Transfer,17.32,DRAW,11.73,,False,1135.56,1141.15
ORD-001136,b24ef9e6-dd07-4aa6-82be-6887f4e762e0,2025-06-01 04:59:47.229211,shipped,Apple Pay,12.46,,0.0,,False,521.44,533.9
ORD-001137,33b2f561-abc6-4db9-bb5d-b43eea6b3811,2024-02-14 16:05:09.097028,completed,PayPal,18.44,,0.0,,False,782.11,800.55
ORD-001138,33b2f561-abc6-4db9-bb5d-b43eea6b3811,2025-02-04 02:13:39.776673,shipped,Apple Pay,9.14,WANT,27.41,,False,2424.93,2406.66
ORD-001139,33b2f561-abc6-4db9-bb5d-b43eea6b3811,2024-11-20 10:36:03.378429,completed,Credit Card,11.46,,0.0,,False,2639.68,2651.14
ORD-001140,a8752161-789b-40f1-a931-f35ced283fa0,2024-10-19 07:26:50.958687,completed,Google Pay,15.46,,0.0,,False,3492.78,3508.24
ORD-001141,a8752161-789b-40f1-a931-f35ced283fa0,2025-03-31 23:17:25.257015,shipped,Bank Transfer,7.16,,0.0,,False,5100.54,5107.7
ORD-001142,398ddf23-3ab0-4005-9c78-92cfc95b95ac,2025-07-05 14:41:47.355868,completed,Google Pay,7.42,SUCH,29.49,,False,467.17,445.1
ORD-001143,9a77164f-25f1-42da-88c4-9655f1d666b0,2024-01-14 03:06:20.665399,completed,Credit Card,9.98,CHARGE,15.09,,False,4771.26,4766.15
ORD-001144,9a77164f-25f1-42da-88c4-9655f1d666b0,2025-05-18 15:48:50.866660,completed,Credit Card,15.61,,0.0,,False,4734.13,4749.74
ORD-001145,34519364-adc8-491a-a67d-b6d3855b4274,2025-05-19 10:10:23.646363,completed,Credit Card,11.78,FOLLOW,11.44,,False,3851.76,3852.1
ORD-001146,34519364-adc8-491a-a67d-b6d3855b4274,2025-03-05 16:19:32.320237,cancelled,PayPal,5.41,,0.0,Delayed shipping,False,5914.16,5919.57
ORD-001147,34519364-adc8-491a-a67d-b6d3855b4274,2025-04-01 18:44:20.863385,completed,PayPal,15.25,THAT,14.35,,False,1009.21,1010.11
ORD-001148,cddcccd9-9a5f-45b0-ae98-3bba7c78669a,2024-01-09 13:32:46.670594,completed,PayPal,17.22,,0.0,,False,5245.04,5262.26
ORD-001149,e895d315-f826-415f-955c-9581e05ece8e,2025-04-21 22:22:00.686097,shipped,Credit Card,7.51,TEACHER,9.83,,False,2575.41,2573.09
ORD-001150,e895d315-f826-415f-955c-9581e05ece8e,2025-01-15 17:27:46.912189,completed,Google Pay,13.22,,0.0,,False,4789.95,4803.17
ORD-001151,e895d315-f826-415f-955c-9581e05ece8e,2024-12-09 03:07:14.818102,completed,Google Pay,11.06,,0.0,,False,4538.01,4549.07
ORD-001152,eee17b0d-e716-47fa-85f6-719d14678609,2025-06-28 10:28:40.357648,cancelled,Bank Transfer,12.91,,0.0,Damaged,False,6425.01,6437.92
ORD-001153,d88864fe-fd84-4fd7-b575-cc8889d2ac9f,2024-06-28 08:21:10.657924,processing,Credit Card,11.39,,0.0,,False,263.9,275.29
ORD-001154,59deb5cc-56c4-4668-a192-f8254c9a8bbb,2025-02-12 07:19:17.439530,cancelled,PayPal,6.56,,0.0,Wrong item,False,2904.67,2911.23
ORD-001155,59deb5cc-56c4-4668-a192-f8254c9a8bbb,2024-10-10 05:58:43.202402,completed,Google Pay,13.81,,0.0,,False,5810.96,5824.77
ORD-001156,59deb5cc-56c4-4668-a192-f8254c9a8bbb,2023-05-07 23:41:24.759664,completed,Google Pay,5.79,,0.0,,False,3534.67,3540.46
ORD-001157,5f0b3a2b-cc5b-468e-a5de-44e529f106c0,2023-12-04 00:12:33.204145,cancelled,Credit Card,19.25,,0.0,Delayed shipping,False,2773.81,2793.06
ORD-001158,5f0b3a2b-cc5b-468e-a5de-44e529f106c0,2022-12-13 19:46:14.520757,processing,Apple Pay,5.68,,0.0,,False,687.28,692.96
ORD-001159,5f0b3a2b-cc5b-468e-a5de-44e529f106c0,2025-05-11 01:30:21.042395,completed,Google Pay,8.61,,0.0,,False,2122.86,2131.47
ORD-001160,d5a941e9-0813-4094-a6b2-1edbb4fc750b,2024-11-18 07:48:08.274061,completed,Apple Pay,7.13,ACTION,21.71,,False,7267.14,7252.56
ORD-001161,d5a941e9-0813-4094-a6b2-1edbb4fc750b,2024-12-13 05:02:28.575010,completed,Bank Transfer,5.15,,0.0,,False,3265.08,3270.23
ORD-001162,d2f9fe91-60e5-443f-bc42-636fdf00be47,2024-04-19 15:34:09.525311,completed,Apple Pay,10.93,,0.0,,False,2248.23,2259.16
ORD-001163,a8fc6fd5-c0db-49da-8e09-5033dca3d5ec,2024-04-10 07:29:57.041299,returned,Google Pay,13.05,DETAIL,23.5,Found better price,False,2851.85,2841.4
ORD-001164,a8fc6fd5-c0db-49da-8e09-5033dca3d5ec,2024-02-07 23:51:25.245718,shipped,PayPal,18.28,PRESIDENT,7.16,,False,2342.97,2354.09
ORD-001165,a8fc6fd5-c0db-49da-8e09-5033dca3d5ec,2024-09-07 04:50:20.599820,returned,Google Pay,7.77,,0.0,Wrong item,False,21.94,29.71
ORD-001166,b7531ab8-9c62-41cc-9ba2-e2eab42fd318,2024-05-24 02:07:07.635380,cancelled,Google Pay,10.56,,0.0,Changed mind,False,5507.48,5518.04
ORD-001167,b7531ab8-9c62-41cc-9ba2-e2eab42fd318,2024-09-08 10:57:02.029478,completed,Google Pay,13.53,,0.0,,False,4831.04,4844.57
ORD-001168,b7531ab8-9c62-41cc-9ba2-e2eab42fd318,2023-06-15 08:27:46.412761,completed,Google Pay,10.7,,0.0,,False,4858.93,4869.63
ORD-001169,b7531ab8-9c62-41cc-9ba2-e2eab42fd318,2024-06-03 05:46:23.899779,shipped,Google Pay,14.02,ALMOST,9.03,,False,4490.22,4495.21
ORD-001170,b7531ab8-9c62-41cc-9ba2-e2eab42fd318,2024-06-10 01:26:42.921416,returned,Apple Pay,10.56,HAVE,7.59,Wrong item,False,1139.99,1142.96
ORD-001171,af3a890a-2078-433b-90b4-33e883ecc0a0,2022-12-13 19:07:39.511796,completed,Apple Pay,10.81,,0.0,,False,3927.45,3938.26
ORD-001172,af3a890a-2078-433b-90b4-33e883ecc0a0,2024-09-21 23:01:00.483961,completed,Apple Pay,14.73,,0.0,,False,5502.61,5517.34
ORD-001173,af3a890a-2078-433b-90b4-33e883ecc0a0,2025-02-24 08:44:51.400618,completed,PayPal,19.7,,0.0,,False,1730.21,1749.91
ORD-001174,af3a890a-2078-433b-90b4-33e883ecc0a0,2023-11-20 05:22:24.193857,completed,Google Pay,10.83,NOTHING,9.01,,False,1820.86,1822.68
ORD-001175,7d5e96cd-9349-484c-9393-181cdc078a43,2024-11-05 18:03:56.914067,completed,PayPal,7.16,,0.0,,False,4448.6,4455.76
ORD-001176,32c55cdc-490d-4004-98a3-e75cdbaae554,2023-12-03 08:40:29.075315,cancelled,Apple Pay,11.78,,0.0,Found better price,False,7876.07,7887.85
ORD-001177,32c55cdc-490d-4004-98a3-e75cdbaae554,2024-05-17 12:26:08.502718,completed,PayPal,7.86,UP,26.84,,False,5776.49,5757.51
ORD-001178,0d64e7ee-8bdb-445a-8dbd-a2052cd3c019,2023-08-28 11:03:05.118711,shipped,Bank Transfer,13.14,,0.0,,False,6021.78,6034.92
ORD-001179,0d64e7ee-8bdb-445a-8dbd-a2052cd3c019,2025-06-08 17:25:28.574436,completed,Bank Transfer,8.1,,0.0,,False,3792.45,3800.55
ORD-001180,0d64e7ee-8bdb-445a-8dbd-a2052cd3c019,2024-01-21 10:32:39.987420,completed,Apple Pay,7.34,,0.0,,False,1989.77,1997.11
ORD-001181,777d0208-1378-483c-98e4-f0ad5e618805,2025-05-15 04:04:53.309683,completed,Google Pay,16.08,,0.0,,False,9365.81,9381.89
ORD-001182,777d0208-1378-483c-98e4-f0ad5e618805,2025-05-15 19:21:25.316173,completed,Credit Card,5.98,METHOD,28.0,,False,1433.26,1411.24
ORD-001183,181111b3-fa0b-4cbc-9fad-5f9bbb93f7b5,2024-12-31 03:31:11.763742,completed,PayPal,9.7,,0.0,,False,1339.68,1349.38
ORD-001184,181111b3-fa0b-4cbc-9fad-5f9bbb93f7b5,2023-07-21 04:29:09.345860,shipped,PayPal,5.99,,0.0,,False,2736.09,2742.08
ORD-001185,181111b3-fa0b-4cbc-9fad-5f9bbb93f7b5,2023-11-28 06:44:09.115120,processing,Credit Card,9.55,,0.0,,False,395.08,404.63
ORD-001186,181111b3-fa0b-4cbc-9fad-5f9bbb93f7b5,2023-07-25 07:04:14.993697,completed,Bank Transfer,14.27,ELSE,18.81,,False,6002.02,5997.48
ORD-001187,18221135-a09c-41b1-bb73-faea74805b0f,2024-10-12 01:22:48.482409,completed,Google Pay,18.64,SENIOR,5.98,,False,3393.54,3406.2
ORD-001188,18221135-a09c-41b1-bb73-faea74805b0f,2024-07-13 02:41:04.992185,completed,Credit Card,13.77,BETWEEN,27.35,,False,4659.99,4646.41
ORD-001189,18221135-a09c-41b1-bb73-faea74805b0f,2024-01-22 08:42:52.245349,cancelled,Google Pay,15.16,,0.0,Wrong item,False,53.7,68.86
ORD-001190,18221135-a09c-41b1-bb73-faea74805b0f,2024-11-05 06:56:18.711219,completed,Apple Pay,14.51,EFFORT,24.82,,False,1206.66,1196.35
ORD-001191,a37c10cd-80b0-4251-95a4-1aaf628b1d17,2024-12-01 18:18:07.052668,completed,Bank Transfer,16.99,MANAGER,27.28,,False,3045.16,3034.87
ORD-001192,ca5649e6-e4e0-4aa9-9210-b90b6e8bd6a9,2023-04-11 15:36:58.655096,cancelled,Bank Transfer,18.59,FORCE,10.97,Delayed shipping,False,5739.28,5746.9
ORD-001193,ca5649e6-e4e0-4aa9-9210-b90b6e8bd6a9,2024-06-24 06:32:07.004721,completed,Google Pay,16.4,,0.0,,False,190.2,206.6
ORD-001194,ca5649e6-e4e0-4aa9-9210-b90b6e8bd6a9,2024-10-30 16:56:26.517196,completed,Bank Transfer,6.96,,0.0,,False,3526.28,3533.24
ORD-001195,ca5649e6-e4e0-4aa9-9210-b90b6e8bd6a9,2024-03-30 05:44:50.796168,completed,Apple Pay,15.45,,0.0,,False,4072.1,4087.55
ORD-001196,1053ceab-b6d5-480f-88dd-0724790498da,2025-02-19 23:00:24.822423,completed,Apple Pay,18.7,,0.0,,False,1339.65,1358.35
ORD-001197,647383a9-415d-40b2-9118-05d86f086b12,2022-12-24 05:47:30.474147,processing,Apple Pay,17.92,,0.0,,False,556.69,574.61
ORD-001198,52e352dd-6efb-4bd8-b2da-ac1d89b4d3ec,2024-11-27 16:08:41.889487,completed,PayPal,6.61,PERSONAL,14.33,,False,2689.08,2681.36
ORD-001199,52e352dd-6efb-4bd8-b2da-ac1d89b4d3ec,2025-04-02 21:19:07.635702,completed,Google Pay,5.14,STATEMENT,25.17,,False,4035.57,4015.54
ORD-001200,a31b208c-724d-4fa4-b803-dc5ee9720f00,2022-09-09 14:44:32.683155,completed,Bank Transfer,5.84,MOVE,27.95,,False,856.58,834.47
ORD-001201,25b38949-a42a-4aea-8b4a-5cf0f106d8e6,2025-02-12 18:01:52.626160,completed,Bank Transfer,19.27,MORNING,24.79,,False,898.84,893.32
ORD-001202,25b38949-a42a-4aea-8b4a-5cf0f106d8e6,2024-12-05 14:05:31.649480,completed,Google Pay,14.38,FACE,25.44,,False,5581.76,5570.7
ORD-001203,25b38949-a42a-4aea-8b4a-5cf0f106d8e6,2025-04-20 03:46:34.566207,completed,Google Pay,12.61,IMPORTANT,29.35,,False,4510.46,4493.72
ORD-001204,25b38949-a42a-4aea-8b4a-5cf0f106d8e6,2025-05-17 12:48:05.324437,completed,Google Pay,16.42,NORTH,26.22,,False,1953.35,1943.55
ORD-001205,25b38949-a42a-4aea-8b4a-5cf0f106d8e6,2025-04-08 17:52:41.691851,completed,Bank Transfer,11.18,,0.0,,False,1612.0,1623.18
ORD-001206,25b38949-a42a-4aea-8b4a-5cf0f106d8e6,2024-10-31 18:19:11.794731,completed,Google Pay,12.96,,0.0,,False,3907.29,3920.25
ORD-001207,22f16f02-2a9d-45e2-ab26-2ae85c1adec2,2025-05-15 07:46:21.960444,completed,PayPal,15.99,,0.0,,False,2037.88,2053.87
ORD-001208,22f16f02-2a9d-45e2-ab26-2ae85c1adec2,2025-05-30 02:35:21.196575,processing,PayPal,18.75,,0.0,,False,10074.18,10092.93
ORD-001209,22f16f02-2a9d-45e2-ab26-2ae85c1adec2,2025-05-02 21:40:41.766718,cancelled,PayPal,16.45,,0.0,Found better price,False,114.21,130.66
ORD-001210,22f16f02-2a9d-45e2-ab26-2ae85c1adec2,2025-06-25 21:48:53.674475,processing,Credit Card,11.15,,0.0,,False,4062.14,4073.29
ORD-001211,7529a130-5f09-43c8-8188-ce613e6b032f,2024-06-10 00:37:44.512918,completed,Apple Pay,10.78,,0.0,,False,2784.66,2795.44
ORD-001212,7529a130-5f09-43c8-8188-ce613e6b032f,2024-03-29 05:34:30.167933,processing,Credit Card,10.49,,0.0,,False,1230.56,1241.05
ORD-001213,7529a130-5f09-43c8-8188-ce613e6b032f,2024-06-08 07:08:09.455182,completed,Google Pay,5.25,,0.0,,False,3142.52,3147.77
ORD-001214,7529a130-5f09-43c8-8188-ce613e6b032f,2024-07-01 05:08:28.200619,completed,Apple Pay,17.81,BREAK,9.75,,False,4162.15,4170.21
ORD-001215,deb4ec46-a013-4c43-817b-fbb06ade591d,2025-01-20 10:55:24.195652,cancelled,Bank Transfer,9.85,,0.0,Delayed shipping,False,1880.0,1889.85
ORD-001216,deb4ec46-a013-4c43-817b-fbb06ade591d,2025-06-21 18:07:03.653960,completed,Bank Transfer,19.35,,0.0,,False,3700.39,3719.74
ORD-001217,d1a2e0e1-fa7a-4822-a45a-25c3be83425a,2025-01-24 19:09:18.104976,shipped,PayPal,12.94,,0.0,,False,4186.88,4199.82
ORD-001218,d1a2e0e1-fa7a-4822-a45a-25c3be83425a,2025-04-07 05:16:02.235482,cancelled,Credit Card,11.71,,0.0,Changed mind,False,1925.86,1937.57
ORD-001219,e8f338e6-2470-46b7-a5dd-80dee29fe3ac,2023-10-28 15:41:59.566647,completed,Google Pay,18.53,,0.0,,False,3022.29,3040.82
ORD-001220,e8f338e6-2470-46b7-a5dd-80dee29fe3ac,2024-02-19 15:17:30.880764,shipped,Credit Card,16.72,,0.0,,False,1016.14,1032.86
ORD-001221,932c1620-01d1-4263-a7a6-33cba8e73daa,2024-12-15 10:57:38.427497,completed,PayPal,8.74,,0.0,,False,408.08,416.82
ORD-001222,932c1620-01d1-4263-a7a6-33cba8e73daa,2024-10-03 14:30:47.119647,returned,PayPal,6.43,,0.0,Wrong item,False,3742.83,3749.26
ORD-001223,932c1620-01d1-4263-a7a6-33cba8e73daa,2023-09-16 02:29:52.317345,completed,Google Pay,9.14,HOWEVER,26.19,,False,1629.04,1611.99
ORD-001224,932c1620-01d1-4263-a7a6-33cba8e73daa,2023-06-01 10:09:25.914958,completed,Bank Transfer,14.5,,0.0,,False,4197.5,4212.0
ORD-001225,932c1620-01d1-4263-a7a6-33cba8e73daa,2023-09-20 23:06:15.609537,completed,Google Pay,14.69,,0.0,,False,3146.0,3160.69
ORD-001226,dbe4e1ce-ffd8-402b-b542-c92546cd6a56,2024-07-09 20:01:14.639086,completed,Bank Transfer,17.28,RESULT,11.52,,False,2250.49,2256.25
ORD-001227,dbe4e1ce-ffd8-402b-b542-c92546cd6a56,2024-11-21 02:38:12.779971,completed,Google Pay,11.32,,0.0,,False,2216.44,2227.76
ORD-001228,2bfc33ff-09aa-4dd8-885f-6d36a0b9aa4b,2024-06-13 15:46:33.082119,shipped,PayPal,11.66,,0.0,,False,2038.99,2050.65
ORD-001229,2bfc33ff-09aa-4dd8-885f-6d36a0b9aa4b,2024-11-30 09:52:22.271096,processing,PayPal,6.93,,0.0,,False,1012.21,1019.14
ORD-001230,2bfc33ff-09aa-4dd8-885f-6d36a0b9aa4b,2025-02-11 05:46:14.776163,completed,Apple Pay,13.29,,0.0,,False,2950.11,2963.4
ORD-001231,52da700a-f8f1-4de1-8e5c-05ae26661de3,2025-06-27 10:16:00.047662,returned,Apple Pay,7.67,,0.0,Found better price,False,773.58,781.25
ORD-001232,52da700a-f8f1-4de1-8e5c-05ae26661de3,2024-12-28 04:35:38.379132,shipped,Credit Card,13.48,,0.0,,False,3336.4,3349.88
ORD-001233,52da700a-f8f1-4de1-8e5c-05ae26661de3,2025-01-07 17:20:54.307481,returned,Google Pay,15.71,CAUSE,14.01,Changed mind,False,1652.28,1653.98
ORD-001234,21ece6ea-2450-4a8d-a949-29c3868e21ae,2024-12-07 17:37:02.495827,shipped,Credit Card,5.93,,0.0,,False,5950.22,5956.15
ORD-001235,a7a8d371-f39c-423d-b5d4-26c8e85649df,2025-05-26 23:17:50.049224,completed,PayPal,5.85,,0.0,,False,25.9,31.75
ORD-001236,a7a8d371-f39c-423d-b5d4-26c8e85649df,2024-07-23 00:41:36.531911,shipped,Apple Pay,15.46,,0.0,,False,432.25,447.71
ORD-001237,39b251df-9444-4cc4-83db-686adf9629cb,2024-05-03 22:26:11.101032,completed,PayPal,19.25,,0.0,,False,3550.0,3569.25
ORD-001238,39b251df-9444-4cc4-83db-686adf9629cb,2024-03-10 04:13:03.258146,completed,PayPal,15.05,SAY,24.14,,False,4263.02,4253.93
ORD-001239,39b251df-9444-4cc4-83db-686adf9629cb,2024-04-27 16:57:03.608258,completed,Bank Transfer,8.44,,0.0,,False,2528.87,2537.31
ORD-001240,39b251df-9444-4cc4-83db-686adf9629cb,2024-11-27 04:23:49.583240,completed,Credit Card,7.28,WATER,20.69,,False,5010.56,4997.15
ORD-001241,af54844f-7a8e-4495-8186-85ac37ed2133,2024-10-25 11:18:31.254167,cancelled,Apple Pay,8.91,PROVE,12.13,Delayed shipping,False,44.8,41.58
ORD-001242,af54844f-7a8e-4495-8186-85ac37ed2133,2024-06-21 15:34:28.472112,completed,Bank Transfer,14.77,,0.0,,False,1796.23,1811.0
ORD-001243,2cb3449e-0361-4553-b77f-0a094fbef4f1,2024-02-16 09:28:49.470498,completed,Apple Pay,13.55,,0.0,,False,3469.48,3483.03
ORD-001244,82eae038-d767-4d79-9434-eba8c17706d4,2025-02-10 01:11:59.602219,completed,Bank Transfer,14.72,LEAST,27.26,,False,1258.06,1245.52
ORD-001245,da07773d-998d-4df2-98ba-ff84c54c5bb6,2024-07-03 03:41:26.719920,completed,Bank Transfer,8.1,,0.0,,False,4024.95,4033.05
ORD-001246,650456f7-bdb3-4374-a953-c7a1358a29bd,2025-01-23 09:43:23.738702,cancelled,Apple Pay,9.28,,0.0,Delayed shipping,False,1099.06,1108.34
ORD-001247,a4e6e6b5-8e0a-4a84-8abd-830e11645c74,2023-08-08 14:57:28.457415,completed,Apple Pay,14.29,,0.0,,False,2079.37,2093.66
ORD-001248,a4e6e6b5-8e0a-4a84-8abd-830e11645c74,2024-01-03 14:42:52.264974,completed,Google Pay,10.52,,0.0,,False,3961.58,3972.1
ORD-001249,a4e6e6b5-8e0a-4a84-8abd-830e11645c74,2025-05-31 07:08:59.807769,processing,Credit Card,9.53,HELP,28.25,,False,1693.24,1674.52
ORD-001250,b9da4aa8-b2a7-4f20-a551-384a53c8b468,2024-12-16 14:45:47.838636,completed,Bank Transfer,16.89,,0.0,,False,5148.25,5165.14
ORD-001251,b9da4aa8-b2a7-4f20-a551-384a53c8b468,2024-12-29 05:43:01.001210,completed,PayPal,9.1,EITHER,19.08,,False,623.04,613.06
ORD-001252,7a862bcc-9712-4918-9d33-833e69baffc5,2025-06-28 20:06:03.803217,completed,PayPal,8.23,,0.0,,False,2905.81,2914.04
ORD-001253,7a862bcc-9712-4918-9d33-833e69baffc5,2025-06-25 12:56:28.168676,completed,Google Pay,5.66,CAMERA,24.24,,False,3802.14,3783.56
ORD-001254,7a862bcc-9712-4918-9d33-833e69baffc5,2025-03-27 04:36:58.163543,completed,Apple Pay,9.08,,0.0,,False,2912.37,2921.45
ORD-001255,4dde7944-2533-4580-9f30-36212751b23c,2023-08-05 09:57:17.891116,completed,Bank Transfer,5.66,,0.0,,False,2811.94,2817.6
ORD-001256,4dde7944-2533-4580-9f30-36212751b23c,2023-10-21 17:10:32.383335,shipped,Bank Transfer,6.33,,0.0,,False,4803.37,4809.7
ORD-001257,4dde7944-2533-4580-9f30-36212751b23c,2023-10-29 04:52:40.871916,completed,Google Pay,14.59,,0.0,,False,5183.25,5197.84
ORD-001258,6045edc4-6aa2-409d-945a-6723a92024c7,2025-03-25 10:01:23.408270,shipped,Apple Pay,11.48,,0.0,,False,2241.79,2253.27
ORD-001259,6045edc4-6aa2-409d-945a-6723a92024c7,2025-02-18 03:12:02.198670,completed,PayPal,16.31,,0.0,,False,3113.43,3129.74
ORD-001260,38d7ded4-16f9-4c90-a467-a976a35d0c83,2025-03-15 07:18:53.231330,processing,Google Pay,10.12,,0.0,,False,1706.16,1716.28
ORD-001261,ad641c89-300d-4cd0-95af-f28b26c79d4e,2025-01-25 21:03:23.771725,completed,Credit Card,10.95,,0.0,,False,1166.58,1177.53
ORD-001262,24f78a18-a8e1-4f6d-864d-d8887bffafab,2025-06-09 12:25:25.544395,processing,Apple Pay,12.79,,0.0,,False,3396.71,3409.5
ORD-001263,24f78a18-a8e1-4f6d-864d-d8887bffafab,2024-07-28 21:28:40.780128,completed,Apple Pay,10.02,PASS,23.3,,False,4885.63,4872.35
ORD-001264,24f78a18-a8e1-4f6d-864d-d8887bffafab,2023-11-28 02:24:05.556975,completed,Google Pay,10.27,,0.0,,False,773.44,783.71
ORD-001265,24f78a18-a8e1-4f6d-864d-d8887bffafab,2024-04-22 23:39:15.778580,completed,PayPal,11.8,,0.0,,False,3934.32,3946.12
ORD-001266,24f78a18-a8e1-4f6d-864d-d8887bffafab,2023-05-30 12:08:12.006235,completed,Credit Card,12.43,,0.0,,False,3452.75,3465.18
ORD-001267,8f924242-5c52-4c4e-bbee-b81c8c8e80f1,2023-06-20 17:55:48.944314,completed,Google Pay,19.27,CELL,5.41,,False,2712.99,2726.85
ORD-001268,42feda36-0a75-47ed-a368-5b2e0b5c309d,2025-05-06 19:54:02.266052,completed,PayPal,6.78,,0.0,,False,1632.08,1638.86
ORD-001269,42feda36-0a75-47ed-a368-5b2e0b5c309d,2025-02-07 10:31:53.841131,completed,Credit Card,18.79,,0.0,,False,5283.74,5302.53
ORD-001270,ddb2f2f5-23fb-45e1-832e-0922e5c7a4a1,2023-11-18 02:11:47.726454,cancelled,Credit Card,16.55,,0.0,Found better price,False,5001.59,5018.14
ORD-001271,ddb2f2f5-23fb-45e1-832e-0922e5c7a4a1,2024-03-28 22:26:37.427193,processing,Credit Card,13.16,ACTUALLY,23.11,,False,1806.28,1796.33
ORD-001272,f6333754-8268-43f5-bac3-ca77f9d73c3c,2024-07-02 01:33:46.915060,completed,Apple Pay,10.06,,0.0,,False,3421.16,3431.22
ORD-001273,ae8898f7-d4fa-4f7b-9188-61aae563cf7a,2025-03-24 00:30:00.633475,processing,Apple Pay,15.26,,0.0,,False,1753.8,1769.06
ORD-001274,ce421f68-1cd2-4172-9400-7f0d12b89eb4,2024-08-26 00:25:59.104052,shipped,Bank Transfer,12.53,,0.0,,False,3365.29,3377.82
ORD-001275,ce421f68-1cd2-4172-9400-7f0d12b89eb4,2023-06-12 06:13:40.836807,completed,Bank Transfer,11.78,,0.0,,False,1112.38,1124.16
ORD-001276,ce421f68-1cd2-4172-9400-7f0d12b89eb4,2025-04-08 07:55:04.908500,completed,Google Pay,11.4,,0.0,,False,780.51,791.91
ORD-001277,8d2ac6be-56e0-4288-b056-dead34f121e3,2023-02-28 23:22:09.026362,completed,Apple Pay,8.74,,0.0,,False,812.76,821.5
ORD-001278,71a423ea-b802-4e9c-a1d3-bb8667de7538,2025-06-30 07:17:21.144348,completed,Apple Pay,17.98,,0.0,,False,2793.29,2811.27
ORD-001279,71a423ea-b802-4e9c-a1d3-bb8667de7538,2025-06-23 21:32:19.533233,completed,Credit Card,19.68,,0.0,,False,1574.44,1594.12
ORD-001280,71a423ea-b802-4e9c-a1d3-bb8667de7538,2025-06-17 13:47:47.312219,completed,Apple Pay,16.92,,0.0,,False,5282.25,5299.17
ORD-001281,71a423ea-b802-4e9c-a1d3-bb8667de7538,2025-04-13 07:55:15.211567,completed,PayPal,6.31,,0.0,,False,1799.0,1805.31
ORD-001282,0f59c423-3627-45ca-b80b-c672c8769b74,2024-12-23 14:03:51.514699,completed,Apple Pay,7.43,,0.0,,False,2754.29,2761.72
ORD-001283,0f59c423-3627-45ca-b80b-c672c8769b74,2024-12-25 01:52:22.930739,shipped,Apple Pay,8.95,BIT,24.75,,False,3185.73,3169.93
ORD-001284,0f59c423-3627-45ca-b80b-c672c8769b74,2024-09-01 02:17:17.959543,completed,PayPal,8.04,,0.0,,False,5709.16,5717.2
ORD-001285,0f59c423-3627-45ca-b80b-c672c8769b74,2025-01-21 23:13:14.498889,processing,Apple Pay,5.13,,0.0,,False,2373.82,2378.95
ORD-001286,6fcf836f-f92a-43e3-99ae-e1c91a92cacb,2024-06-11 17:54:33.206878,completed,Credit Card,7.83,,0.0,,False,5234.71,5242.54
ORD-001287,58529bb6-df0e-48f1-a871-450eb35c1cbe,2025-06-13 04:36:37.972656,completed,Bank Transfer,6.9,,0.0,,False,1458.58,1465.48
ORD-001288,58529bb6-df0e-48f1-a871-450eb35c1cbe,2025-01-21 17:27:27.182483,completed,Google Pay,19.81,,0.0,,False,3950.34,3970.15
ORD-001289,58529bb6-df0e-48f1-a871-450eb35c1cbe,2025-05-09 12:58:10.007971,processing,Bank Transfer,8.38,TOWARD,6.49,,False,3300.91,3302.8
ORD-001290,58529bb6-df0e-48f1-a871-450eb35c1cbe,2025-04-11 02:36:58.547958,processing,Apple Pay,14.1,,0.0,,False,4426.34,4440.44
ORD-001291,58529bb6-df0e-48f1-a871-450eb35c1cbe,2025-06-13 15:25:45.924301,returned,Credit Card,14.69,,0.0,Wrong item,False,2566.32,2581.01
ORD-001292,9cdae15f-2a69-418a-82f9-132c1e1df0ee,2022-10-18 01:00:43.112290,cancelled,Credit Card,6.13,,0.0,Found better price,False,999.95,1006.08
ORD-001293,ed4d7042-2364-456a-bf5c-ba4e6a5d374a,2024-12-04 09:05:27.611482,processing,PayPal,10.9,,0.0,,False,2676.28,2687.18
ORD-001294,3f5f3872-4a77-4523-97d1-adb07efef2af,2025-07-05 23:58:09.235527,completed,Apple Pay,12.05,,0.0,,False,6255.37,6267.42
ORD-001295,3f5f3872-4a77-4523-97d1-adb07efef2af,2025-04-05 09:55:13.911264,completed,Credit Card,19.63,,0.0,,False,5798.81,5818.44
ORD-001296,978c50ba-a812-48b5-967a-04e9e0e6bcc2,2023-06-18 07:47:17.053796,returned,Credit Card,9.86,SOME,9.78,Delayed shipping,False,5037.64,5037.72
ORD-001297,978c50ba-a812-48b5-967a-04e9e0e6bcc2,2023-12-01 10:21:23.597976,completed,PayPal,11.36,,0.0,,False,5801.74,5813.1
ORD-001298,978c50ba-a812-48b5-967a-04e9e0e6bcc2,2024-06-30 02:54:16.241391,completed,Credit Card,11.94,,0.0,,False,1024.8,1036.74
ORD-001299,247351e3-c284-4f2d-a215-1e607a43e621,2025-07-02 03:58:34.700196,completed,PayPal,9.37,THEIR,19.95,,False,2635.77,2625.19
ORD-001300,acc210c3-8f38-4620-ada5-4ea342b18483,2023-07-04 12:43:02.376195,completed,PayPal,9.06,,0.0,,False,4984.54,4993.6
ORD-001301,b81f7560-67a1-4084-8bad-3858b10bbdcb,2025-04-28 07:28:03.497159,completed,Apple Pay,17.18,LAY,17.38,,False,5483.38,5483.18
ORD-001302,0e6d018a-75a7-472a-ad1d-046804a808fa,2024-04-12 06:26:34.229951,completed,PayPal,12.15,,0.0,,False,299.84,311.99
ORD-001303,0e6d018a-75a7-472a-ad1d-046804a808fa,2024-08-21 11:56:39.513021,processing,Credit Card,10.42,,0.0,,False,614.25,624.67
ORD-001304,0e6d018a-75a7-472a-ad1d-046804a808fa,2024-09-25 13:10:33.925064,returned,Apple Pay,9.16,,0.0,Delayed shipping,False,2992.02,3001.18
ORD-001305,eb1c3dfb-00a4-401c-9b1e-29785b9700e8,2023-04-18 09:48:05.293277,returned,Credit Card,14.9,SHE,7.79,Damaged,False,5376.9,5384.01
ORD-001306,eb1c3dfb-00a4-401c-9b1e-29785b9700e8,2025-04-30 02:28:07.366864,completed,Google Pay,8.55,INCLUDE,19.6,,False,1064.9,1053.85
ORD-001307,70632e09-1f93-454c-a391-33dd8d00d88f,2025-02-12 11:19:08.062165,completed,Credit Card,14.24,,0.0,,False,2468.76,2483.0
ORD-001308,70632e09-1f93-454c-a391-33dd8d00d88f,2025-05-26 05:49:37.503192,completed,Bank Transfer,19.68,DOWN,17.16,,False,984.64,987.16
ORD-001309,ac07a470-9066-40a5-919c-f1de9162d188,2025-06-03 09:11:06.565688,shipped,PayPal,8.31,,0.0,,False,1111.74,1120.05
ORD-001310,1ec43b2e-076a-46a7-ad3e-ba8eab8c9d78,2023-09-11 01:55:05.478929,completed,Apple Pay,8.58,,0.0,,False,3273.94,3282.52
ORD-001311,84136cb9-c9e1-448d-aee0-ef978b614063,2024-12-01 19:05:42.768391,shipped,PayPal,18.32,,0.0,,False,4325.11,4343.43
ORD-001312,82f3fa34-b007-4e1b-89fc-89f8d7575aca,2024-12-17 21:29:35.024025,processing,Bank Transfer,5.31,,0.0,,False,2551.52,2556.83
ORD-001313,82f3fa34-b007-4e1b-89fc-89f8d7575aca,2025-03-23 00:55:19.576355,processing,Bank Transfer,7.53,,0.0,,False,2945.92,2953.45
ORD-001314,82f3fa34-b007-4e1b-89fc-89f8d7575aca,2024-07-31 01:46:45.204383,completed,Credit Card,9.36,SOMEONE,20.01,,False,4593.77,4583.12
ORD-001315,82f3fa34-b007-4e1b-89fc-89f8d7575aca,2024-07-20 17:14:55.671899,completed,PayPal,10.83,,0.0,,False,5531.49,5542.32
ORD-001316,82f3fa34-b007-4e1b-89fc-89f8d7575aca,2023-07-05 06:40:32.613986,completed,Credit Card,9.04,,0.0,,False,2412.03,2421.07
ORD-001317,da536816-0a30-47a6-90b0-2f4b9fc91153,2024-02-26 21:24:44.004688,completed,PayPal,12.96,MODERN,5.91,,False,2775.08,2782.13
ORD-001318,da536816-0a30-47a6-90b0-2f4b9fc91153,2024-11-14 18:53:36.672035,completed,PayPal,8.76,,0.0,,False,1797.4,1806.16
ORD-001319,da536816-0a30-47a6-90b0-2f4b9fc91153,2023-11-26 20:11:28.415509,completed,Apple Pay,7.79,,0.0,,False,1745.53,1753.32
ORD-001320,da536816-0a30-47a6-90b0-2f4b9fc91153,2022-10-04 23:18:49.250663,shipped,Google Pay,13.59,,0.0,,False,1849.9,1863.49
ORD-001321,f79e4ac5-0668-4904-a0ff-9d0e4e44e0e8,2024-01-30 00:13:19.561651,processing,Credit Card,8.54,,0.0,,False,984.88,993.42
ORD-001322,f79e4ac5-0668-4904-a0ff-9d0e4e44e0e8,2024-02-09 10:21:04.460469,processing,Google Pay,9.04,,0.0,,False,6049.87,6058.91
ORD-001323,c5ce4035-d0e8-4d57-a515-f29504904eed,2025-05-09 18:25:28.752077,completed,PayPal,9.88,CHILD,11.81,,False,2984.76,2982.83
ORD-001324,c5ce4035-d0e8-4d57-a515-f29504904eed,2025-03-05 00:59:02.391900,completed,Apple Pay,5.85,AMONG,6.21,,False,1704.47,1704.11
ORD-001325,2ce4f60d-948d-4d44-92df-00177de8fe42,2024-04-08 05:09:29.452633,completed,Apple Pay,13.61,INCREASE,11.14,,False,2723.43,2725.9
ORD-001326,ee448e2b-20fc-4cf2-b6fb-2eb6a113a674,2024-09-13 18:09:29.836880,completed,Credit Card,14.09,RATE,29.57,,False,2274.69,2259.21
ORD-001327,8dab80c4-69ae-4c79-93f5-ec9a30f72492,2025-04-05 22:28:20.693307,completed,PayPal,15.16,,0.0,,False,5576.63,5591.79
ORD-001328,d9f30461-030e-45dc-a155-e918b41982b2,2025-04-19 21:13:53.978437,processing,Bank Transfer,16.24,,0.0,,False,2767.47,2783.71
ORD-001329,d9f30461-030e-45dc-a155-e918b41982b2,2023-09-06 16:19:23.352989,completed,Apple Pay,18.56,,0.0,,False,1619.54,1638.1
ORD-001330,1ecb3d12-0c37-4430-a148-57bda1495cf2,2025-03-28 09:25:27.222795,completed,Bank Transfer,16.63,,0.0,,False,4622.2,4638.83
ORD-001331,1ecb3d12-0c37-4430-a148-57bda1495cf2,2025-02-10 12:50:30.156569,completed,Apple Pay,8.41,,0.0,,False,2939.82,2948.23
ORD-001332,1ecb3d12-0c37-4430-a148-57bda1495cf2,2025-02-06 08:41:30.492802,completed,Apple Pay,8.68,MANY,21.0,,False,83.0,70.68
ORD-001333,043aec79-992d-4444-8af0-7264fe9e6ab8,2025-05-22 02:17:05.500185,completed,Bank Transfer,10.26,,0.0,,False,3734.38,3744.64
ORD-001334,043aec79-992d-4444-8af0-7264fe9e6ab8,2025-05-09 20:52:14.355671,completed,Google Pay,9.97,,0.0,,False,3952.63,3962.6
ORD-001335,4a1d9a39-0074-4d7d-b9ed-51411d0a3e87,2025-06-06 03:59:54.649138,cancelled,Google Pay,10.57,,0.0,Damaged,False,3577.07,3587.64
ORD-001336,85f5d4fc-9dc1-43b2-91a9-6f3b69e655f5,2024-09-22 03:10:48.786449,shipped,Google Pay,12.75,RUN,15.96,,False,2725.79,2722.58
ORD-001337,4ac86c57-3c61-4821-9a1c-228864a35e60,2024-05-22 23:51:46.882638,processing,PayPal,19.98,REST,25.62,,False,4744.88,4739.24
ORD-001338,4ac86c57-3c61-4821-9a1c-228864a35e60,2024-07-04 03:20:39.990908,completed,Credit Card,16.43,RECENT,20.42,,False,2078.55,2074.56
ORD-001339,4ac86c57-3c61-4821-9a1c-228864a35e60,2024-12-20 05:27:50.372178,returned,Credit Card,13.54,,0.0,Found better price,False,859.3,872.84
ORD-001340,4ac86c57-3c61-4821-9a1c-228864a35e60,2023-04-23 01:20:48.044390,completed,Credit Card,8.16,,0.0,,False,2078.32,2086.48
ORD-001341,619fb6df-f6de-4c73-85fd-b3e298f7dcbc,2024-11-03 21:43:59.132036,completed,Credit Card,8.29,,0.0,,False,2918.45,2926.74
ORD-001342,37ebc056-7655-4018-a043-8074e6d5aaae,2025-05-26 23:47:15.336720,completed,PayPal,17.18,,0.0,,False,3566.51,3583.69
ORD-001343,37ebc056-7655-4018-a043-8074e6d5aaae,2025-07-05 07:32:27.499640,completed,Google Pay,17.22,,0.0,,False,4820.7,4837.92
ORD-001344,37ebc056-7655-4018-a043-8074e6d5aaae,2025-05-05 00:05:55.301877,completed,Google Pay,9.18,,0.0,,False,1777.1,1786.28
ORD-001345,d23f6ed0-faeb-419e-88c1-09c63a6dd7eb,2025-01-29 06:00:03.536548,completed,PayPal,9.92,,0.0,,False,4871.6,4881.52
ORD-001346,b8918532-6872-405f-9674-c1b9eefc5c7b,2024-03-03 09:12:12.291435,completed,Bank Transfer,7.22,PROFESSIONAL,24.59,,False,871.85,854.48
ORD-001347,a8c1c0d6-fb44-41d4-98be-243fcb1ce321,2024-12-01 10:51:13.709909,completed,Apple Pay,12.59,,0.0,,False,4291.09,4303.68
ORD-001348,a8c1c0d6-fb44-41d4-98be-243fcb1ce321,2024-12-02 08:42:52.661495,completed,Credit Card,9.71,,0.0,,False,2784.29,2794.0
ORD-001349,a8c1c0d6-fb44-41d4-98be-243fcb1ce321,2024-12-07 15:59:01.143072,processing,Bank Transfer,8.54,,0.0,,False,4034.03,4042.57
ORD-001350,612870fc-ebdb-4be5-a3d4-963372d5f123,2024-09-20 05:56:53.821526,returned,Credit Card,10.04,,0.0,Wrong item,False,3741.15,3751.19
ORD-001351,612870fc-ebdb-4be5-a3d4-963372d5f123,2024-05-23 03:05:39.723723,shipped,Credit Card,16.9,,0.0,,False,335.25,352.15
ORD-001352,967b5620-3722-4b6e-8e96-e173b1bb9d09,2025-06-04 08:54:55.965657,processing,Google Pay,9.37,,0.0,,False,4271.7,4281.07
ORD-001353,967b5620-3722-4b6e-8e96-e173b1bb9d09,2025-06-04 21:14:16.260006,completed,Bank Transfer,5.58,,0.0,,False,879.03,884.61
ORD-001354,967b5620-3722-4b6e-8e96-e173b1bb9d09,2025-01-31 08:37:52.023763,returned,PayPal,18.84,,0.0,Delayed shipping,False,6429.17,6448.01
ORD-001355,98673c84-244c-42b7-addd-5fbae95c3591,2025-03-08 06:39:30.976321,completed,Bank Transfer,5.97,,0.0,,False,2064.73,2070.7
ORD-001356,43dcb85e-10bf-486d-a4a0-d51efb116bfb,2025-01-21 15:25:33.232909,completed,Google Pay,15.34,THAT,26.3,,False,4010.3,3999.34
ORD-001357,23733566-33f7-401e-88c4-e1736cfef61f,2024-12-10 06:36:02.627086,completed,Bank Transfer,12.63,REQUIRE,22.64,,False,2272.17,2262.16
ORD-001358,23733566-33f7-401e-88c4-e1736cfef61f,2025-01-03 12:00:03.051364,completed,Apple Pay,7.23,EVERYTHING,6.99,,False,7030.34,7030.58
ORD-001359,9a9a5308-c175-456c-bcae-b59ea40d1802,2025-06-17 12:18:06.581375,completed,Google Pay,12.22,,0.0,,False,4579.19,4591.41
ORD-001360,9a9a5308-c175-456c-bcae-b59ea40d1802,2025-06-21 07:25:35.704149,cancelled,PayPal,5.73,,0.0,Wrong item,False,3272.16,3277.89
ORD-001361,8974514c-e54b-4ba4-84ef-4c1a3a5b889e,2023-02-25 06:58:07.402698,completed,Google Pay,17.94,,0.0,,False,2174.24,2192.18
ORD-001362,8974514c-e54b-4ba4-84ef-4c1a3a5b889e,2024-05-22 14:58:45.089730,completed,Bank Transfer,7.76,,0.0,,False,3663.4,3671.16
ORD-001363,0436b44d-cd27-4e47-b2e8-ba8766c57a72,2025-02-06 15:40:10.641902,completed,Bank Transfer,10.02,SUFFER,8.51,,False,8307.44,8308.95
ORD-001364,0436b44d-cd27-4e47-b2e8-ba8766c57a72,2025-01-25 12:44:55.228737,shipped,Bank Transfer,10.14,,0.0,,False,2221.93,2232.07
ORD-001365,0436b44d-cd27-4e47-b2e8-ba8766c57a72,2024-02-21 14:24:26.705635,completed,Credit Card,14.88,,0.0,,False,8227.82,8242.7
ORD-001366,0436b44d-cd27-4e47-b2e8-ba8766c57a72,2024-11-27 10:23:25.812475,completed,Credit Card,11.82,,0.0,,False,5624.84,5636.66
ORD-001367,a4327e1a-41f0-454f-b222-5fb1d9d4fa84,2024-10-27 09:40:08.957088,completed,Bank Transfer,18.17,,0.0,,False,2539.78,2557.95
ORD-001368,3cb83c43-0db6-443b-807b-84444bb9fb1d,2024-08-11 14:11:52.530119,completed,Bank Transfer,15.03,,0.0,,False,2000.75,2015.78
ORD-001369,3cb83c43-0db6-443b-807b-84444bb9fb1d,2024-03-04 01:38:31.316227,completed,Google Pay,19.38,,0.0,,False,3812.71,3832.09
ORD-001370,be763c83-3bd0-474e-8142-74dc4ea9e678,2025-04-20 22:39:46.882378,shipped,Apple Pay,19.29,,0.0,,False,4342.83,4362.12
ORD-001371,be763c83-3bd0-474e-8142-74dc4ea9e678,2025-01-26 13:22:58.358287,completed,PayPal,13.29,,0.0,,False,1739.96,1753.25
ORD-001372,1d07a6fb-c432-4cc1-b93e-f77240ba6f8c,2023-05-03 23:35:11.877043,processing,Apple Pay,14.84,SHAKE,15.74,,False,1321.65,1320.75
ORD-001373,1d07a6fb-c432-4cc1-b93e-f77240ba6f8c,2024-10-14 11:48:13.031978,cancelled,PayPal,15.97,FILM,12.31,Damaged,False,3308.8,3312.46
ORD-001374,5779dffb-f05b-4dca-a6fd-3bb6159365e3,2024-11-13 20:37:59.943248,completed,Bank Transfer,16.48,DESCRIBE,29.95,,False,3820.92,3807.45
ORD-001375,5779dffb-f05b-4dca-a6fd-3bb6159365e3,2024-10-18 08:05:19.431448,shipped,PayPal,6.7,,0.0,,False,1870.62,1877.32
ORD-001376,0ea78f2c-50e3-47e1-8a5a-e900af6f2fcb,2025-06-30 15:04:18.471961,completed,Apple Pay,16.69,,0.0,,False,958.9,975.59
ORD-001377,0ea78f2c-50e3-47e1-8a5a-e900af6f2fcb,2025-06-24 01:41:19.066130,completed,Bank Transfer,9.17,VERY,24.73,,False,2901.21,2885.65
ORD-001378,2759513f-7532-4d8b-aa73-832833f0b793,2024-10-10 14:20:08.250428,completed,PayPal,18.66,,0.0,,False,520.95,539.61
ORD-001379,2759513f-7532-4d8b-aa73-832833f0b793,2024-06-16 19:41:54.152027,completed,Apple Pay,10.13,,0.0,,False,5115.34,5125.47
ORD-001380,b779cc0f-4331-4ad1-bfaa-e180cd14d5b2,2024-07-31 13:39:29.540524,completed,Google Pay,11.04,MEMBER,20.53,,False,6634.08,6624.59
ORD-001381,9791e975-38cc-4c6c-9d71-206bccb23814,2025-01-06 01:03:33.608303,completed,Google Pay,16.71,,0.0,,False,2993.94,3010.65
ORD-001382,433c827c-e449-4141-87e0-c2eae8b02956,2025-05-28 18:16:09.517433,completed,Credit Card,10.33,,0.0,,False,5773.2,5783.53
ORD-001383,433c827c-e449-4141-87e0-c2eae8b02956,2024-08-14 09:09:38.248617,completed,Bank Transfer,6.28,,0.0,,False,2787.41,2793.69
ORD-001384,433c827c-e449-4141-87e0-c2eae8b02956,2024-06-03 22:39:53.632111,completed,Bank Transfer,17.16,,0.0,,False,2372.43,2389.59
ORD-001385,dd10fbc6-2155-4328-b668-3b3f4d7a33ed,2025-06-06 23:48:57.790118,completed,Apple Pay,9.5,,0.0,,False,2311.28,2320.78
ORD-001386,48b142d2-fa8a-4f2b-8e75-a9980627077b,2024-05-12 22:44:45.190845,processing,Bank Transfer,9.21,,0.0,,False,1515.36,1524.57
ORD-001387,48b142d2-fa8a-4f2b-8e75-a9980627077b,2024-06-05 18:09:30.489259,processing,PayPal,12.47,,0.0,,False,4195.34,4207.81
ORD-001388,6b3797b9-05a1-40a6-baf0-a8558702da02,2024-10-15 15:16:50.095810,processing,PayPal,14.04,,0.0,,False,1851.64,1865.68
ORD-001389,6b3797b9-05a1-40a6-baf0-a8558702da02,2024-12-28 23:01:12.337805,completed,PayPal,7.74,INCREASE,25.01,,False,3081.92,3064.65
ORD-001390,6b3797b9-05a1-40a6-baf0-a8558702da02,2024-05-09 07:09:42.103603,completed,Google Pay,18.69,CURRENT,22.82,,False,4653.95,4649.82
ORD-001391,ca470b31-ccb6-4d00-859d-910666e7c4ec,2025-02-20 09:44:01.067164,completed,PayPal,10.0,,0.0,,False,719.19,729.19
ORD-001392,ca470b31-ccb6-4d00-859d-910666e7c4ec,2024-01-07 10:04:10.230324,completed,Apple Pay,18.37,MISS,25.24,,False,2739.88,2733.01
ORD-001393,ca470b31-ccb6-4d00-859d-910666e7c4ec,2024-06-02 13:07:51.267769,shipped,Apple Pay,7.53,,0.0,,False,4543.03,4550.56
ORD-001394,1f0a15aa-67fb-415a-a7ae-d59ff57654d9,2025-06-29 12:55:06.793630,completed,PayPal,17.96,,0.0,,False,2935.7,2953.66
ORD-001395,1f0a15aa-67fb-415a-a7ae-d59ff57654d9,2024-05-15 11:55:58.092543,cancelled,Bank Transfer,8.57,,0.0,Changed mind,False,8397.04,8405.61
ORD-001396,1f0a15aa-67fb-415a-a7ae-d59ff57654d9,2023-07-11 22:04:47.173992,completed,Bank Transfer,8.74,,0.0,,False,2537.01,2545.75
ORD-001397,1f0a15aa-67fb-415a-a7ae-d59ff57654d9,2024-04-29 06:10:47.248043,cancelled,Apple Pay,14.73,,0.0,Found better price,False,1899.36,1914.09
ORD-001398,1f0a15aa-67fb-415a-a7ae-d59ff57654d9,2023-04-24 11:43:11.365510,shipped,PayPal,16.2,,0.0,,False,7141.95,7158.15
ORD-001399,49c5ef43-0b6c-45c8-80aa-aee513de1d8e,2023-01-10 15:15:53.445377,completed,Apple Pay,15.97,,0.0,,False,1246.25,1262.22
ORD-001400,d6106f68-39e6-4512-bac4-485406a9f0ee,2025-03-10 14:36:34.433623,completed,Apple Pay,14.78,,0.0,,False,1477.0,1491.78
ORD-001401,d6106f68-39e6-4512-bac4-485406a9f0ee,2025-07-04 21:42:23.295865,completed,Apple Pay,8.1,PHYSICAL,23.11,,False,1786.02,1771.01
ORD-001402,d6106f68-39e6-4512-bac4-485406a9f0ee,2025-01-02 12:15:58.573941,completed,PayPal,11.17,,0.0,,False,3910.7,3921.87
ORD-001403,823323b6-5356-4b18-a514-de3cd55e0e5e,2025-03-20 10:23:56.505241,completed,PayPal,18.05,,0.0,,False,634.72,652.77
ORD-001404,823323b6-5356-4b18-a514-de3cd55e0e5e,2025-02-24 02:57:53.658762,completed,Credit Card,8.78,,0.0,,False,827.23,836.01
ORD-001405,e05759bb-a46c-45c8-838f-65e6a3e486cf,2024-11-11 07:07:19.137875,completed,PayPal,12.86,CAN,7.76,,False,1264.57,1269.67
ORD-001406,e05759bb-a46c-45c8-838f-65e6a3e486cf,2025-01-11 23:30:23.748359,completed,Google Pay,16.44,SUDDENLY,16.36,,False,2681.0,2681.08
ORD-001407,e05759bb-a46c-45c8-838f-65e6a3e486cf,2025-07-07 03:06:35.246297,shipped,Credit Card,19.45,ANALYSIS,17.01,,False,3843.05,3845.49
ORD-001408,6371c161-0ae4-49cd-95fd-fab91d8ba43f,2025-05-16 06:36:41.681377,completed,Apple Pay,19.01,FALL,23.03,,False,5317.61,5313.59
ORD-001409,8ef11e36-4a74-459c-ab78-1939b43f517c,2023-07-29 18:34:14.010273,returned,Bank Transfer,18.27,NORTH,12.07,Found better price,False,906.3,912.5
ORD-001410,a9aec4b2-657f-4d56-b7b9-eadb86a7467e,2023-10-02 03:13:05.007910,processing,Apple Pay,18.87,,0.0,,False,3779.62,3798.49
ORD-001411,a9aec4b2-657f-4d56-b7b9-eadb86a7467e,2024-12-30 00:23:06.755400,completed,Google Pay,5.02,WISH,7.71,,False,1724.83,1722.14
ORD-001412,a9aec4b2-657f-4d56-b7b9-eadb86a7467e,2024-11-23 23:15:02.146702,shipped,Bank Transfer,14.43,,0.0,,False,2358.75,2373.18
ORD-001413,a9aec4b2-657f-4d56-b7b9-eadb86a7467e,2024-02-15 18:52:22.037475,returned,Apple Pay,16.38,,0.0,Delayed shipping,False,4023.64,4040.02
ORD-001414,8f629552-6134-4830-8e09-0432232a92b1,2022-10-26 21:30:51.308021,completed,Apple Pay,18.0,RECENT,15.31,,False,975.96,978.65
ORD-001415,df63a58c-4278-413d-8714-0ed924d0face,2025-06-19 04:21:01.841194,completed,Google Pay,19.64,,0.0,,False,1438.04,1457.68
ORD-001416,df63a58c-4278-413d-8714-0ed924d0face,2025-05-25 01:13:18.369931,completed,Google Pay,5.55,GREEN,19.69,,False,1613.16,1599.02
ORD-001417,df63a58c-4278-413d-8714-0ed924d0face,2025-07-07 16:49:36.689843,shipped,Google Pay,18.35,,0.0,,False,870.04,888.39
ORD-001418,df63a58c-4278-413d-8714-0ed924d0face,2025-06-26 02:06:44.485597,shipped,Credit Card,14.18,FEEL,11.26,,False,5050.57,5053.49
ORD-001419,038b3dfc-d4b0-43bd-9790-6f58ef6e0e60,2025-06-22 19:56:31.710400,completed,Apple Pay,18.89,,0.0,,False,2492.01,2510.9
ORD-001420,038b3dfc-d4b0-43bd-9790-6f58ef6e0e60,2025-06-17 06:25:11.564587,returned,Google Pay,13.74,,0.0,Delayed shipping,False,2999.46,3013.2
ORD-001421,78788665-88c1-476c-b41d-c700b6817976,2024-06-13 00:55:24.690485,completed,Google Pay,7.46,,0.0,,False,2273.39,2280.85
ORD-001422,0d7a7272-5573-4a87-91fe-bcfe7440dbf5,2025-05-13 06:13:53.163462,completed,Bank Transfer,7.96,EXAMPLE,6.53,,False,4202.09,4203.52
ORD-001423,66788794-1b9f-4130-a967-a0bf182ba547,2025-06-22 02:22:47.940752,completed,Google Pay,16.42,,0.0,,False,1507.15,1523.57
ORD-001424,66788794-1b9f-4130-a967-a0bf182ba547,2025-02-09 14:02:06.301048,completed,Credit Card,15.27,,0.0,,False,638.98,654.25
ORD-001425,66788794-1b9f-4130-a967-a0bf182ba547,2025-01-13 13:04:05.318423,completed,Apple Pay,8.18,AGENCY,7.71,,False,3315.98,3316.45
ORD-001426,3e16dc68-3f31-472e-9cd0-b0b865c24218,2024-03-28 06:56:21.076084,shipped,Credit Card,15.71,,0.0,,False,5566.54,5582.25
ORD-001427,614543c1-0612-4974-8172-75844d808e2a,2024-03-03 18:51:00.799742,completed,PayPal,11.74,DISCUSSION,25.92,,False,2637.22,2623.04
ORD-001428,d950eb38-b5ce-4e4f-b36e-99ec5bc5ab74,2024-08-16 13:49:06.379705,processing,Apple Pay,9.43,,0.0,,False,2530.3,2539.73
ORD-001429,d950eb38-b5ce-4e4f-b36e-99ec5bc5ab74,2025-06-25 12:19:03.134572,completed,PayPal,13.0,,0.0,,False,3143.4,3156.4
ORD-001430,d63805c5-9fca-4e1d-8bc7-ea693e6178da,2025-06-13 18:53:53.933201,completed,Apple Pay,16.98,NUMBER,6.27,,False,5903.2,5913.91
ORD-001431,2e392974-a5ee-444d-9b72-06082b0967fd,2025-01-31 15:08:28.973084,completed,PayPal,7.04,COLLEGE,15.69,,False,855.24,846.59
ORD-001432,2e392974-a5ee-444d-9b72-06082b0967fd,2024-06-29 05:46:41.528131,completed,PayPal,6.34,SIT,16.06,,False,5060.29,5050.57
ORD-001433,2e392974-a5ee-444d-9b72-06082b0967fd,2025-01-30 17:44:09.880403,completed,Apple Pay,17.71,EXPECT,24.14,,False,2265.33,2258.9
ORD-001434,2e392974-a5ee-444d-9b72-06082b0967fd,2025-04-21 06:23:50.782742,shipped,Credit Card,17.94,,0.0,,False,281.66,299.6
ORD-001435,2e392974-a5ee-444d-9b72-06082b0967fd,2024-07-12 23:57:25.493774,completed,Credit Card,16.13,,0.0,,False,151.32,167.45
ORD-001436,ccb45bb4-71bb-49ab-a827-0cf4f23bd944,2023-04-29 13:53:16.104584,completed,Credit Card,12.21,,0.0,,False,4935.05,4947.26
ORD-001437,ccb45bb4-71bb-49ab-a827-0cf4f23bd944,2023-10-16 20:29:21.012827,completed,PayPal,19.83,,0.0,,False,1079.46,1099.29
ORD-001438,ccb45bb4-71bb-49ab-a827-0cf4f23bd944,2023-04-25 03:33:34.200105,processing,Bank Transfer,16.29,POOR,7.13,,False,4977.96,4987.12
ORD-001439,338d441b-de36-4d41-8a66-5bf020f52c59,2023-07-25 16:32:10.425751,completed,Bank Transfer,12.37,,0.0,,False,752.0,764.37
ORD-001440,f0f4bbdd-b0e6-4715-a19b-5aa0eabc04af,2024-08-30 04:59:53.022563,completed,Apple Pay,16.45,,0.0,,False,1528.84,1545.29
ORD-001441,f0f4bbdd-b0e6-4715-a19b-5aa0eabc04af,2024-09-16 21:44:28.973984,completed,PayPal,5.61,,0.0,,False,11.3,16.91
ORD-001442,f0f4bbdd-b0e6-4715-a19b-5aa0eabc04af,2024-08-05 04:33:51.461503,completed,Credit Card,5.04,EDGE,11.14,,False,2084.66,2078.56
ORD-001443,f00d3534-2037-436f-88aa-b349b10fa78f,2024-08-25 03:02:37.926984,completed,Credit Card,11.08,,0.0,,False,1538.06,1549.14
ORD-001444,f22cedf7-3938-4aeb-9331-34da41f06bc7,2024-10-26 08:31:20.649103,returned,Bank Transfer,19.86,,0.0,Wrong item,False,622.44,642.3
ORD-001445,2612d0ef-471e-4658-b2a0-454497ebb66e,2025-06-05 22:12:38.932597,shipped,Google Pay,7.55,,0.0,,False,1600.41,1607.96
ORD-001446,60a543eb-e70a-41c3-9ed2-ed48efd95bdd,2025-05-19 09:35:23.333169,completed,PayPal,14.38,LIKE,10.2,,False,2472.05,2476.23
ORD-001447,b2ec8f75-5e59-4ed8-8895-8f35af5dff21,2023-09-17 20:35:04.558167,completed,PayPal,16.68,,0.0,,False,4214.07,4230.75
ORD-001448,16587dc8-c4cf-4c82-a7ca-81f6c6ae8f46,2024-01-08 04:04:40.569666,processing,PayPal,13.34,,0.0,,False,1609.76,1623.1
ORD-001449,f0c2d6a7-310b-45d0-8b37-64663bf0eb88,2023-07-08 11:54:01.665271,returned,PayPal,8.88,,0.0,Found better price,False,4223.72,4232.6
ORD-001450,6240227f-9ed7-46bf-8c84-b72ef9e72a33,2024-09-27 15:41:41.540942,cancelled,Bank Transfer,8.74,LEVEL,22.95,Changed mind,False,2980.11,2965.9
ORD-001451,6240227f-9ed7-46bf-8c84-b72ef9e72a33,2023-03-22 10:04:57.517624,completed,PayPal,7.32,VIEW,22.42,,False,5189.86,5174.76
ORD-001452,a91a2259-b9b2-47d0-9d69-9cfa5812d53f,2025-07-07 16:06:20.958860,completed,Bank Transfer,8.64,,0.0,,False,3144.09,3152.73
ORD-001453,a91a2259-b9b2-47d0-9d69-9cfa5812d53f,2025-07-08 01:46:35.840648,completed,Google Pay,6.56,,0.0,,False,2707.65,2714.21
ORD-001454,a91a2259-b9b2-47d0-9d69-9cfa5812d53f,2025-07-07 15:55:29.756127,completed,Apple Pay,14.47,NUMBER,28.65,,False,1454.44,1440.26
ORD-001455,a91a2259-b9b2-47d0-9d69-9cfa5812d53f,2025-07-08 08:04:04.780870,cancelled,Credit Card,10.54,,0.0,Wrong item,False,3537.11,3547.65
ORD-001456,e9f08b0e-f169-4993-b125-a5ea3d004c1f,2025-03-13 13:45:59.960352,completed,Google Pay,6.27,,0.0,,False,3924.03,3930.3
ORD-001457,e9f08b0e-f169-4993-b125-a5ea3d004c1f,2025-05-21 14:08:15.300070,completed,Credit Card,15.96,,0.0,,False,4824.86,4840.82
ORD-001458,e9f08b0e-f169-4993-b125-a5ea3d004c1f,2025-04-16 16:51:39.351547,shipped,PayPal,15.32,TYPE,22.17,,False,613.22,606.37
ORD-001459,3cf71f1c-67b7-4b07-a442-b54058cf1531,2024-07-15 10:09:54.559856,shipped,Credit Card,18.75,FUND,24.13,,False,2487.68,2482.3
ORD-001460,44b0826a-0d13-451d-b3c0-6222b114768b,2023-06-24 14:39:20.308676,completed,Bank Transfer,15.93,,0.0,,False,842.37,858.3
ORD-001461,44b0826a-0d13-451d-b3c0-6222b114768b,2024-06-29 01:10:57.080737,cancelled,Bank Transfer,14.0,,0.0,Damaged,False,2117.13,2131.13
ORD-001462,44b0826a-0d13-451d-b3c0-6222b114768b,2024-03-30 00:01:39.190223,completed,PayPal,19.63,LETTER,7.29,,False,1190.74,1203.08
ORD-001463,b9dc1d22-1ed4-4985-9c84-caad2eaabcb1,2025-01-03 07:50:06.986246,completed,PayPal,19.99,HOTEL,15.17,,False,2713.89,2718.71
ORD-001464,596bf44d-baeb-4c22-9fcd-d430dea9e472,2025-05-21 15:39:55.814549,completed,Google Pay,6.26,,0.0,,False,6354.5,6360.76
ORD-001465,596bf44d-baeb-4c22-9fcd-d430dea9e472,2025-05-17 21:03:07.075738,completed,Apple Pay,12.87,THIRD,27.79,,False,716.92,702.0
ORD-001466,383bd153-a434-4c6f-b550-449fc9f06a3d,2024-10-10 10:58:37.424785,completed,Apple Pay,10.02,,0.0,,False,3526.27,3536.29
ORD-001467,383bd153-a434-4c6f-b550-449fc9f06a3d,2023-12-25 23:19:50.070048,completed,PayPal,15.94,,0.0,,False,5327.99,5343.93
ORD-001468,69ca92b1-6a7c-433f-9305-349e9f16824e,2024-11-21 02:18:20.035681,shipped,PayPal,5.87,,0.0,,False,893.78,899.65
ORD-001469,69ca92b1-6a7c-433f-9305-349e9f16824e,2023-03-02 13:57:23.668540,completed,Apple Pay,14.59,,0.0,,False,657.93,672.52
ORD-001470,78b86938-23a1-441e-8e48-f275db2df919,2024-02-06 01:49:51.567285,completed,PayPal,8.47,,0.0,,False,986.35,994.82
ORD-001471,27043086-03b2-4a25-aaa1-4c21f05117f0,2024-07-12 10:50:25.495605,completed,Apple Pay,8.23,,0.0,,False,1235.66,1243.89
ORD-001472,c6768ddf-a0a7-4e6f-ad78-29eab5374d7e,2024-01-18 01:19:22.055761,completed,Bank Transfer,11.27,FILL,28.34,,False,2171.88,2154.81
ORD-001473,c6768ddf-a0a7-4e6f-ad78-29eab5374d7e,2025-04-27 01:33:17.570059,returned,Credit Card,14.46,,0.0,Changed mind,False,3042.59,3057.05
ORD-001474,c6768ddf-a0a7-4e6f-ad78-29eab5374d7e,2024-04-20 14:05:53.487096,completed,Credit Card,15.41,UNDERSTAND,8.22,,False,660.76,667.95
ORD-001475,1791e55d-4809-4c65-9832-b7e9cbf55bc1,2024-07-21 08:55:52.793918,completed,Google Pay,18.12,AGENT,27.12,,False,2252.02,2243.02
ORD-001476,b1f4191d-cb21-4c96-a0f2-7715cd8c2641,2025-04-17 22:36:22.885873,completed,Apple Pay,15.27,ORDER,28.51,,False,999.81,986.57
ORD-001477,699b9284-1f3b-41c4-aebc-9cf248bb09b1,2024-04-19 06:26:33.358511,completed,Bank Transfer,10.11,SAVE,15.74,,False,3588.74,3583.11
ORD-001478,699b9284-1f3b-41c4-aebc-9cf248bb09b1,2024-01-04 13:24:17.870048,processing,Apple Pay,19.76,,0.0,,False,4044.97,4064.73
ORD-001479,93399bbd-5915-4ba3-aee5-05d2bb692b52,2024-12-09 04:38:30.285183,completed,Google Pay,12.92,,0.0,,False,1289.96,1302.88
ORD-001480,45aa44bc-002a-4282-b65b-d4e04c83ad8b,2023-01-31 19:53:10.491116,processing,Credit Card,18.69,,0.0,,False,4708.67,4727.36
ORD-001481,75133bad-13c6-41b3-b64a-4de22d61d7fd,2024-06-17 22:01:11.296803,completed,PayPal,15.37,HERE,25.56,,False,6762.52,6752.33
ORD-001482,75133bad-13c6-41b3-b64a-4de22d61d7fd,2023-12-29 03:47:28.019563,completed,Apple Pay,19.88,,0.0,,False,2590.05,2609.93
ORD-001483,e291f3ac-f102-4711-a4e8-6e78b1945b80,2024-01-27 05:08:28.991148,completed,Apple Pay,19.14,,0.0,,False,7052.16,7071.3
ORD-001484,60ce1cbf-bed3-4d1a-8350-9f61a6efa063,2024-12-20 09:47:35.668928,processing,Bank Transfer,19.72,,0.0,,False,6532.04,6551.76
ORD-001485,60ce1cbf-bed3-4d1a-8350-9f61a6efa063,2025-05-03 18:53:06.367439,completed,Bank Transfer,5.32,,0.0,,False,2531.94,2537.26
ORD-001486,60ce1cbf-bed3-4d1a-8350-9f61a6efa063,2023-09-16 09:22:39.479271,completed,Google Pay,17.59,,0.0,,False,2741.14,2758.73
ORD-001487,60ce1cbf-bed3-4d1a-8350-9f61a6efa063,2024-01-14 13:45:55.220958,cancelled,Credit Card,13.4,,0.0,Wrong item,False,4273.46,4286.86
ORD-001488,60ce1cbf-bed3-4d1a-8350-9f61a6efa063,2023-12-26 10:06:07.192014,completed,Bank Transfer,19.59,HIT,16.05,,False,2578.11,2581.65
ORD-001489,1c36ff9d-112f-4a21-b72e-7667a4f38f64,2025-05-04 03:20:41.488475,completed,Google Pay,14.1,,0.0,,False,6993.95,7008.05
ORD-001490,1c36ff9d-112f-4a21-b72e-7667a4f38f64,2024-01-06 10:45:54.633009,completed,PayPal,18.31,COACH,8.56,,False,5592.04,5601.79
ORD-001491,1c36ff9d-112f-4a21-b72e-7667a4f38f64,2023-10-30 16:14:52.226787,completed,Google Pay,8.99,,0.0,,False,6259.47,6268.46
ORD-001492,ca84ca25-c02f-47a2-8635-3a342015507e,2025-05-14 06:14:53.766043,completed,PayPal,6.47,,0.0,,False,837.77,844.24
ORD-001493,9e22304e-c85b-4c7a-89ce-041f83966d5d,2025-07-02 04:10:43.008760,completed,Apple Pay,19.71,,0.0,,False,2054.85,2074.56
ORD-001494,fb2eed36-9536-4cdb-af9b-03537090d8e8,2024-09-18 08:03:40.157319,returned,Google Pay,16.6,,0.0,Wrong item,False,1975.96,1992.56
ORD-001495,edd9102f-6731-4268-9b73-c1530e1869d3,2025-07-06 07:54:38.026826,completed,Google Pay,8.36,THROUGHOUT,26.31,,False,3885.64,3867.69
ORD-001496,7f32dc36-dd88-4e0f-a5f4-c720b900eee0,2023-06-27 00:07:26.771496,completed,Apple Pay,6.13,,0.0,,False,5563.08,5569.21
ORD-001497,7f32dc36-dd88-4e0f-a5f4-c720b900eee0,2024-03-19 00:25:09.444577,completed,Credit Card,14.45,ANYTHING,23.44,,False,1808.06,1799.07
ORD-001498,b509ce76-f6ac-4dc0-82f0-ea4e5d3bc1c2,2025-04-06 07:13:38.644802,completed,PayPal,7.66,,0.0,,False,2323.44,2331.1
ORD-001499,b509ce76-f6ac-4dc0-82f0-ea4e5d3bc1c2,2024-07-18 08:52:28.216555,completed,Bank Transfer,7.15,,0.0,,False,1719.43,1726.58
ORD-001500,f8a57df6-9d55-4af6-a3d9-292a52a17c85,2025-05-27 06:27:23.345886,completed,Credit Card,11.61,,0.0,,False,5388.74,5400.35
ORD-001501,f8a57df6-9d55-4af6-a3d9-292a52a17c85,2024-04-06 14:12:16.380082,completed,PayPal,13.94,,0.0,,False,4103.81,4117.75
ORD-001502,f8a57df6-9d55-4af6-a3d9-292a52a17c85,2025-02-04 22:40:57.891577,completed,PayPal,14.03,,0.0,,False,2812.82,2826.85
ORD-001503,f8a57df6-9d55-4af6-a3d9-292a52a17c85,2024-03-16 05:36:16.675790,completed,PayPal,7.93,BASE,10.8,,False,666.46,663.59
ORD-001504,8bb90913-7ef3-4b2e-898c-99f3999f8830,2025-06-14 15:24:12.824565,completed,Bank Transfer,18.74,,0.0,,False,4683.74,4702.48
ORD-001505,1480e4d3-77c3-4701-86d2-17daae32092d,2024-11-26 07:06:15.151252,completed,Credit Card,5.01,CHURCH,23.76,,False,2127.9,2109.15
ORD-001506,1bffe839-bfd4-40f4-b755-b72a62153ddb,2024-06-01 21:50:26.336116,shipped,Bank Transfer,12.44,,0.0,,False,1185.2,1197.64
ORD-001507,75641969-48f3-4683-9c6f-cad625ffa79b,2025-04-10 23:14:01.564018,shipped,Google Pay,9.61,,0.0,,False,724.91,734.52
ORD-001508,1a9adb05-3332-4cc6-98f4-32b2678216ea,2024-03-01 18:30:00.786554,processing,Apple Pay,9.41,WHOLE,25.44,,False,2495.2,2479.17
ORD-001509,1a9adb05-3332-4cc6-98f4-32b2678216ea,2023-12-29 10:39:16.621768,returned,PayPal,13.01,,0.0,Delayed shipping,False,2355.93,2368.94
ORD-001510,a97f2109-935f-4a1f-9344-97972bbb3776,2025-05-31 02:34:43.525589,completed,Credit Card,18.17,,0.0,,False,5311.6,5329.77
ORD-001511,27ff9a88-b107-44f9-8c32-3240db8c23f3,2025-05-30 13:40:58.519103,completed,Apple Pay,17.45,,0.0,,False,4525.13,4542.58
ORD-001512,89c668bb-b94a-406b-8036-24d26e7e3d91,2024-12-29 15:49:26.693265,completed,Apple Pay,7.66,,0.0,,False,2113.18,2120.84
ORD-001513,fe99cafa-bd8e-4278-ba5a-814db533a2e1,2025-03-03 06:02:36.700247,completed,PayPal,5.34,,0.0,,False,6792.75,6798.09
ORD-001514,fe99cafa-bd8e-4278-ba5a-814db533a2e1,2024-06-26 17:54:46.610826,completed,Google Pay,11.08,,0.0,,False,639.22,650.3
ORD-001515,fe99cafa-bd8e-4278-ba5a-814db533a2e1,2024-05-09 16:08:51.224440,completed,Bank Transfer,7.15,,0.0,,False,1586.73,1593.88
ORD-001516,1ebb2dab-f690-46b7-bb54-8e63d8c3e38b,2025-07-01 01:35:33.731858,shipped,Credit Card,7.39,,0.0,,False,2413.34,2420.73
ORD-001517,1ebb2dab-f690-46b7-bb54-8e63d8c3e38b,2025-07-04 04:59:47.052947,completed,Credit Card,11.07,TRIAL,6.82,,False,1078.63,1082.88
ORD-001518,8186ed29-3b65-402a-a92f-982020f700ed,2025-06-22 15:25:42.972622,completed,PayPal,10.97,,0.0,,False,7586.18,7597.15
ORD-001519,93dbea0c-64ec-44e5-b13c-ea5793bfaedf,2024-11-09 16:49:52.746402,completed,Bank Transfer,18.02,,0.0,,False,1130.58,1148.6
ORD-001520,973af5b0-1d2c-4406-8a17-d0001a3552de,2025-03-06 20:55:24.614955,completed,PayPal,15.38,YEAR,26.04,,False,4724.28,4713.62
ORD-001521,973af5b0-1d2c-4406-8a17-d0001a3552de,2025-01-31 16:59:48.789351,processing,Bank Transfer,10.07,,0.0,,False,3417.12,3427.19
ORD-001522,4cd06305-4ead-418c-bb61-42473bd6af07,2023-12-19 09:49:38.957878,processing,Bank Transfer,11.62,,0.0,,False,1058.0,1069.62
ORD-001523,f0195467-7cf9-4164-bbeb-ba31166f934d,2024-07-13 08:01:37.712236,completed,Apple Pay,12.16,,0.0,,False,2338.41,2350.57
ORD-001524,9473af7b-977c-4a12-a473-0f0a688a6796,2025-06-21 23:43:38.511696,completed,Bank Transfer,16.7,,0.0,,False,2061.66,2078.36
ORD-001525,9473af7b-977c-4a12-a473-0f0a688a6796,2025-01-17 11:44:54.910420,completed,Apple Pay,19.6,,0.0,,False,7004.48,7024.08
ORD-001526,9473af7b-977c-4a12-a473-0f0a688a6796,2024-06-03 15:34:04.423324,completed,Bank Transfer,6.94,,0.0,,False,1396.58,1403.52
ORD-001527,9473af7b-977c-4a12-a473-0f0a688a6796,2025-04-01 06:31:18.489061,returned,Apple Pay,12.98,,0.0,Found better price,False,358.64,371.62
ORD-001528,9473af7b-977c-4a12-a473-0f0a688a6796,2024-08-25 21:05:31.175069,completed,PayPal,15.24,,0.0,,False,1639.05,1654.29
ORD-001529,4ef7cb8c-f9d6-4a1a-aa26-5d16e9334f32,2024-11-13 20:46:44.933578,cancelled,Google Pay,10.85,,0.0,Changed mind,False,3725.41,3736.26
ORD-001530,4ef7cb8c-f9d6-4a1a-aa26-5d16e9334f32,2024-02-15 15:58:00.609474,returned,PayPal,18.5,START,23.66,Damaged,False,2306.23,2301.07
ORD-001531,4ef7cb8c-f9d6-4a1a-aa26-5d16e9334f32,2023-11-29 15:42:29.793395,completed,PayPal,7.11,,0.0,,False,5141.69,5148.8
ORD-001532,4ef7cb8c-f9d6-4a1a-aa26-5d16e9334f32,2024-10-20 12:35:46.927423,shipped,Bank Transfer,17.45,SEVERAL,28.52,,False,6610.24,6599.17
ORD-001533,62849a40-fd08-4106-bca0-f55c61ad18ab,2024-09-29 10:00:19.160255,completed,Bank Transfer,10.07,,0.0,,False,2801.24,2811.31
ORD-001534,62849a40-fd08-4106-bca0-f55c61ad18ab,2025-01-29 09:26:12.012142,processing,Google Pay,15.42,,0.0,,False,5352.0,5367.42
ORD-001535,2e2a8ce5-5107-40db-9a92-ab1dbf08e971,2025-06-11 15:46:22.821113,returned,Apple Pay,14.69,,0.0,Damaged,False,8441.49,8456.18
ORD-001536,bd36e85c-b40d-4431-bbe8-20ace1f7cd7f,2025-05-07 16:53:09.499577,completed,Google Pay,8.36,GAS,20.7,,False,743.64,731.3
ORD-001537,bd36e85c-b40d-4431-bbe8-20ace1f7cd7f,2025-05-27 15:32:28.363282,completed,PayPal,17.36,SPACE,25.81,,False,1751.03,1742.58
ORD-001538,bd36e85c-b40d-4431-bbe8-20ace1f7cd7f,2024-12-08 21:10:52.938571,completed,Bank Transfer,5.57,,0.0,,False,2957.3,2962.87
ORD-001539,ffeb7347-abe4-4f13-befb-fb3137a62bd3,2025-07-06 03:10:33.351765,completed,Credit Card,6.61,,0.0,,False,1095.0,1101.61
ORD-001540,ffeb7347-abe4-4f13-befb-fb3137a62bd3,2025-07-01 18:11:02.265340,completed,PayPal,18.29,,0.0,,False,6788.2,6806.49
ORD-001541,91f7968a-efb1-4dc6-9741-df64cdfc442d,2025-04-02 23:34:40.952643,completed,Bank Transfer,19.4,INDEED,26.17,,False,2081.86,2075.09
ORD-001542,91f7968a-efb1-4dc6-9741-df64cdfc442d,2023-05-04 18:32:46.386564,processing,Apple Pay,16.89,ANYTHING,13.85,,False,3339.94,3342.98
ORD-001543,91f7968a-efb1-4dc6-9741-df64cdfc442d,2024-03-07 05:02:44.511707,returned,Google Pay,17.52,,0.0,Delayed shipping,False,911.36,928.88
ORD-001544,91f7968a-efb1-4dc6-9741-df64cdfc442d,2025-02-17 12:55:11.999457,completed,Credit Card,8.53,,0.0,,False,5335.27,5343.8
ORD-001545,91f7968a-efb1-4dc6-9741-df64cdfc442d,2023-08-11 04:57:50.115286,completed,Credit Card,13.75,,0.0,,False,1987.56,2001.31
ORD-001546,91f7968a-efb1-4dc6-9741-df64cdfc442d,2024-07-13 22:34:48.817168,processing,Bank Transfer,19.75,,0.0,,False,2636.06,2655.81
ORD-001547,1a59c8ca-54b3-466d-944f-a604b05e8e6c,2024-07-21 11:31:37.227936,cancelled,Credit Card,9.76,,0.0,Changed mind,False,6648.79,6658.55
ORD-001548,1a59c8ca-54b3-466d-944f-a604b05e8e6c,2025-03-10 00:53:00.158668,completed,Apple Pay,5.38,,0.0,,False,857.72,863.1
ORD-001549,1a59c8ca-54b3-466d-944f-a604b05e8e6c,2024-09-12 11:36:02.340298,completed,Google Pay,17.02,,0.0,,False,541.44,558.46
ORD-001550,caf7aac0-e2d7-48e5-915f-32388d45a943,2025-06-18 14:08:16.615630,processing,Apple Pay,8.55,,0.0,,False,178.72,187.27
ORD-001551,cc0a0ae3-fe0b-4c9f-b0de-37400f2dbe5e,2025-02-23 02:39:06.488269,returned,PayPal,6.04,SELL,13.5,Damaged,False,2664.48,2657.02
ORD-001552,cc0a0ae3-fe0b-4c9f-b0de-37400f2dbe5e,2024-07-21 20:59:21.441996,shipped,PayPal,14.5,,0.0,,False,2469.47,2483.97
ORD-001553,8095dcb7-8068-44b8-b27e-68d59237ac17,2025-04-09 13:27:07.785685,completed,Google Pay,12.8,,0.0,,False,6921.55,6934.35
ORD-001554,2006ab22-b081-4b01-8eb1-5dd5c1a48afe,2025-05-25 23:03:13.607732,completed,PayPal,8.33,,0.0,,False,5677.59,5685.92
ORD-001555,2006ab22-b081-4b01-8eb1-5dd5c1a48afe,2025-01-23 08:17:25.042498,completed,Google Pay,19.77,,0.0,,False,1433.03,1452.8
ORD-001556,2006ab22-b081-4b01-8eb1-5dd5c1a48afe,2025-03-19 16:49:42.789303,completed,Credit Card,17.12,A,8.34,,False,527.76,536.54
ORD-001557,3cba8223-eb8c-4d8d-87e3-98239baf9856,2025-07-01 04:45:25.677990,cancelled,Google Pay,7.15,,0.0,Wrong item,False,2656.14,2663.29
ORD-001558,89bf99bb-1782-4258-a6ab-7173c14f0e13,2024-04-27 08:53:34.115165,completed,PayPal,6.39,,0.0,,False,111.83,118.22
ORD-001559,89bf99bb-1782-4258-a6ab-7173c14f0e13,2024-03-22 05:19:24.588748,shipped,Bank Transfer,11.23,,0.0,,False,899.76,910.99
ORD-001560,89bf99bb-1782-4258-a6ab-7173c14f0e13,2024-11-22 14:24:08.813699,completed,Apple Pay,7.48,,0.0,,False,5418.66,5426.14
ORD-001561,89bf99bb-1782-4258-a6ab-7173c14f0e13,2024-05-17 06:13:31.261594,completed,Apple Pay,10.45,,0.0,,False,4463.76,4474.21
ORD-001562,2c778b8c-0380-48f0-892c-8fc51341e0e1,2025-07-04 01:32:16.398528,completed,Credit Card,16.63,,0.0,,False,5711.01,5727.64
ORD-001563,2c778b8c-0380-48f0-892c-8fc51341e0e1,2025-07-06 20:16:11.732869,completed,Credit Card,15.77,,0.0,,False,3148.2,3163.97
ORD-001564,2c778b8c-0380-48f0-892c-8fc51341e0e1,2025-06-29 14:57:45.816781,completed,Bank Transfer,13.47,,0.0,,False,509.78,523.25
ORD-001565,fae4a7d2-18d8-4b5e-8988-b083a8d69230,2024-10-04 10:49:02.695230,returned,Apple Pay,19.33,,0.0,Found better price,False,1614.93,1634.26
ORD-001566,2c2f65ff-7fd1-48a2-8b04-82879bbfaf95,2024-11-28 04:41:07.787904,completed,Bank Transfer,15.99,,0.0,,False,3438.6,3454.59
ORD-001567,2c2f65ff-7fd1-48a2-8b04-82879bbfaf95,2025-03-31 18:36:11.858970,processing,PayPal,8.67,,0.0,,False,5956.85,5965.52
ORD-001568,7522763f-56a5-4c8e-975a-2e98929a775a,2024-05-18 23:21:31.609815,completed,Google Pay,8.28,,0.0,,False,2684.15,2692.43
ORD-001569,3e95aea3-69b4-4f2f-9fe0-331cfdb5993c,2025-04-13 12:51:17.668827,processing,Apple Pay,19.3,,0.0,,False,287.17,306.47
ORD-001570,3e95aea3-69b4-4f2f-9fe0-331cfdb5993c,2024-08-26 22:31:27.788352,completed,Bank Transfer,14.05,,0.0,,False,4340.41,4354.46
ORD-001571,3e95aea3-69b4-4f2f-9fe0-331cfdb5993c,2024-06-06 07:05:20.374053,completed,Bank Transfer,12.91,,0.0,,False,11.43,24.34
ORD-001572,3e95aea3-69b4-4f2f-9fe0-331cfdb5993c,2025-06-05 05:28:27.642104,completed,Apple Pay,18.43,,0.0,,False,5714.95,5733.38
ORD-001573,3e95aea3-69b4-4f2f-9fe0-331cfdb5993c,2024-04-22 09:53:26.891044,completed,Apple Pay,10.46,,0.0,,False,915.78,926.24
ORD-001574,3e95aea3-69b4-4f2f-9fe0-331cfdb5993c,2025-04-24 07:31:15.484765,completed,Bank Transfer,5.56,CARD,24.02,,False,6167.07,6148.61
ORD-001575,9dc18164-c244-42f8-bbe1-ad3da2928e84,2025-05-21 19:32:09.212454,completed,Credit Card,15.25,,0.0,,False,1927.13,1942.38
ORD-001576,9dc18164-c244-42f8-bbe1-ad3da2928e84,2024-12-25 22:55:14.309693,completed,Google Pay,5.91,,0.0,,False,532.02,537.93
ORD-001577,9dc18164-c244-42f8-bbe1-ad3da2928e84,2025-04-01 10:54:58.702911,completed,Credit Card,19.67,HOLD,14.7,,False,2700.87,2705.84
ORD-001578,060f1269-0ec9-4fcc-b4ee-c8af88c61a7b,2025-05-07 15:28:45.409919,processing,Apple Pay,13.61,BUSINESS,6.66,,False,3334.97,3341.92
ORD-001579,9f0c5466-4b53-4eb9-8a04-b0fd8440fa93,2025-02-04 16:32:55.019969,shipped,Apple Pay,18.01,ITSELF,8.73,,False,3405.21,3414.49
ORD-001580,e489502e-e929-4f9a-9fcd-1ea1fc4b3929,2023-09-14 13:52:04.107471,completed,Credit Card,14.81,,0.0,,False,1008.1,1022.91
ORD-001581,e489502e-e929-4f9a-9fcd-1ea1fc4b3929,2023-06-17 08:53:35.694215,processing,PayPal,13.65,,0.0,,False,613.25,626.9
ORD-001582,e489502e-e929-4f9a-9fcd-1ea1fc4b3929,2022-08-25 07:23:23.296603,completed,Credit Card,12.5,,0.0,,False,252.09,264.59
ORD-001583,fa19b032-7c79-4d20-91ed-957706de83fc,2024-04-04 09:26:33.187667,completed,Apple Pay,14.5,,0.0,,False,535.01,549.51
ORD-001584,c2d89b96-14c8-4677-9bd9-fc44c436082e,2024-10-31 07:21:10.029557,processing,Bank Transfer,18.0,,0.0,,False,2316.28,2334.28
ORD-001585,c2d89b96-14c8-4677-9bd9-fc44c436082e,2023-05-13 22:55:49.766127,processing,PayPal,6.74,,0.0,,False,997.5,1004.24
ORD-001586,e460f408-d1c9-4e9b-942a-563d4605daae,2025-06-15 05:44:49.184954,completed,Apple Pay,5.63,,0.0,,False,1276.68,1282.31
ORD-001587,e460f408-d1c9-4e9b-942a-563d4605daae,2025-06-12 15:43:54.100365,cancelled,Credit Card,10.14,,0.0,Found better price,False,5237.44,5247.58
ORD-001588,99295971-1273-4440-9dff-e48627100baf,2025-03-22 02:47:06.782507,completed,Google Pay,10.06,,0.0,,False,2427.86,2437.92
ORD-001589,99295971-1273-4440-9dff-e48627100baf,2025-04-18 20:40:05.396969,completed,Google Pay,16.65,SON,24.11,,False,2279.32,2271.86
ORD-001590,99295971-1273-4440-9dff-e48627100baf,2025-05-20 05:18:58.712641,completed,Credit Card,14.38,RANGE,13.43,,False,1246.65,1247.6
ORD-001591,16fc8e31-6f6a-4ddf-8dbe-e46455b3062a,2024-12-11 13:40:37.526111,completed,PayPal,19.73,INDIVIDUAL,12.17,,False,1432.94,1440.5
ORD-001592,16fc8e31-6f6a-4ddf-8dbe-e46455b3062a,2023-06-03 11:28:27.519946,completed,Apple Pay,17.7,,0.0,,False,1874.71,1892.41
ORD-001593,18eb1a16-de7e-42f9-9418-902186832fa4,2024-06-04 12:07:02.278549,completed,PayPal,17.08,DREAM,21.67,,False,4584.14,4579.55
ORD-001594,18eb1a16-de7e-42f9-9418-902186832fa4,2025-05-30 15:28:34.318283,cancelled,Apple Pay,7.86,,0.0,Damaged,False,2954.42,2962.28
ORD-001595,1f6ffd9e-421f-4cef-8daf-95e031dab673,2024-04-01 02:51:44.414569,processing,Apple Pay,16.68,INSIDE,29.75,,False,1345.02,1331.95
ORD-001596,1f6ffd9e-421f-4cef-8daf-95e031dab673,2024-08-11 13:41:21.800486,completed,Apple Pay,14.21,,0.0,,False,2270.61,2284.82
ORD-001597,653d8d2c-770e-4c9d-abda-5529efb08429,2025-05-16 13:34:47.233758,completed,Credit Card,13.86,,0.0,,False,1602.37,1616.23
ORD-001598,653d8d2c-770e-4c9d-abda-5529efb08429,2025-06-27 01:13:05.958119,shipped,Apple Pay,18.52,,0.0,,False,4417.63,4436.15
ORD-001599,653d8d2c-770e-4c9d-abda-5529efb08429,2025-05-16 09:01:56.512006,processing,PayPal,15.65,JUST,11.24,,False,275.82,280.23
ORD-001600,44d3f528-a136-4c17-8f51-254a4b102000,2025-06-20 13:17:10.193888,completed,PayPal,18.62,,0.0,,False,3536.87,3555.49
ORD-001601,44d3f528-a136-4c17-8f51-254a4b102000,2024-08-02 18:16:05.219223,completed,Google Pay,10.56,,0.0,,False,1572.8,1583.36
ORD-001602,0c7ce1b1-2806-450d-94bb-82e70ced75d3,2023-06-02 15:35:58.056503,returned,Credit Card,6.6,,0.0,Found better price,False,1513.4,1520.0
ORD-001603,5c313180-bfa5-4528-8ee5-774d08cfe886,2024-09-22 18:32:17.612123,cancelled,Bank Transfer,16.96,,0.0,Changed mind,False,489.22,506.18
ORD-001604,5c313180-bfa5-4528-8ee5-774d08cfe886,2023-07-18 07:06:53.744289,shipped,Credit Card,18.67,,0.0,,False,4432.92,4451.59
ORD-001605,342b5d21-ebc6-4e38-adf5-02dab858af0f,2024-08-13 22:21:14.346119,completed,Bank Transfer,6.46,,0.0,,False,3752.43,3758.89
ORD-001606,342b5d21-ebc6-4e38-adf5-02dab858af0f,2024-08-01 14:20:00.962058,shipped,PayPal,10.14,WHERE,7.11,,False,4437.34,4440.37
ORD-001607,342b5d21-ebc6-4e38-adf5-02dab858af0f,2024-08-20 12:12:34.330799,completed,Apple Pay,9.32,,0.0,,False,1962.48,1971.8
ORD-001608,7cbd383c-904a-423c-bcde-4e7ed06a61c5,2024-08-25 16:56:01.737047,completed,Apple Pay,5.26,,0.0,,False,3038.78,3044.04
ORD-001609,7cbd383c-904a-423c-bcde-4e7ed06a61c5,2024-02-06 09:41:13.373142,processing,Bank Transfer,13.94,,0.0,,False,2429.48,2443.42
ORD-001610,fc68a0c1-ccb5-415c-943b-78cb3052d065,2025-02-20 03:08:37.198501,completed,Credit Card,15.07,,0.0,,False,3623.08,3638.15
ORD-001611,67d08ab0-005d-4548-84b9-3d90e3b05030,2025-05-13 12:17:41.716310,completed,Apple Pay,17.57,,0.0,,False,4612.4,4629.97
ORD-001612,67d08ab0-005d-4548-84b9-3d90e3b05030,2025-05-27 06:20:25.236825,completed,Bank Transfer,5.28,ME,11.65,,False,4260.83,4254.46
ORD-001613,67d08ab0-005d-4548-84b9-3d90e3b05030,2025-04-16 02:58:26.654407,returned,Google Pay,13.83,,0.0,Changed mind,False,663.26,677.09
ORD-001614,0a83b443-ca67-4eb0-940c-d106aae24944,2025-06-25 12:52:27.751969,completed,Credit Card,16.24,THROW,10.9,,False,5183.95,5189.29
ORD-001615,0a83b443-ca67-4eb0-940c-d106aae24944,2024-07-04 21:14:33.366682,completed,PayPal,19.96,HE,24.61,,False,1860.88,1856.23
ORD-001616,0a83b443-ca67-4eb0-940c-d106aae24944,2024-03-22 00:09:01.587915,completed,Bank Transfer,12.53,,0.0,,False,2156.43,2168.96
ORD-001617,23c1639b-597b-45d9-bc56-da27e9e3a0d8,2023-12-31 03:20:33.406228,returned,Bank Transfer,12.94,,0.0,Delayed shipping,False,3260.33,3273.27
ORD-001618,23c1639b-597b-45d9-bc56-da27e9e3a0d8,2024-06-06 08:16:44.551685,processing,Bank Transfer,15.28,,0.0,,False,4265.25,4280.53
ORD-001619,e791da14-6741-4e2a-a5bc-33b0512e71e9,2022-09-21 10:40:47.983035,completed,Google Pay,9.3,BLOOD,17.0,,False,2220.42,2212.72
ORD-001620,7a0b3509-8dc8-4710-a594-d9d88eabaf90,2024-03-20 09:32:29.565075,completed,Bank Transfer,16.05,,0.0,,False,6226.11,6242.16
ORD-001621,7a0b3509-8dc8-4710-a594-d9d88eabaf90,2025-01-28 22:55:08.458369,completed,Apple Pay,11.46,,0.0,,False,1042.53,1053.99
ORD-001622,7a0b3509-8dc8-4710-a594-d9d88eabaf90,2024-05-28 05:29:44.790103,completed,Google Pay,17.3,,0.0,,False,1194.96,1212.26
ORD-001623,7a0b3509-8dc8-4710-a594-d9d88eabaf90,2024-01-12 21:50:02.053607,completed,Credit Card,14.91,,0.0,,False,1268.33,1283.24
ORD-001624,7a0b3509-8dc8-4710-a594-d9d88eabaf90,2024-04-29 21:23:08.204467,shipped,Apple Pay,15.27,,0.0,,False,3588.65,3603.92
ORD-001625,7a0b3509-8dc8-4710-a594-d9d88eabaf90,2024-10-15 04:44:56.646981,completed,PayPal,13.06,,0.0,,False,3802.24,3815.3
ORD-001626,a77a6ff2-9279-47e5-abfb-3ad3fcbe086f,2023-09-08 17:09:31.817709,shipped,PayPal,9.56,INTERNATIONAL,23.95,,False,6864.33,6849.94
ORD-001627,a77a6ff2-9279-47e5-abfb-3ad3fcbe086f,2024-04-08 04:15:31.010686,completed,Bank Transfer,18.99,,0.0,,False,866.88,885.87
ORD-001628,a77a6ff2-9279-47e5-abfb-3ad3fcbe086f,2024-10-16 09:01:22.096927,completed,Credit Card,5.7,,0.0,,False,6422.64,6428.34
ORD-001629,a77a6ff2-9279-47e5-abfb-3ad3fcbe086f,2024-04-17 00:15:53.502992,completed,PayPal,6.37,,0.0,,False,565.17,571.54
ORD-001630,a77a6ff2-9279-47e5-abfb-3ad3fcbe086f,2024-04-03 00:54:55.416320,completed,PayPal,12.5,,0.0,,False,3293.83,3306.33
ORD-001631,a77a6ff2-9279-47e5-abfb-3ad3fcbe086f,2024-05-01 10:29:07.854546,completed,Credit Card,15.89,,0.0,,False,4495.22,4511.11
ORD-001632,268e96b0-7845-4ab6-849c-227180e40c8f,2024-12-04 05:01:27.494317,completed,Credit Card,16.86,,0.0,,False,2649.35,2666.21
ORD-001633,268e96b0-7845-4ab6-849c-227180e40c8f,2024-04-13 08:11:59.157119,completed,PayPal,15.11,,0.0,,False,7722.84,7737.95
ORD-001634,268e96b0-7845-4ab6-849c-227180e40c8f,2025-03-03 20:57:10.225549,completed,Apple Pay,10.97,SON,6.13,,False,6044.83,6049.67
ORD-001635,2e4a210f-39ba-4e81-9802-9c606f809f41,2025-06-29 03:51:12.389457,returned,Apple Pay,8.98,,0.0,Delayed shipping,False,605.05,614.03
ORD-001636,2e4a210f-39ba-4e81-9802-9c606f809f41,2025-07-04 07:48:46.634660,cancelled,Credit Card,6.53,ALTHOUGH,29.53,Delayed shipping,False,3972.69,3949.69
ORD-001637,2e4a210f-39ba-4e81-9802-9c606f809f41,2025-07-02 12:07:24.097273,shipped,Google Pay,5.01,,0.0,,False,1998.11,2003.12
ORD-001638,ed248e55-58ba-4e4d-b013-49373788a194,2025-03-28 01:58:31.368233,completed,Credit Card,8.42,SMILE,15.9,,False,4045.19,4037.71
ORD-001639,ed248e55-58ba-4e4d-b013-49373788a194,2025-04-01 06:03:42.590945,processing,PayPal,5.33,,0.0,,False,1685.04,1690.37
ORD-001640,639c6d17-f85d-4811-a4a8-7605b64bb424,2024-01-30 08:55:08.089634,completed,Bank Transfer,19.98,CLASS,27.4,,False,1679.84,1672.42
ORD-001641,06261539-4e66-43a5-bb2c-f2d13e3e1ebc,2025-05-10 20:29:08.378002,shipped,PayPal,7.45,,0.0,,False,147.42,154.87
ORD-001642,5b664848-4adc-4284-8edf-25e2a9450162,2023-09-22 06:40:23.012373,completed,Bank Transfer,15.8,,0.0,,False,3109.5,3125.3
ORD-001643,d3dec841-7a9b-4343-85db-ff7b5422829b,2024-09-22 08:22:03.550471,shipped,Bank Transfer,6.42,,0.0,,False,41.38,47.8
ORD-001644,d0e8cf92-e49e-4e19-8990-8ae13b6093b0,2024-05-17 07:05:47.466925,completed,Google Pay,19.34,,0.0,,False,3537.94,3557.28
ORD-001645,d0e8cf92-e49e-4e19-8990-8ae13b6093b0,2024-12-13 23:14:32.900181,completed,Apple Pay,9.1,,0.0,,False,6160.23,6169.33
ORD-001646,d0e8cf92-e49e-4e19-8990-8ae13b6093b0,2024-01-09 13:07:54.616047,processing,Credit Card,12.74,,0.0,,False,7880.82,7893.56
ORD-001647,d0e8cf92-e49e-4e19-8990-8ae13b6093b0,2023-10-08 11:13:30.335548,completed,Apple Pay,13.27,WHO,6.99,,False,1291.88,1298.16
ORD-001648,4ae7e716-4470-4acc-b813-823b9cad6832,2023-12-26 07:42:19.949355,shipped,Apple Pay,18.79,,0.0,,False,4111.07,4129.86
ORD-001649,4ae7e716-4470-4acc-b813-823b9cad6832,2024-10-14 13:53:58.348144,returned,Credit Card,13.73,,0.0,Wrong item,False,5690.03,5703.76
ORD-001650,4ae7e716-4470-4acc-b813-823b9cad6832,2024-02-19 16:58:43.146907,completed,Google Pay,9.7,,0.0,,False,149.16,158.86
ORD-001651,270f4c89-1815-48df-ad23-baeca1430187,2023-09-02 19:09:20.827864,shipped,Apple Pay,15.84,,0.0,,False,1819.95,1835.79
ORD-001652,270f4c89-1815-48df-ad23-baeca1430187,2023-04-03 06:16:48.398754,completed,Bank Transfer,19.92,ACTUALLY,28.22,,False,169.04,160.74
ORD-001653,270f4c89-1815-48df-ad23-baeca1430187,2025-05-29 13:10:17.274181,completed,Google Pay,12.12,,0.0,,False,692.73,704.85
ORD-001654,aab97f4a-e177-4ce0-9280-44c9bb87c939,2025-05-03 23:49:45.989721,completed,Google Pay,13.07,,0.0,,False,2203.77,2216.84
ORD-001655,79a37887-7ff5-4beb-9568-0b3e0a6cd8a4,2024-10-07 04:22:48.607187,shipped,PayPal,8.9,,0.0,,False,1174.3,1183.2
ORD-001656,79a37887-7ff5-4beb-9568-0b3e0a6cd8a4,2024-07-02 11:22:04.334091,completed,Apple Pay,5.74,,0.0,,False,7041.45,7047.19
ORD-001657,ae7d46cf-5617-4a55-8e12-b300d1accc8e,2025-05-29 20:38:28.847617,completed,PayPal,15.24,CIVIL,27.58,,False,6237.67,6225.33
ORD-001658,ae7d46cf-5617-4a55-8e12-b300d1accc8e,2025-02-27 10:25:17.331966,shipped,Google Pay,17.98,,0.0,,False,2582.44,2600.42
ORD-001659,924d6ece-eda8-4b0c-88ab-4aed7dd74fc6,2024-11-11 19:40:56.815378,completed,PayPal,12.6,,0.0,,False,1628.72,1641.32
ORD-001660,593f72f4-5710-4a4e-a56f-7cfe927a7b7b,2025-06-30 12:59:43.132281,completed,Bank Transfer,7.76,,0.0,,False,3706.0,3713.76
ORD-001661,593f72f4-5710-4a4e-a56f-7cfe927a7b7b,2023-09-01 04:39:51.145126,processing,Apple Pay,18.88,ATTORNEY,28.3,,False,2022.11,2012.69
ORD-001662,732efff0-89e2-4cb7-988b-34077c618de1,2023-04-23 05:43:48.407261,returned,PayPal,18.22,,0.0,Wrong item,False,3526.05,3544.27
ORD-001663,93afc2ff-b440-4419-9eff-f488ad66226c,2024-06-26 14:37:35.376770,returned,Google Pay,15.64,SHORT,14.31,Changed mind,False,8479.78,8481.11
ORD-001664,9a7ef9e2-006d-4b12-9b32-bbcbe128b206,2024-05-17 13:31:07.084903,shipped,PayPal,19.73,,0.0,,False,4348.94,4368.67
ORD-001665,ed781950-1f30-44a6-9051-806d845e0635,2024-03-22 08:30:14.589875,completed,Apple Pay,16.78,MANAGEMENT,25.05,,False,3315.92,3307.65
ORD-001666,902635c4-1a0d-4ca6-bb02-f9f3fde65319,2025-04-25 17:16:18.378355,completed,Bank Transfer,15.96,,0.0,,False,732.92,748.88
ORD-001667,902635c4-1a0d-4ca6-bb02-f9f3fde65319,2023-07-11 22:01:41.872358,completed,Google Pay,8.43,,0.0,,False,6179.63,6188.06
ORD-001668,902635c4-1a0d-4ca6-bb02-f9f3fde65319,2024-09-26 04:07:25.358471,processing,Credit Card,13.31,,0.0,,False,1283.57,1296.88
ORD-001669,bf8a809a-0b16-421c-b190-e163d1c9011f,2025-01-10 18:37:00.699754,completed,Google Pay,6.92,,0.0,,False,3247.67,3254.59
ORD-001670,bf8a809a-0b16-421c-b190-e163d1c9011f,2025-05-02 22:50:09.363023,completed,Apple Pay,16.29,,0.0,,False,94.82,111.11
ORD-001671,4aff2aa2-48ff-41eb-91fc-cc57fe39bf6a,2024-12-28 17:48:55.113662,completed,Credit Card,11.44,,0.0,,False,3327.49,3338.93
ORD-001672,4aff2aa2-48ff-41eb-91fc-cc57fe39bf6a,2023-09-07 14:09:24.690593,completed,Apple Pay,6.15,SHOULD,9.84,,False,6465.12,6461.43
ORD-001673,4aff2aa2-48ff-41eb-91fc-cc57fe39bf6a,2025-06-17 19:14:43.840163,completed,Credit Card,16.0,,0.0,,False,3814.39,3830.39
ORD-001674,ecfaaf88-66b3-44ea-ac03-3b3acf887890,2025-01-29 10:20:18.309512,completed,Google Pay,16.13,,0.0,,False,162.05,178.18
ORD-001675,ecfaaf88-66b3-44ea-ac03-3b3acf887890,2025-05-22 04:16:21.932074,completed,PayPal,13.33,,0.0,,False,592.91,606.24
ORD-001676,9a010b70-abc3-4c69-b7b8-1c5a86aa2193,2024-07-01 17:23:07.894553,completed,Apple Pay,14.83,OPEN,26.17,,False,2884.19,2872.85
ORD-001677,11e75e30-09cd-42c8-82e0-6f46b708e911,2024-11-24 15:12:42.963559,shipped,Google Pay,13.18,,0.0,,False,2211.94,2225.12
ORD-001678,11e75e30-09cd-42c8-82e0-6f46b708e911,2025-05-20 09:26:13.308394,returned,PayPal,17.87,,0.0,Found better price,False,480.33,498.2
ORD-001679,11e75e30-09cd-42c8-82e0-6f46b708e911,2025-03-01 18:13:23.026221,completed,Bank Transfer,18.09,,0.0,,False,5997.98,6016.07
ORD-001680,99afce86-e3de-4cf4-b661-0973cdd1ac1d,2024-06-09 16:35:06.776644,completed,Bank Transfer,8.92,,0.0,,False,4102.77,4111.69
ORD-001681,af0b56d4-ced3-4d60-9b9e-c36f3511bec6,2023-12-14 11:56:39.443702,completed,Apple Pay,14.63,,0.0,,False,1654.16,1668.79
ORD-001682,af0b56d4-ced3-4d60-9b9e-c36f3511bec6,2023-07-22 06:04:50.061198,completed,Bank Transfer,12.69,REST,18.47,,False,4170.33,4164.55
ORD-001683,142f1ce9-e754-40e8-bbfa-d11cb58db087,2025-03-10 18:02:59.241467,completed,PayPal,16.47,,0.0,,False,1179.9,1196.37
ORD-001684,142f1ce9-e754-40e8-bbfa-d11cb58db087,2024-09-12 18:25:54.270642,completed,Credit Card,17.6,,0.0,,False,2358.42,2376.02
ORD-001685,142f1ce9-e754-40e8-bbfa-d11cb58db087,2024-11-19 10:03:08.001128,shipped,Apple Pay,19.45,,0.0,,False,1686.75,1706.2
ORD-001686,eb7c263c-d946-4657-b1db-47af2a531f40,2025-06-24 11:50:26.017117,completed,Google Pay,14.73,,0.0,,False,4171.14,4185.87
ORD-001687,eb7c263c-d946-4657-b1db-47af2a531f40,2025-06-22 10:36:32.322143,shipped,PayPal,7.26,ELSE,21.15,,False,3931.27,3917.38
ORD-001688,b434fda5-6b66-40b6-a8a4-bb34c2c3fd9a,2024-07-15 19:30:13.871959,completed,PayPal,15.68,,0.0,,False,1508.97,1524.65
ORD-001689,1a69aa97-4f43-4d46-a65a-82f2750e62a0,2022-12-28 11:09:45.600491,completed,Bank Transfer,5.22,MEETING,27.22,,False,705.52,683.52
ORD-001690,1a69aa97-4f43-4d46-a65a-82f2750e62a0,2023-08-21 11:56:27.037128,completed,Google Pay,10.79,,0.0,,False,586.46,597.25
ORD-001691,1a69aa97-4f43-4d46-a65a-82f2750e62a0,2025-05-13 00:49:01.454356,completed,Apple Pay,12.62,,0.0,,False,5151.38,5164.0
ORD-001692,1a69aa97-4f43-4d46-a65a-82f2750e62a0,2023-09-17 07:06:36.908369,shipped,PayPal,9.33,,0.0,,False,4528.16,4537.49
ORD-001693,203ac050-482b-4f2d-abce-74ce3571ced1,2025-06-26 03:33:05.535662,completed,Google Pay,14.62,INTERVIEW,17.76,,False,638.16,635.02
ORD-001694,f10f7401-abcb-403d-a1dc-218f62b978fc,2023-09-01 09:03:53.646200,completed,Credit Card,16.75,,0.0,,False,3126.15,3142.9
ORD-001695,f10f7401-abcb-403d-a1dc-218f62b978fc,2024-09-20 15:37:37.795568,completed,Google Pay,16.0,,0.0,,False,3621.21,3637.21
ORD-001696,cbe5463a-e7e3-47c7-8d62-f03c21b29dec,2025-02-23 11:06:22.264900,completed,PayPal,11.56,EVEN,5.49,,False,873.54,879.61
ORD-001697,c34683a7-d509-4d65-82e6-066e424b46d1,2023-03-21 00:46:24.283020,shipped,Apple Pay,18.45,,0.0,,False,1534.01,1552.46
ORD-001698,622ea13c-664d-4956-abc2-94d02d0f5086,2024-02-05 15:35:03.035218,completed,Apple Pay,6.3,DOG,26.02,,False,1323.16,1303.44
ORD-001699,46a1c20e-c924-42bb-acc7-1e32b33cd35e,2025-04-23 18:37:33.074047,completed,Google Pay,6.51,,0.0,,False,5016.71,5023.22
ORD-001700,46a1c20e-c924-42bb-acc7-1e32b33cd35e,2024-06-22 04:32:29.850802,shipped,Apple Pay,8.03,,0.0,,False,3702.82,3710.85
ORD-001701,46a1c20e-c924-42bb-acc7-1e32b33cd35e,2025-06-17 08:07:02.583215,returned,Google Pay,12.92,,0.0,Found better price,False,6012.63,6025.55
ORD-001702,da831604-6002-4b62-9006-bf7faa21df11,2025-02-07 23:39:57.652893,shipped,Apple Pay,6.09,CLAIM,25.07,,False,3886.89,3867.91
ORD-001703,b31e7cf3-ee4a-4772-9e09-494feb0abe7d,2025-06-24 17:59:32.497145,returned,PayPal,5.33,SAVE,15.79,Delayed shipping,False,2752.68,2742.22
ORD-001704,16092e17-254e-4381-b9fd-2279de246727,2024-05-14 18:41:11.868653,processing,Google Pay,7.8,HIM,29.44,,False,6618.21,6596.57
ORD-001705,502854fb-d20c-4f2c-ab70-e24c70b228c4,2024-10-01 15:50:37.660256,completed,Bank Transfer,19.36,,0.0,,False,6491.35,6510.71
ORD-001706,502854fb-d20c-4f2c-ab70-e24c70b228c4,2024-09-25 13:25:01.808273,shipped,Apple Pay,6.12,,0.0,,False,718.17,724.29
ORD-001707,e63cf032-a0f0-4846-8474-bde07cd8136d,2025-03-12 21:25:53.016743,cancelled,Credit Card,19.15,,0.0,Found better price,False,2736.63,2755.78
ORD-001708,76c495ed-0a3b-4f31-bd63-4047ae6a05fc,2024-08-25 01:36:21.097686,completed,PayPal,13.3,,0.0,,False,3279.47,3292.77
ORD-001709,76c495ed-0a3b-4f31-bd63-4047ae6a05fc,2024-07-30 10:02:08.549317,completed,Bank Transfer,17.67,PRICE,26.11,,False,3822.36,3813.92
ORD-001710,83b3106b-f887-4baa-bc2d-68e40c768a3e,2024-03-07 08:05:27.947507,completed,PayPal,14.48,WITHOUT,22.6,,False,2723.34,2715.22
ORD-001711,b40b2692-527d-4249-befa-786d71f806d4,2025-02-19 15:53:08.699393,completed,Bank Transfer,9.18,,0.0,,False,4979.43,4988.61
ORD-001712,01f84e0c-44aa-48b6-9163-798599687a6c,2025-03-06 20:22:19.313193,completed,Bank Transfer,18.31,,0.0,,False,2186.11,2204.42
ORD-001713,01f84e0c-44aa-48b6-9163-798599687a6c,2025-05-29 01:44:49.843417,completed,Credit Card,15.33,,0.0,,False,2379.92,2395.25
ORD-001714,01f84e0c-44aa-48b6-9163-798599687a6c,2024-02-05 12:02:35.823059,completed,PayPal,19.12,,0.0,,False,2099.9,2119.02
ORD-001715,01f84e0c-44aa-48b6-9163-798599687a6c,2024-08-15 15:56:23.620105,completed,Bank Transfer,16.3,LAY,7.9,,False,2353.53,2361.93
ORD-001716,389d243f-ef5d-4001-b50b-e0dbd00d1884,2023-05-23 11:47:41.632411,completed,Credit Card,14.85,,0.0,,False,1493.24,1508.09
ORD-001717,389d243f-ef5d-4001-b50b-e0dbd00d1884,2024-03-11 16:53:18.806622,completed,Google Pay,13.54,ALLOW,5.82,,False,1838.32,1846.04
ORD-001718,1797e493-1caa-45bd-ac36-edd474c08f62,2024-10-26 11:10:19.226958,completed,Credit Card,15.21,HOSPITAL,17.1,,False,2068.59,2066.7
ORD-001719,5bedb28d-41b5-4038-8b66-b45fe8d4856f,2025-02-08 19:55:56.901528,processing,Credit Card,9.68,,0.0,,False,1801.38,1811.06
ORD-001720,61dee25a-4657-4bd2-9518-a9e832fa5a27,2023-03-30 22:05:41.555430,processing,Credit Card,13.9,,0.0,,False,2146.4,2160.3
ORD-001721,61dee25a-4657-4bd2-9518-a9e832fa5a27,2025-02-27 07:59:11.636273,shipped,PayPal,6.32,,0.0,,False,6258.36,6264.68
ORD-001722,40be0197-6188-4626-9cdb-bbfe78bea5dd,2025-05-14 03:20:40.284646,completed,Apple Pay,5.68,,0.0,,False,4477.14,4482.82
ORD-001723,40be0197-6188-4626-9cdb-bbfe78bea5dd,2025-07-04 04:20:00.321832,completed,Apple Pay,8.84,,0.0,,False,3005.23,3014.07
ORD-001724,40be0197-6188-4626-9cdb-bbfe78bea5dd,2025-05-24 16:57:22.472578,completed,Google Pay,5.91,,0.0,,False,5751.47,5757.38
ORD-001725,40be0197-6188-4626-9cdb-bbfe78bea5dd,2025-05-04 16:02:51.660563,completed,PayPal,12.55,,0.0,,False,2863.52,2876.07
ORD-001726,c0b2dda9-1ae4-454a-9e91-635e36d0a4ff,2025-03-18 03:00:57.159997,processing,Bank Transfer,16.97,,0.0,,False,3508.11,3525.08
ORD-001727,749f745b-7e67-481f-947c-4bf3ead9b759,2024-08-05 03:45:59.746969,completed,Google Pay,17.24,,0.0,,False,657.64,674.88
ORD-001728,c7762760-5465-4b57-a3e8-b4c720ef9888,2024-08-23 14:28:30.495806,completed,Google Pay,14.3,,0.0,,False,2532.74,2547.04
ORD-001729,c7762760-5465-4b57-a3e8-b4c720ef9888,2023-08-24 08:39:20.285025,completed,Bank Transfer,13.11,,0.0,,False,4556.4,4569.51
ORD-001730,c7762760-5465-4b57-a3e8-b4c720ef9888,2023-08-19 16:29:51.036130,completed,Bank Transfer,19.85,GENERAL,10.84,,False,331.53,340.54
ORD-001731,d2d79571-a982-4956-b5f1-bf93e8110634,2024-07-10 06:41:16.842008,completed,Apple Pay,12.61,,0.0,,False,3889.46,3902.07
ORD-001732,1a70898d-76b6-4ef2-8fb3-b7c5ae909b35,2025-07-03 05:04:56.079511,completed,PayPal,7.52,BLOOD,22.93,,False,849.76,834.35
ORD-001733,1a70898d-76b6-4ef2-8fb3-b7c5ae909b35,2025-06-04 03:18:54.705600,completed,Bank Transfer,19.97,,0.0,,False,1750.02,1769.99
ORD-001734,1a70898d-76b6-4ef2-8fb3-b7c5ae909b35,2025-07-01 01:29:57.876985,completed,Google Pay,18.5,,0.0,,False,260.13,278.63
ORD-001735,1a70898d-76b6-4ef2-8fb3-b7c5ae909b35,2025-06-01 08:42:37.731185,completed,Bank Transfer,11.27,,0.0,,False,311.83,323.1
ORD-001736,1a70898d-76b6-4ef2-8fb3-b7c5ae909b35,2025-06-21 10:00:21.513112,completed,Credit Card,10.06,,0.0,,False,1957.87,1967.93
ORD-001737,efe88382-5450-40a6-b962-dff5f3556597,2024-11-16 10:08:30.034787,shipped,Apple Pay,13.82,,0.0,,False,6405.61,6419.43
ORD-001738,efe88382-5450-40a6-b962-dff5f3556597,2024-05-15 12:36:44.812581,completed,Bank Transfer,13.26,,0.0,,False,5192.71,5205.97
ORD-001739,b662cc56-6159-478e-9ee0-8926991e3e01,2025-07-04 07:04:53.931762,completed,Google Pay,15.16,SYSTEM,12.6,,False,481.49,484.05
ORD-001740,b662cc56-6159-478e-9ee0-8926991e3e01,2025-05-24 18:01:59.888956,shipped,Credit Card,13.68,CIVIL,13.71,,False,908.15,908.12
ORD-001741,b662cc56-6159-478e-9ee0-8926991e3e01,2025-07-07 12:47:35.521610,cancelled,PayPal,12.6,,0.0,Damaged,False,2663.7,2676.3
ORD-001742,b662cc56-6159-478e-9ee0-8926991e3e01,2025-02-10 08:51:53.252932,completed,Credit Card,19.86,,0.0,,False,5700.72,5720.58
ORD-001743,b662cc56-6159-478e-9ee0-8926991e3e01,2025-03-08 11:05:12.754754,shipped,Google Pay,10.82,CELL,15.19,,False,6964.35,6959.98
ORD-001744,b662cc56-6159-478e-9ee0-8926991e3e01,2025-03-25 09:21:39.926637,completed,PayPal,13.2,,0.0,,False,5211.71,5224.91
ORD-001745,0a5f8420-313d-473d-889b-bb28070968f9,2025-02-04 01:19:58.573025,completed,Credit Card,15.75,,0.0,,False,1175.95,1191.7
ORD-001746,1334b02f-3baa-4b61-b0d2-8d99a6e03a90,2025-02-09 18:55:16.231398,completed,Credit Card,19.45,,0.0,,False,1024.06,1043.51
ORD-001747,1334b02f-3baa-4b61-b0d2-8d99a6e03a90,2025-05-31 18:21:06.192682,shipped,Apple Pay,16.38,,0.0,,False,539.8,556.18
ORD-001748,80144c2f-aff6-4903-9141-9b480f149804,2024-12-28 03:02:35.831165,shipped,Bank Transfer,8.19,,0.0,,False,2195.95,2204.14
ORD-001749,e0dbb93f-4902-4b5d-bc22-993e9b79ea6c,2025-02-10 12:21:32.164643,completed,Google Pay,7.76,BEGIN,9.67,,False,5897.28,5895.37
ORD-001750,e0dbb93f-4902-4b5d-bc22-993e9b79ea6c,2024-05-08 19:23:13.849673,completed,Apple Pay,13.57,,0.0,,False,2931.08,2944.65
ORD-001751,b2eb3709-10a9-4a77-934e-a137fea07695,2025-05-28 14:55:27.326593,completed,Apple Pay,8.64,GIVE,27.57,,False,86.7,67.77
ORD-001752,5b17b982-744a-459b-9434-96af429db15f,2023-05-23 12:14:45.842131,returned,Credit Card,8.3,PASS,28.19,Damaged,False,585.39,565.5
ORD-001753,5b17b982-744a-459b-9434-96af429db15f,2023-05-08 06:56:44.925923,completed,Google Pay,19.73,,0.0,,False,3571.95,3591.68
ORD-001754,b0328931-3aed-4af6-ae3e-2d9446748f4b,2022-08-29 07:50:12.966438,returned,PayPal,17.06,A,5.21,Delayed shipping,False,3856.93,3868.78
ORD-001755,b0328931-3aed-4af6-ae3e-2d9446748f4b,2024-12-26 13:43:26.036005,completed,Bank Transfer,8.84,,0.0,,False,611.52,620.36
ORD-001756,9f12b005-a68b-41c3-8b81-2eb4aeb33ea1,2024-02-06 14:07:25.684510,processing,PayPal,5.02,,0.0,,False,1976.32,1981.34
ORD-001757,f687ec9f-fba5-4997-a97c-a669000356f3,2023-07-05 10:56:07.813925,completed,Bank Transfer,8.38,,0.0,,False,551.61,559.99
ORD-001758,f687ec9f-fba5-4997-a97c-a669000356f3,2024-01-16 21:27:32.917750,completed,Google Pay,15.51,MILITARY,21.18,,False,4103.6,4097.93
ORD-001759,f687ec9f-fba5-4997-a97c-a669000356f3,2023-05-11 06:13:04.747056,completed,Apple Pay,15.3,,0.0,,False,3430.89,3446.19
ORD-001760,6f7b50f3-01ad-4140-b518-8a150afe2c73,2024-12-05 16:02:26.607398,completed,PayPal,15.95,,0.0,,False,7749.75,7765.7
ORD-001761,8fd2d9b7-d342-4a09-bba7-08a5299aa914,2025-06-17 03:07:39.108241,shipped,Google Pay,19.89,,0.0,,False,943.66,963.55
ORD-001762,4838229b-c243-4f16-bc8c-dafa67f10d62,2025-06-30 03:13:10.112308,returned,Apple Pay,8.24,,0.0,Found better price,False,8060.12,8068.36
ORD-001763,8f3d31a4-fdc6-4516-8df5-e0045146c96e,2025-01-20 17:44:11.965755,returned,PayPal,19.42,,0.0,Changed mind,False,897.72,917.14
ORD-001764,69b60ecc-3d66-49b8-aaff-43c51c6661da,2023-07-28 10:34:10.693062,completed,PayPal,12.71,ATTENTION,23.85,,False,884.87,873.73
ORD-001765,69b60ecc-3d66-49b8-aaff-43c51c6661da,2024-01-21 06:37:12.103936,shipped,Credit Card,9.42,TOGETHER,28.17,,False,1816.33,1797.58
ORD-001766,131dd71a-07af-4503-9f87-38f98037f476,2025-04-10 07:41:48.822688,completed,Apple Pay,6.33,QUESTION,29.69,,False,1988.82,1965.46
ORD-001767,131dd71a-07af-4503-9f87-38f98037f476,2025-06-11 16:29:14.753098,completed,Google Pay,16.22,MYSELF,29.35,,False,4136.82,4123.69
ORD-001768,131dd71a-07af-4503-9f87-38f98037f476,2025-03-21 12:27:30.907460,completed,Apple Pay,14.41,POLICY,5.9,,False,1923.12,1931.63
ORD-001769,9a323e8f-3d7d-45c5-ae0d-f9c2945fdfc6,2024-04-25 19:25:46.976120,completed,PayPal,8.29,FEDERAL,22.92,,False,3500.93,3486.3
ORD-001770,9a323e8f-3d7d-45c5-ae0d-f9c2945fdfc6,2024-01-08 08:56:17.456696,completed,PayPal,18.48,,0.0,,False,3872.04,3890.52
ORD-001771,9a323e8f-3d7d-45c5-ae0d-f9c2945fdfc6,2025-04-16 03:25:40.451544,returned,Google Pay,16.9,RED,25.7,Damaged,False,5103.94,5095.14
ORD-001772,9a323e8f-3d7d-45c5-ae0d-f9c2945fdfc6,2024-03-22 07:45:07.116604,shipped,Bank Transfer,14.78,,0.0,,False,69.8,84.58
ORD-001773,9a323e8f-3d7d-45c5-ae0d-f9c2945fdfc6,2024-09-13 13:00:22.440308,cancelled,Google Pay,17.19,,0.0,Wrong item,False,1037.22,1054.41
ORD-001774,9de2e7fd-da4d-4d99-b634-0c336a287bad,2024-01-24 17:03:16.675870,completed,Apple Pay,17.98,MR,28.62,,False,4050.89,4040.25
ORD-001775,535858cc-931b-4990-9ebc-2a627605dd6b,2024-08-01 21:18:26.023685,completed,Apple Pay,10.81,READY,19.19,,False,1464.37,1455.99
ORD-001776,535858cc-931b-4990-9ebc-2a627605dd6b,2025-02-14 02:19:34.038145,completed,Credit Card,10.5,,0.0,,False,1059.62,1070.12
ORD-001777,2a4f07ac-207b-45d4-b0ac-fedfa3634876,2024-10-08 12:32:57.202662,completed,Apple Pay,15.51,,0.0,,False,2586.57,2602.08
ORD-001778,2a4f07ac-207b-45d4-b0ac-fedfa3634876,2025-04-11 16:24:24.867455,completed,Bank Transfer,10.91,,0.0,,False,2247.68,2258.59
ORD-001779,2a4f07ac-207b-45d4-b0ac-fedfa3634876,2024-07-24 19:22:07.535101,returned,Credit Card,11.47,,0.0,Delayed shipping,False,3761.0,3772.47
ORD-001780,8b757aec-0db9-4f2d-a8e0-29cd7ebff66a,2025-07-01 10:36:31.798983,completed,Bank Transfer,9.53,,0.0,,False,1432.06,1441.59
ORD-001781,8b757aec-0db9-4f2d-a8e0-29cd7ebff66a,2024-08-15 03:59:22.947975,completed,Credit Card,11.51,,0.0,,False,947.02,958.53
ORD-001782,8b757aec-0db9-4f2d-a8e0-29cd7ebff66a,2024-08-23 08:43:41.515015,returned,Credit Card,8.84,,0.0,Damaged,False,2421.75,2430.59
ORD-001783,13710be6-4657-464c-bbf8-46b2036cfc8f,2024-01-16 19:42:19.493345,completed,Credit Card,9.81,,0.0,,False,1902.42,1912.23
ORD-001784,13710be6-4657-464c-bbf8-46b2036cfc8f,2023-11-12 13:15:17.526847,completed,PayPal,12.7,,0.0,,False,2102.64,2115.34
ORD-001785,13710be6-4657-464c-bbf8-46b2036cfc8f,2023-11-17 03:56:39.750203,completed,Apple Pay,19.24,,0.0,,False,3306.41,3325.65
ORD-001786,d5c0c25b-5eb1-454d-9771-ce2f5b1056c5,2023-02-04 10:45:13.391912,cancelled,Bank Transfer,10.7,PEOPLE,18.99,Damaged,False,2713.52,2705.23
ORD-001787,122d955f-ab5c-4704-bd6d-04168b47a370,2025-05-05 01:43:06.111857,completed,Google Pay,19.61,CHOOSE,14.14,,False,29.0,34.47
ORD-001788,122d955f-ab5c-4704-bd6d-04168b47a370,2024-04-02 12:47:10.733485,completed,Google Pay,8.37,LIST,10.06,,False,462.75,461.06
ORD-001789,122d955f-ab5c-4704-bd6d-04168b47a370,2024-04-12 01:58:04.991385,completed,Bank Transfer,6.18,,0.0,,False,3782.44,3788.62
ORD-001790,5e4515fc-3623-4a1f-b9fe-76ed5bae436a,2024-11-07 04:06:57.702147,completed,Google Pay,13.46,FEAR,13.27,,False,4946.55,4946.74
ORD-001791,5e4515fc-3623-4a1f-b9fe-76ed5bae436a,2024-12-18 23:46:04.662142,completed,PayPal,7.99,,0.0,,False,2168.98,2176.97
ORD-001792,5e4515fc-3623-4a1f-b9fe-76ed5bae436a,2024-10-07 09:09:49.055559,completed,Credit Card,17.1,,0.0,,False,2756.2,2773.3
ORD-001793,b7c671a6-14a0-4748-a001-211dece25622,2024-08-13 03:32:12.981652,completed,Bank Transfer,18.62,,0.0,,False,3655.1,3673.72
ORD-001794,b7c671a6-14a0-4748-a001-211dece25622,2024-11-30 07:55:01.533953,completed,Credit Card,10.96,,0.0,,False,1381.83,1392.79
ORD-001795,368c70d1-9268-4252-92dd-4275259119fe,2025-01-18 12:28:18.896803,completed,PayPal,18.05,CAN,10.99,,False,5853.51,5860.57
ORD-001796,368c70d1-9268-4252-92dd-4275259119fe,2025-06-17 11:33:44.413825,returned,Bank Transfer,7.93,,0.0,Changed mind,False,1482.64,1490.57
ORD-001797,368c70d1-9268-4252-92dd-4275259119fe,2025-03-30 03:41:37.538206,processing,Credit Card,18.29,REMAIN,25.24,,False,4563.84,4556.89
ORD-001798,368c70d1-9268-4252-92dd-4275259119fe,2025-02-22 22:23:53.568862,completed,Credit Card,5.45,,0.0,,False,1661.92,1667.37
ORD-001799,6caace02-6fe5-46f4-b661-6460b5879210,2024-11-21 20:06:06.178509,completed,Bank Transfer,17.33,,0.0,,False,339.95,357.28
ORD-001800,6caace02-6fe5-46f4-b661-6460b5879210,2025-06-04 00:19:48.202375,completed,Credit Card,6.39,,0.0,,False,4446.65,4453.04
ORD-001801,11ca6eba-cfe5-49a6-bbbe-12b5cc31e7e1,2023-09-07 20:38:07.156780,completed,Bank Transfer,18.44,,0.0,,False,7657.05,7675.49
ORD-001802,3f079f58-c939-4105-8041-00e09aa63f2d,2024-02-11 12:11:00.216733,processing,PayPal,18.05,,0.0,,False,1197.36,1215.41
ORD-001803,6bf9a4af-4c7f-414e-9f07-8e7b2a45bb25,2024-10-20 07:09:30.986832,shipped,Apple Pay,16.95,,0.0,,False,1797.28,1814.23
ORD-001804,6bf9a4af-4c7f-414e-9f07-8e7b2a45bb25,2024-11-22 12:00:06.121363,processing,Bank Transfer,13.66,,0.0,,False,1782.32,1795.98
ORD-001805,be4ad1f7-d4c2-4363-942d-9e57d94a31f5,2023-08-22 21:48:03.285361,completed,Bank Transfer,14.69,ATTORNEY,24.08,,False,3758.57,3749.18
ORD-001806,0a56fa31-ffd1-4dcc-a5d2-a2db53ca92a9,2023-04-10 01:07:41.209265,completed,Credit Card,12.79,,0.0,,False,396.2,408.99
ORD-001807,0a56fa31-ffd1-4dcc-a5d2-a2db53ca92a9,2025-02-21 15:35:03.771351,completed,PayPal,12.26,,0.0,,False,866.45,878.71
ORD-001808,0a56fa31-ffd1-4dcc-a5d2-a2db53ca92a9,2025-01-20 07:05:36.601855,completed,Google Pay,17.7,IMPROVE,15.64,,False,4759.22,4761.28
ORD-001809,fedc32f3-70f1-4f3f-b632-a24b88268e40,2024-10-21 22:39:11.534276,processing,Bank Transfer,15.41,,0.0,,False,1247.64,1263.05
ORD-001810,a70d07e0-468e-4bce-8433-39c58f7b87aa,2024-02-12 01:25:42.993361,completed,PayPal,10.19,,0.0,,False,5415.63,5425.82
ORD-001811,1ec797bd-cb47-4d67-bed7-beaea6846f58,2024-09-07 09:22:45.555800,completed,Google Pay,10.16,,0.0,,False,4531.16,4541.32
ORD-001812,1ec797bd-cb47-4d67-bed7-beaea6846f58,2024-01-19 00:54:33.952910,completed,Google Pay,14.24,,0.0,,False,4954.5,4968.74
ORD-001813,3bce135b-71fa-4762-8f56-042e5ab83803,2025-01-08 08:36:21.257040,shipped,Apple Pay,11.35,GAME,13.75,,False,1534.38,1531.98
ORD-001814,2e7f88e0-1d9a-4ee3-a4fc-dfe25533dcb0,2024-11-05 22:18:39.549763,completed,Bank Transfer,18.61,,0.0,,False,3197.78,3216.39
ORD-001815,38bf2aac-f4da-4157-bacb-75c1d6b9659a,2025-01-01 04:27:46.697360,completed,Bank Transfer,8.0,SKILL,5.35,,False,678.08,680.73
ORD-001816,21af0c6c-5eb5-4922-bbd9-9fa3c40c1d99,2025-06-30 22:16:03.091269,completed,Google Pay,10.31,,0.0,,False,4676.17,4686.48
ORD-001817,21af0c6c-5eb5-4922-bbd9-9fa3c40c1d99,2025-02-23 02:58:56.140347,shipped,Credit Card,17.63,,0.0,,False,6919.74,6937.37
ORD-001818,9b6da517-ae7d-4018-8c5b-75c883304997,2023-10-24 18:10:30.552794,shipped,Bank Transfer,8.94,WHOLE,29.49,,False,3031.45,3010.9
ORD-001819,a6e7403e-8720-44bb-aa34-6e4856358f6e,2024-11-24 23:01:21.528125,returned,Credit Card,18.79,,0.0,Delayed shipping,False,1782.42,1801.21
ORD-001820,4f496c1c-fdd7-4bec-a1f7-eb5c32b3cc85,2025-06-14 22:59:34.929311,cancelled,Apple Pay,19.96,,0.0,Wrong item,False,3225.56,3245.52
ORD-001821,5ba6838e-35f0-429d-939b-d14a074013f4,2024-09-10 18:48:32.626439,completed,Google Pay,10.66,,0.0,,False,5427.03,5437.69
ORD-001822,5f417a4a-952e-4b26-8ab4-5f35d5ef840d,2025-05-30 18:53:04.226059,completed,PayPal,8.67,,0.0,,False,1127.34,1136.01
ORD-001823,5f417a4a-952e-4b26-8ab4-5f35d5ef840d,2024-11-01 20:08:58.118819,completed,PayPal,10.95,,0.0,,False,2158.53,2169.48
ORD-001824,bf23e4ad-48d5-4dd8-8ae4-78a009279bb5,2023-09-15 18:49:48.105050,processing,Apple Pay,13.38,,0.0,,False,2765.73,2779.11
ORD-001825,bf23e4ad-48d5-4dd8-8ae4-78a009279bb5,2023-04-29 18:19:33.936062,completed,Apple Pay,7.23,,0.0,,False,167.99,175.22
ORD-001826,aea56901-2e41-494f-ae33-781f779f871f,2025-04-10 22:23:31.779275,completed,Apple Pay,7.62,,0.0,,False,4928.24,4935.86
ORD-001827,fdcc23cb-db64-4769-b80b-404b9978a9c6,2025-06-15 12:37:13.430518,shipped,Credit Card,16.86,AND,12.96,,False,2573.78,2577.68
ORD-001828,fdcc23cb-db64-4769-b80b-404b9978a9c6,2025-07-04 16:57:24.411782,completed,Apple Pay,18.77,,0.0,,False,3447.8,3466.57
ORD-001829,d58452bd-6da6-4527-9bce-a3dfa98aa4d2,2023-05-21 19:59:05.704388,returned,Credit Card,11.76,,0.0,Wrong item,False,969.53,981.29
ORD-001830,d58452bd-6da6-4527-9bce-a3dfa98aa4d2,2024-05-28 19:10:28.208491,completed,Apple Pay,5.27,FALL,29.41,,False,149.42,125.28
ORD-001831,d58452bd-6da6-4527-9bce-a3dfa98aa4d2,2025-04-04 17:51:11.025538,completed,Google Pay,14.78,SET,23.22,,False,323.99,315.55
ORD-001832,3bf586fb-c6d2-444d-b74c-1b06a1183d3b,2023-03-08 15:02:38.149461,completed,PayPal,19.11,,0.0,,False,2858.23,2877.34
ORD-001833,32813e5d-5296-4241-a9f9-4c0fc2c43e57,2023-11-18 08:39:33.417703,shipped,Google Pay,12.12,ACT,15.66,,False,3671.73,3668.19
ORD-001834,32813e5d-5296-4241-a9f9-4c0fc2c43e57,2024-11-21 10:44:59.654527,completed,Google Pay,16.47,,0.0,,False,2815.48,2831.95
ORD-001835,a5259159-6381-4754-8769-8166d708a830,2024-10-20 07:01:40.230642,shipped,Bank Transfer,11.31,SUCH,20.94,,False,1574.49,1564.86
ORD-001836,a5259159-6381-4754-8769-8166d708a830,2024-07-24 21:22:52.114695,completed,Apple Pay,8.05,,0.0,,False,4596.8,4604.85
ORD-001837,a5259159-6381-4754-8769-8166d708a830,2023-11-16 08:16:15.636138,completed,PayPal,7.73,BOOK,6.14,,False,1726.95,1728.54
ORD-001838,5f8158c3-24d2-411a-8dce-60396e93cedb,2024-06-05 12:57:58.610678,completed,Bank Transfer,17.63,,0.0,,False,4496.9,4514.53
ORD-001839,5f8158c3-24d2-411a-8dce-60396e93cedb,2025-02-23 11:44:46.677851,completed,PayPal,15.66,MORE,15.52,,False,3574.58,3574.72
ORD-001840,dd148250-0c87-4034-bc23-bf2960fa4413,2024-03-29 03:22:54.938174,completed,PayPal,9.64,,0.0,,False,3534.8,3544.44
ORD-001841,dd148250-0c87-4034-bc23-bf2960fa4413,2024-02-26 15:09:26.714886,completed,Apple Pay,11.1,,0.0,,False,3966.75,3977.85
ORD-001842,dd148250-0c87-4034-bc23-bf2960fa4413,2025-01-02 21:52:57.008906,completed,Apple Pay,19.63,,0.0,,False,4752.51,4772.14
ORD-001843,0678727b-6069-4701-851f-799d623f9ff9,2025-04-23 17:29:59.460876,completed,PayPal,9.82,SIX,14.27,,False,4659.8,4655.35
ORD-001844,0678727b-6069-4701-851f-799d623f9ff9,2024-10-17 04:00:02.972961,completed,Google Pay,8.1,NICE,29.69,,False,4687.5,4665.91
ORD-001845,a83ad6e2-7136-4389-9ee2-565416a35b15,2024-07-13 08:56:09.958667,completed,Bank Transfer,16.45,,0.0,,False,370.28,386.73
ORD-001846,a83ad6e2-7136-4389-9ee2-565416a35b15,2024-10-03 00:26:47.853320,completed,Bank Transfer,18.12,,0.0,,False,3319.33,3337.45
ORD-001847,ab32cb2d-8d4a-4b92-a918-d28774603a04,2024-06-09 12:41:16.644039,completed,Google Pay,9.58,WITH,19.23,,False,6678.42,6668.77
ORD-001848,adc00eb7-2d6b-421e-9b65-ea968eda5098,2025-03-11 09:53:22.142673,completed,Google Pay,13.62,LEARN,15.25,,False,513.33,511.7
ORD-001849,adc00eb7-2d6b-421e-9b65-ea968eda5098,2025-04-28 21:03:34.202642,completed,PayPal,17.55,,0.0,,False,2908.95,2926.5
ORD-001850,adc00eb7-2d6b-421e-9b65-ea968eda5098,2025-04-17 01:08:37.434455,processing,PayPal,11.3,,0.0,,False,7904.85,7916.15
ORD-001851,adc00eb7-2d6b-421e-9b65-ea968eda5098,2024-09-16 03:18:29.918739,processing,PayPal,19.01,SERVE,8.94,,False,832.59,842.66
ORD-001852,adc00eb7-2d6b-421e-9b65-ea968eda5098,2025-03-04 20:56:45.450956,shipped,Google Pay,5.92,FILL,26.51,,False,1032.02,1011.43
ORD-001853,adc00eb7-2d6b-421e-9b65-ea968eda5098,2025-02-16 19:32:00.624680,completed,Credit Card,18.49,,0.0,,False,2209.34,2227.83
ORD-001854,84d4e3fc-a243-49da-a031-41edf1f0075d,2024-10-20 17:47:11.961007,completed,Credit Card,12.09,,0.0,,False,45.23,57.32
ORD-001855,84d4e3fc-a243-49da-a031-41edf1f0075d,2022-09-21 14:45:47.579875,completed,Google Pay,13.5,,0.0,,False,2582.16,2595.66
ORD-001856,c38c9416-96c7-4fe2-9844-019302974d3b,2025-03-27 20:47:14.570074,shipped,Apple Pay,18.12,INVOLVE,24.47,,False,2499.18,2492.83
ORD-001857,c38c9416-96c7-4fe2-9844-019302974d3b,2025-05-06 10:32:44.276108,completed,Credit Card,17.96,,0.0,,False,7665.52,7683.48
ORD-001858,28d57307-e75f-46aa-8e5b-a20d03b67066,2025-06-11 13:31:47.002638,processing,Google Pay,6.18,,0.0,,False,1918.51,1924.69
ORD-001859,d47275c7-98db-4b9d-8b59-382cc3edda80,2022-10-14 13:25:53.285530,shipped,PayPal,7.84,,0.0,,False,2012.34,2020.18
ORD-001860,cfca567f-75a4-4ee8-a213-eaf9756c2374,2025-07-01 19:09:53.454269,processing,Google Pay,9.45,KEY,25.72,,False,1048.13,1031.86
ORD-001861,9e874509-d413-477b-8448-9ffb53df59b8,2025-06-01 19:45:16.801647,completed,Bank Transfer,7.92,,0.0,,False,505.13,513.05
ORD-001862,9e874509-d413-477b-8448-9ffb53df59b8,2025-05-25 01:07:04.413895,completed,Apple Pay,9.52,,0.0,,False,8814.96,8824.48
ORD-001863,eed13356-5fce-4e0d-9f06-a11b79ad534d,2025-06-05 22:36:41.743917,completed,Google Pay,18.52,,0.0,,False,2625.63,2644.15
ORD-001864,eed13356-5fce-4e0d-9f06-a11b79ad534d,2025-05-05 06:18:56.372621,shipped,Credit Card,13.74,FORWARD,27.15,,False,389.61,376.2
ORD-001865,eed13356-5fce-4e0d-9f06-a11b79ad534d,2025-06-24 21:29:10.754684,completed,Bank Transfer,12.31,,0.0,,False,1557.32,1569.63
ORD-001866,eed13356-5fce-4e0d-9f06-a11b79ad534d,2025-05-04 14:07:29.720420,processing,Bank Transfer,19.9,,0.0,,False,5079.75,5099.65
ORD-001867,eed13356-5fce-4e0d-9f06-a11b79ad534d,2025-05-08 02:14:34.892563,completed,PayPal,7.45,,0.0,,False,5433.52,5440.97
ORD-001868,05e72bf4-2067-4ecc-9a9a-2f043b50222a,2025-05-20 20:57:17.441797,completed,PayPal,7.3,,0.0,,False,542.36,549.66
ORD-001869,05e72bf4-2067-4ecc-9a9a-2f043b50222a,2025-05-03 03:30:58.815184,cancelled,Google Pay,9.95,,0.0,Found better price,False,318.28,328.23
ORD-001870,d13eb6aa-4694-401b-a39f-35fb6844586b,2025-02-22 22:24:29.041041,completed,Apple Pay,5.15,RELATE,9.93,,False,6684.43,6679.65
ORD-001871,8e55c75d-0a5b-4efe-bd28-50306e67b319,2025-06-30 14:43:59.466888,completed,Bank Transfer,17.24,,0.0,,False,2079.31,2096.55
ORD-001872,b71e3bbd-06c5-44e6-a609-62d2cd71eabf,2024-04-14 20:34:56.547500,completed,Credit Card,9.17,,0.0,,False,905.55,914.72
ORD-001873,b71e3bbd-06c5-44e6-a609-62d2cd71eabf,2024-04-21 15:03:55.668159,returned,Bank Transfer,7.6,NICE,19.54,Changed mind,False,5133.2,5121.26
ORD-001874,78bd5d09-f2bd-473c-932a-f69497a3fb94,2025-02-01 12:31:31.758588,processing,PayPal,16.89,DOCTOR,18.5,,False,1269.22,1267.61
ORD-001875,78bd5d09-f2bd-473c-932a-f69497a3fb94,2025-06-28 22:58:37.408695,completed,Google Pay,7.45,,0.0,,False,3404.51,3411.96
ORD-001876,78bd5d09-f2bd-473c-932a-f69497a3fb94,2025-03-18 09:41:28.794680,completed,Google Pay,17.47,,0.0,,False,3036.51,3053.98
ORD-001877,acb6ed05-746b-43b3-b8fc-46219d2daf70,2024-09-12 03:42:00.820917,shipped,PayPal,14.33,,0.0,,False,2321.92,2336.25
ORD-001878,1b8ca86c-c85b-4dbf-a6dc-492caf6c3642,2024-11-12 11:14:16.569971,completed,PayPal,8.41,,0.0,,False,2447.36,2455.77
ORD-001879,1b8ca86c-c85b-4dbf-a6dc-492caf6c3642,2025-06-21 10:55:57.926359,completed,Credit Card,9.75,SUFFER,28.89,,False,3573.19,3554.05
ORD-001880,3f0a3442-535e-466c-bd0a-ed9e2986687e,2025-01-23 21:36:04.316235,completed,Google Pay,15.87,NORTH,11.19,,False,1016.1,1020.78
ORD-001881,3f0a3442-535e-466c-bd0a-ed9e2986687e,2025-02-02 07:01:24.629151,completed,Bank Transfer,6.14,OFFICE,8.25,,False,371.64,369.53
ORD-001882,3f0a3442-535e-466c-bd0a-ed9e2986687e,2025-05-19 02:12:40.149337,completed,PayPal,11.87,,0.0,,False,4733.91,4745.78
ORD-001883,3f0a3442-535e-466c-bd0a-ed9e2986687e,2023-04-01 10:47:14.398523,completed,PayPal,17.11,,0.0,,False,297.69,314.8
ORD-001884,3f0a3442-535e-466c-bd0a-ed9e2986687e,2025-03-19 22:06:12.025425,completed,PayPal,19.64,SIGNIFICANT,26.38,,False,3754.09,3747.35
ORD-001885,dec0b676-58d1-47bb-8748-8c4c46c6e058,2025-06-23 09:38:39.948253,completed,Credit Card,14.29,PUSH,13.87,,False,3082.13,3082.55
ORD-001886,be001f5f-828c-4e92-b07c-8203a611a133,2025-01-04 00:37:26.046211,shipped,Apple Pay,8.3,,0.0,,False,1046.47,1054.77
ORD-001887,be001f5f-828c-4e92-b07c-8203a611a133,2024-12-18 07:12:21.433052,completed,Credit Card,6.69,RECORD,21.98,,False,2316.29,2301.0
ORD-001888,3ee6b4dc-27c4-4b3f-80a6-ebd1e5ed774a,2025-05-15 16:24:40.437386,completed,Bank Transfer,16.1,PARTNER,18.49,,False,1059.93,1057.54
ORD-001889,3ee6b4dc-27c4-4b3f-80a6-ebd1e5ed774a,2025-05-24 22:14:56.708141,completed,Credit Card,18.16,,0.0,,False,3238.47,3256.63
ORD-001890,3ee6b4dc-27c4-4b3f-80a6-ebd1e5ed774a,2025-06-19 10:43:35.950203,completed,Bank Transfer,5.18,,0.0,,False,2785.0,2790.18
ORD-001891,3ee6b4dc-27c4-4b3f-80a6-ebd1e5ed774a,2025-05-29 03:38:26.509117,completed,Credit Card,16.49,,0.0,,False,1185.6,1202.09
ORD-001892,1dd2709d-712b-41d9-9b97-f311b5e05d03,2024-10-13 17:17:31.094314,completed,Google Pay,9.7,,0.0,,False,4286.06,4295.76
ORD-001893,1dd2709d-712b-41d9-9b97-f311b5e05d03,2024-11-18 18:49:08.217948,shipped,PayPal,19.21,,0.0,,False,781.85,801.06
ORD-001894,1dd2709d-712b-41d9-9b97-f311b5e05d03,2025-07-05 11:54:19.758048,completed,Bank Transfer,16.92,OPTION,13.97,,False,1082.57,1085.52
ORD-001895,1dd2709d-712b-41d9-9b97-f311b5e05d03,2025-04-16 14:21:32.001740,completed,Apple Pay,6.26,,0.0,,False,2133.46,2139.72
ORD-001896,448ce6d9-8463-4478-9253-cef483d68f2c,2024-05-14 19:21:49.734551,completed,Credit Card,7.37,,0.0,,False,121.32,128.69
ORD-001897,448ce6d9-8463-4478-9253-cef483d68f2c,2025-01-14 05:18:00.168791,shipped,Apple Pay,17.97,,0.0,,False,3968.01,3985.98
ORD-001898,448ce6d9-8463-4478-9253-cef483d68f2c,2024-02-21 14:21:39.562235,processing,Credit Card,8.67,,0.0,,False,4047.45,4056.12
ORD-001899,cadaa610-cbab-42e1-a147-a0ed37f6b3b9,2024-09-30 03:55:51.963689,shipped,Bank Transfer,14.96,,0.0,,False,502.04,517.0
ORD-001900,cadaa610-cbab-42e1-a147-a0ed37f6b3b9,2024-08-11 10:45:39.083450,completed,Apple Pay,10.03,ELSE,17.86,,False,3407.76,3399.93
ORD-001901,3cf510e9-7a02-4394-b5c2-e26c307aea2a,2025-05-24 12:09:30.732965,completed,Credit Card,17.76,,0.0,,False,1278.66,1296.42
ORD-001902,3cf510e9-7a02-4394-b5c2-e26c307aea2a,2023-04-01 09:57:59.691123,completed,Google Pay,7.28,,0.0,,False,874.67,881.95
ORD-001903,3141ce8f-604b-4f18-ac8f-975b6f5d9310,2023-10-27 17:06:23.844954,completed,Credit Card,18.68,SO,14.31,,False,3849.73,3854.1
ORD-001904,d48a9527-58f5-486d-a019-f6d79f86d805,2025-05-14 18:10:35.232814,completed,Apple Pay,11.02,,0.0,,False,2548.29,2559.31
ORD-001905,6e3eb218-0667-46d6-ae56-32dd963fddb3,2024-04-12 14:59:23.741504,completed,Credit Card,9.9,,0.0,,False,290.38,300.28
ORD-001906,dfe87a60-bc9f-463f-bf82-616ef5baaa4b,2023-11-04 18:13:40.739691,cancelled,Credit Card,9.58,EVEN,25.92,Found better price,False,572.22,555.88
ORD-001907,dfe87a60-bc9f-463f-bf82-616ef5baaa4b,2024-02-19 08:25:16.054171,completed,Apple Pay,7.66,,0.0,,False,1759.13,1766.79
ORD-001908,dfe87a60-bc9f-463f-bf82-616ef5baaa4b,2025-04-18 10:02:41.827831,completed,Bank Transfer,14.57,DEMOCRAT,26.76,,False,2394.58,2382.39
ORD-001909,543aad79-5828-4f91-8742-b89929b8509f,2024-12-06 11:22:57.945942,completed,Credit Card,7.7,,0.0,,False,2612.44,2620.14
ORD-001910,543aad79-5828-4f91-8742-b89929b8509f,2024-02-19 13:04:11.871661,shipped,Apple Pay,14.18,,0.0,,False,910.68,924.86
ORD-001911,543aad79-5828-4f91-8742-b89929b8509f,2025-01-03 21:37:14.516365,completed,Bank Transfer,19.06,,0.0,,False,4899.27,4918.33
ORD-001912,543aad79-5828-4f91-8742-b89929b8509f,2023-12-24 01:36:26.041011,completed,PayPal,9.17,,0.0,,False,1109.73,1118.9
ORD-001913,d9fcb56d-1dc5-4a5a-b94a-a96363d5485d,2025-07-06 21:44:50.518430,completed,Google Pay,15.47,ROLE,18.74,,False,375.88,372.61
ORD-001914,95cb55e2-250a-4d33-9eaa-8436cfc7da81,2025-04-05 21:48:17.210076,returned,Google Pay,11.33,AUTHORITY,22.2,Delayed shipping,False,1007.6,996.73
ORD-001915,95cb55e2-250a-4d33-9eaa-8436cfc7da81,2024-12-28 16:13:09.432075,shipped,Bank Transfer,7.95,CLEARLY,13.42,,False,5459.89,5454.42
ORD-001916,95cb55e2-250a-4d33-9eaa-8436cfc7da81,2025-06-12 09:17:10.559129,completed,Credit Card,13.25,TONIGHT,13.88,,False,2599.7,2599.07
ORD-001917,fe1f74cc-0d6f-4b50-bfce-e9eed066e1d5,2025-07-05 11:18:44.440336,shipped,Bank Transfer,16.68,,0.0,,False,709.87,726.55
ORD-001918,fe1f74cc-0d6f-4b50-bfce-e9eed066e1d5,2025-07-06 07:54:45.702508,completed,Apple Pay,13.01,,0.0,,False,2008.46,2021.47
ORD-001919,fe1f74cc-0d6f-4b50-bfce-e9eed066e1d5,2025-05-21 02:34:20.416550,completed,Google Pay,12.52,,0.0,,False,172.8,185.32
ORD-001920,fcffe52e-272d-444d-a440-3b94558852fe,2024-12-02 06:54:45.211085,returned,Credit Card,6.25,,0.0,Changed mind,False,2032.14,2038.39
ORD-001921,fcffe52e-272d-444d-a440-3b94558852fe,2024-11-20 23:26:08.739900,completed,Apple Pay,18.7,,0.0,,False,2245.47,2264.17
ORD-001922,8680fb38-ce41-4267-ac45-437da2850310,2024-02-14 05:13:37.161238,cancelled,Apple Pay,6.12,COUNTRY,17.65,Delayed shipping,False,1863.2,1851.67
ORD-001923,8680fb38-ce41-4267-ac45-437da2850310,2023-10-27 15:14:21.787831,shipped,Credit Card,6.49,,0.0,,False,7766.84,7773.33
ORD-001924,8680fb38-ce41-4267-ac45-437da2850310,2024-06-19 23:28:24.479880,completed,Google Pay,15.62,,0.0,,False,324.12,339.74
ORD-001925,0aa4b17d-dfe3-4009-b637-013352613bc4,2022-11-27 15:06:18.207113,processing,PayPal,12.23,,0.0,,False,1424.0,1436.23
ORD-001926,0aa4b17d-dfe3-4009-b637-013352613bc4,2024-10-27 14:56:22.744313,completed,Google Pay,15.85,,0.0,,False,1194.79,1210.64
ORD-001927,0aa4b17d-dfe3-4009-b637-013352613bc4,2024-11-11 07:47:13.844245,completed,PayPal,17.84,,0.0,,False,819.38,837.22
ORD-001928,0aa4b17d-dfe3-4009-b637-013352613bc4,2023-12-06 01:25:35.204477,completed,Credit Card,19.35,CAN,27.96,,False,200.98,192.37
ORD-001929,0aa4b17d-dfe3-4009-b637-013352613bc4,2023-12-23 09:00:28.001656,completed,Google Pay,11.28,,0.0,,False,2395.23,2406.51
ORD-001930,4c52e17b-0176-4318-b733-a0613c882c21,2024-07-27 04:12:39.067648,shipped,Credit Card,7.67,,0.0,,False,766.55,774.22
ORD-001931,4c52e17b-0176-4318-b733-a0613c882c21,2024-12-27 23:19:22.110635,completed,PayPal,17.33,,0.0,,False,5009.37,5026.7
ORD-001932,4c52e17b-0176-4318-b733-a0613c882c21,2023-12-08 05:07:16.044155,processing,Apple Pay,7.08,,0.0,,False,3639.39,3646.47
ORD-001933,a8dbd787-6f79-45d2-b5a8-9d0b82fadc1e,2023-04-19 04:16:37.535539,completed,Credit Card,8.35,CONTROL,15.88,,False,1165.78,1158.25
ORD-001934,0d80b253-e544-4bed-82e8-4a40e9331ff5,2024-09-03 12:22:22.300197,completed,Apple Pay,18.3,,0.0,,False,5707.23,5725.53
ORD-001935,0d80b253-e544-4bed-82e8-4a40e9331ff5,2024-05-26 12:29:56.113128,processing,Bank Transfer,11.57,,0.0,,False,6503.29,6514.86
ORD-001936,d7fcb7e2-7c41-457d-a789-e41b98d0347e,2025-05-13 17:23:01.261793,shipped,Credit Card,13.39,,0.0,,False,5282.29,5295.68
ORD-001937,cc99e4a4-8330-4d63-9773-512028dc8a10,2025-03-16 22:50:57.629098,completed,Google Pay,8.64,,0.0,,False,5284.84,5293.48
ORD-001938,cc99e4a4-8330-4d63-9773-512028dc8a10,2025-06-01 20:14:14.210335,completed,Bank Transfer,13.01,PRESSURE,12.9,,False,3781.46,3781.57
ORD-001939,85ae51e2-f986-4cb4-9686-0537b95210e5,2025-06-02 11:06:48.730844,completed,Apple Pay,7.09,,0.0,,False,4061.61,4068.7
ORD-001940,85ae51e2-f986-4cb4-9686-0537b95210e5,2025-05-31 09:51:22.629543,processing,Bank Transfer,17.5,,0.0,,False,133.77,151.27
ORD-001941,85ae51e2-f986-4cb4-9686-0537b95210e5,2025-01-20 07:12:26.326152,processing,Credit Card,18.16,,0.0,,False,2408.44,2426.6
ORD-001942,ea456d04-e30b-45dc-86ba-2116f0b57505,2025-02-02 08:18:57.134508,completed,Google Pay,15.0,,0.0,,False,2771.66,2786.66
ORD-001943,ea456d04-e30b-45dc-86ba-2116f0b57505,2025-02-16 02:28:52.262496,completed,Bank Transfer,17.82,,0.0,,False,3514.96,3532.78
ORD-001944,ea456d04-e30b-45dc-86ba-2116f0b57505,2025-02-18 12:42:09.239480,completed,Bank Transfer,10.17,,0.0,,False,2625.59,2635.76
ORD-001945,ea456d04-e30b-45dc-86ba-2116f0b57505,2025-06-07 21:20:46.291405,processing,Apple Pay,6.46,NOR,19.13,,False,6479.71,6467.04
ORD-001946,e5720e1a-a339-4eec-aa0e-8f4bf070a14e,2024-12-15 14:01:27.351979,shipped,Google Pay,18.68,,0.0,,False,5689.77,5708.45
ORD-001947,883f0e6b-d56f-42d1-816d-841de817c3ba,2025-07-07 21:58:24.259296,completed,PayPal,8.46,,0.0,,False,3810.33,3818.79
ORD-001948,73a22fc6-500a-4e18-aea5-7ab2675eb5d1,2025-04-13 02:04:12.278188,completed,Google Pay,14.98,,0.0,,False,4256.72,4271.7
ORD-001949,39ea0cb0-3440-4739-918b-16c2cf483a8b,2025-04-28 14:03:33.242688,completed,Credit Card,11.54,,0.0,,False,2434.51,2446.05
ORD-001950,64238b70-39d2-4171-a991-beaf768b543b,2023-08-03 01:42:59.949097,processing,Google Pay,5.12,IMPROVE,28.3,,False,3590.72,3567.54
ORD-001951,5d895265-ddee-485d-a344-23abb2199c51,2025-02-08 01:58:35.937171,completed,Apple Pay,9.55,LAY,24.64,,False,5118.34,5103.25
ORD-001952,9fdd03bd-f136-47a9-bbec-a802fbad2678,2023-08-10 15:53:37.608920,completed,Bank Transfer,17.27,,0.0,,False,1222.26,1239.53
ORD-001953,9fdd03bd-f136-47a9-bbec-a802fbad2678,2024-06-24 01:11:19.079660,shipped,Google Pay,10.22,TASK,22.54,,False,3946.79,3934.47
ORD-001954,bf97d648-4da4-42ad-8d53-49db6b737f3b,2024-10-15 07:12:27.444508,completed,PayPal,16.69,COMPUTER,24.47,,False,1993.14,1985.36
ORD-001955,bf97d648-4da4-42ad-8d53-49db6b737f3b,2024-07-12 15:03:48.843018,completed,PayPal,16.59,,0.0,,False,4705.29,4721.88
ORD-001956,bf97d648-4da4-42ad-8d53-49db6b737f3b,2025-01-28 02:25:55.514976,completed,Bank Transfer,9.58,,0.0,,False,1718.42,1728.0
ORD-001957,9b3511e7-2216-4ba1-9336-e31e754ec747,2024-11-14 12:17:27.160395,returned,Google Pay,9.92,,0.0,Damaged,False,1557.02,1566.94
ORD-001958,9b3511e7-2216-4ba1-9336-e31e754ec747,2024-10-18 16:21:32.342365,completed,PayPal,10.04,AUDIENCE,26.29,,False,1216.14,1199.89
ORD-001959,9b3511e7-2216-4ba1-9336-e31e754ec747,2025-06-13 20:41:56.758942,cancelled,PayPal,6.39,,0.0,Delayed shipping,False,4526.4,4532.79
ORD-001960,9b3511e7-2216-4ba1-9336-e31e754ec747,2024-10-15 11:11:50.278090,completed,Google Pay,9.46,,0.0,,False,3582.41,3591.87
ORD-001961,e9e5d8d7-288d-4a17-be26-e115226324db,2025-04-22 16:57:42.530303,completed,PayPal,17.09,,0.0,,False,2448.96,2466.05
ORD-001962,a12a2c86-bea4-4dbe-baff-69c62984ad92,2025-07-07 22:25:58.556843,returned,Apple Pay,10.0,,0.0,Delayed shipping,False,3026.47,3036.47
ORD-001963,a12a2c86-bea4-4dbe-baff-69c62984ad92,2025-07-06 01:22:59.677252,completed,PayPal,12.82,,0.0,,False,2215.81,2228.63
ORD-001964,a12a2c86-bea4-4dbe-baff-69c62984ad92,2025-07-03 07:38:42.590954,completed,Credit Card,13.02,LOT,27.84,,False,885.8,870.98
ORD-001965,a12a2c86-bea4-4dbe-baff-69c62984ad92,2025-07-01 05:32:46.936792,completed,Bank Transfer,12.2,,0.0,,False,24.4,36.6
ORD-001966,e92eb3a0-f153-4f2d-bedc-02322e2b3da2,2025-01-08 18:04:26.907606,completed,PayPal,11.52,,0.0,,False,1651.98,1663.5
ORD-001967,f64d142d-97d1-4594-bd48-d8518f80e63f,2023-10-29 00:34:56.482604,returned,Credit Card,11.68,,0.0,Found better price,False,2854.9,2866.58
ORD-001968,f64d142d-97d1-4594-bd48-d8518f80e63f,2023-06-29 14:52:27.211619,completed,Apple Pay,16.76,LOCAL,17.8,,False,241.94,240.9
ORD-001969,79cbaad7-e465-42f5-afce-5eb8608d6525,2025-06-10 16:03:59.393058,completed,Apple Pay,12.18,OWN,26.73,,False,3223.73,3209.18
ORD-001970,836300eb-ccb8-4388-acf1-879f307e7bfb,2024-06-03 13:17:50.436233,returned,Google Pay,5.98,,0.0,Changed mind,False,3390.56,3396.54
ORD-001971,836300eb-ccb8-4388-acf1-879f307e7bfb,2025-07-01 02:05:02.975477,completed,Apple Pay,18.33,,0.0,,False,2534.68,2553.01
ORD-001972,c4398d9d-21cd-4c66-b6bc-8782b52fad9c,2025-06-01 10:08:18.551392,completed,Credit Card,6.68,,0.0,,False,7233.53,7240.21
ORD-001973,c4398d9d-21cd-4c66-b6bc-8782b52fad9c,2024-12-22 07:54:23.470803,completed,Google Pay,6.27,,0.0,,False,4243.95,4250.22
ORD-001974,c4398d9d-21cd-4c66-b6bc-8782b52fad9c,2024-08-12 14:51:42.891311,completed,Google Pay,19.09,,0.0,,False,6114.85,6133.94
ORD-001975,c4398d9d-21cd-4c66-b6bc-8782b52fad9c,2025-04-07 23:19:17.994846,shipped,Google Pay,15.65,,0.0,,False,5696.52,5712.17
ORD-001976,c4398d9d-21cd-4c66-b6bc-8782b52fad9c,2025-06-21 13:35:50.807127,completed,Credit Card,15.97,,0.0,,False,653.05,669.02
ORD-001977,7e1f19a9-5964-4c2d-a42b-0884f34df144,2025-04-22 17:43:10.227504,completed,Apple Pay,13.11,,0.0,,False,3136.78,3149.89
ORD-001978,7e1f19a9-5964-4c2d-a42b-0884f34df144,2024-02-14 05:56:37.313299,completed,PayPal,17.16,,0.0,,False,1816.13,1833.29
ORD-001979,afc1acb7-26df-469a-bda7-87f87dfadc9f,2025-06-17 17:50:25.171201,processing,Google Pay,10.87,,0.0,,False,19.91,30.78
ORD-001980,34ebbfff-5ba8-4c46-9e51-075876ff3407,2025-06-22 06:39:04.880110,completed,Apple Pay,14.57,OPTION,17.57,,False,6736.08,6733.08
ORD-001981,34ebbfff-5ba8-4c46-9e51-075876ff3407,2025-06-29 05:51:48.890705,completed,Google Pay,6.2,,0.0,,False,3979.1,3985.3
ORD-001982,e1bd912a-a3e7-4b3e-b59e-32aa1ab2ff93,2025-03-29 18:57:30.069215,completed,PayPal,18.0,,0.0,,False,4373.96,4391.96
ORD-001983,e1bd912a-a3e7-4b3e-b59e-32aa1ab2ff93,2025-02-28 04:00:40.901134,returned,Credit Card,13.78,ON,24.73,Delayed shipping,False,851.25,840.3
ORD-001984,dac07666-0336-42d8-bf02-926c8909b00d,2025-07-04 18:28:47.906019,completed,Apple Pay,9.7,,0.0,,False,912.36,922.06
ORD-001985,dac07666-0336-42d8-bf02-926c8909b00d,2024-09-29 16:12:13.016549,returned,Credit Card,16.24,,0.0,Found better price,False,1661.43,1677.67
ORD-001986,64ebf75d-6cda-405a-ab9f-9ef4ac3bccba,2024-03-18 20:17:12.627576,completed,Apple Pay,13.64,,0.0,,False,383.44,397.08
ORD-001987,ad90cd0a-26b8-4e10-9a76-f95c045ce042,2024-05-31 23:30:15.375578,processing,Bank Transfer,17.86,ALONE,19.34,,False,2889.55,2888.07
ORD-001988,ad90cd0a-26b8-4e10-9a76-f95c045ce042,2024-11-21 02:10:28.330087,completed,Credit Card,15.35,,0.0,,False,4125.75,4141.1
ORD-001989,ad90cd0a-26b8-4e10-9a76-f95c045ce042,2024-06-15 02:00:21.918159,completed,Google Pay,11.01,,0.0,,False,4244.2,4255.21
ORD-001990,ad90cd0a-26b8-4e10-9a76-f95c045ce042,2023-04-21 01:42:58.570453,processing,Bank Transfer,13.53,NOT,11.05,,False,7339.1,7341.58
ORD-001991,ad90cd0a-26b8-4e10-9a76-f95c045ce042,2024-12-29 18:29:29.192323,shipped,Credit Card,11.76,FINALLY,21.27,,False,2956.46,2946.95
ORD-001992,5cda2ed0-d4b6-4dcc-b499-aedc44420b69,2023-03-17 15:51:15.079821,completed,Credit Card,9.35,,0.0,,False,1798.09,1807.44
ORD-001993,90239398-cc26-418b-8991-b9eb65e54924,2025-05-11 00:33:57.333696,completed,PayPal,11.33,,0.0,,False,3991.83,4003.16
ORD-001994,1a9c3452-589a-48dc-bb53-8154fc169c9b,2025-06-14 03:21:31.792661,completed,Apple Pay,17.26,,0.0,,False,576.57,593.83
ORD-001995,1a9c3452-589a-48dc-bb53-8154fc169c9b,2025-02-23 10:22:08.476458,completed,PayPal,14.35,,0.0,,False,4781.24,4795.59
ORD-001996,1a9c3452-589a-48dc-bb53-8154fc169c9b,2025-07-08 02:26:59.090737,completed,PayPal,11.14,SAFE,29.38,,False,551.59,533.35
ORD-001997,d99730bd-4250-4d55-90d5-f67342c95af8,2023-05-04 09:51:04.292645,completed,PayPal,13.4,HUNDRED,17.26,,False,694.74,690.88
ORD-001998,d99730bd-4250-4d55-90d5-f67342c95af8,2025-07-07 23:23:20.265523,processing,Google Pay,11.33,,0.0,,False,5142.73,5154.06
ORD-001999,d99730bd-4250-4d55-90d5-f67342c95af8,2023-05-28 10:41:42.317902,completed,Credit Card,18.9,,0.0,,False,2641.71,2660.61
ORD-002000,d99730bd-4250-4d55-90d5-f67342c95af8,2025-01-28 10:03:12.102292,completed,Google Pay,7.6,,0.0,,False,3181.04,3188.64
ORD-002001,ab204112-2426-4c77-a9ae-ef7f91838fee,2025-06-24 10:56:18.281316,completed,Credit Card,15.6,,0.0,,False,3419.38,3434.98
ORD-002002,ab204112-2426-4c77-a9ae-ef7f91838fee,2025-06-19 17:30:48.406287,completed,Apple Pay,8.99,HIMSELF,21.05,,False,2815.55,2803.49
ORD-002003,ab204112-2426-4c77-a9ae-ef7f91838fee,2023-08-01 12:52:39.165830,completed,Credit Card,16.48,FOOT,12.63,,False,1312.11,1315.96
ORD-002004,ab204112-2426-4c77-a9ae-ef7f91838fee,2024-12-20 21:22:24.941294,processing,Google Pay,12.61,INVESTMENT,16.75,,False,3407.28,3403.14
ORD-002005,20ca0e28-a34e-4729-96c5-598bc399e1e6,2023-06-03 11:57:42.618910,completed,Google Pay,11.74,,0.0,,False,696.91,708.65
ORD-002006,c53ca227-e65d-4cfa-8210-a96310af8fd6,2025-06-26 08:49:54.238399,completed,Google Pay,14.08,,0.0,,False,1473.9,1487.98
ORD-002007,af168398-7a97-43ff-a605-3e832a08be6e,2024-09-12 06:06:56.901043,cancelled,Apple Pay,17.39,,0.0,Changed mind,False,997.15,1014.54
ORD-002008,af168398-7a97-43ff-a605-3e832a08be6e,2025-03-02 08:25:35.715903,cancelled,PayPal,10.94,,0.0,Changed mind,False,980.9,991.84
ORD-002009,34664847-c76f-4407-8348-26e127cbc47d,2025-06-01 15:26:34.358532,completed,PayPal,7.56,,0.0,,False,2506.02,2513.58
ORD-002010,739b4a82-78f0-4892-96cf-d4d878be262f,2025-07-05 16:49:36.708342,processing,Google Pay,14.79,,0.0,,False,646.56,661.35
ORD-002011,1f638406-be5a-43be-a2f0-6d3a9afff93b,2024-06-24 00:35:08.643890,completed,Apple Pay,5.85,,0.0,,False,5684.71,5690.56
ORD-002012,c385114d-ed80-4a67-ab61-8e43ee16a814,2025-04-16 08:16:47.685639,completed,Google Pay,14.32,,0.0,,False,2080.55,2094.87
ORD-002013,c385114d-ed80-4a67-ab61-8e43ee16a814,2024-07-15 13:24:03.123564,processing,Bank Transfer,11.98,,0.0,,False,3580.08,3592.06
ORD-002014,c385114d-ed80-4a67-ab61-8e43ee16a814,2024-02-16 07:44:17.392338,completed,Apple Pay,17.63,,0.0,,False,1340.54,1358.17
ORD-002015,c385114d-ed80-4a67-ab61-8e43ee16a814,2024-05-21 07:20:54.183053,completed,PayPal,8.21,,0.0,,False,1952.97,1961.18
ORD-002016,c385114d-ed80-4a67-ab61-8e43ee16a814,2024-06-29 09:44:07.546967,completed,Apple Pay,5.77,VIEW,14.56,,False,3163.3,3154.51
ORD-002017,0e851623-f64b-4fc6-a598-223f64b86df6,2024-05-15 22:32:38.474968,completed,Credit Card,14.79,PART,28.25,,False,242.22,228.76
ORD-002018,0e851623-f64b-4fc6-a598-223f64b86df6,2024-06-27 06:39:00.052708,shipped,PayPal,16.69,SUCH,27.33,,False,6578.62,6567.98
ORD-002019,0e851623-f64b-4fc6-a598-223f64b86df6,2024-04-24 11:39:01.909162,completed,Bank Transfer,10.08,,0.0,,False,2352.99,2363.07
ORD-002020,3c3f3c0a-aa3f-45dc-951b-ede7e43acb08,2025-05-03 06:33:37.832398,completed,PayPal,13.45,FOREIGN,24.96,,False,2954.89,2943.38
ORD-002021,3c3f3c0a-aa3f-45dc-951b-ede7e43acb08,2025-06-27 15:57:05.597608,completed,Google Pay,5.52,,0.0,,False,1697.45,1702.97
ORD-002022,3c3f3c0a-aa3f-45dc-951b-ede7e43acb08,2025-06-07 07:18:22.805597,processing,Credit Card,13.5,,0.0,,False,3127.26,3140.76
ORD-002023,3c3f3c0a-aa3f-45dc-951b-ede7e43acb08,2025-06-06 16:22:16.839329,processing,Google Pay,18.83,,0.0,,False,2349.39,2368.22
ORD-002024,fda10580-50e6-4c2d-904d-361a827e433e,2025-05-22 13:29:57.865462,completed,Credit Card,5.09,TASK,11.12,,False,381.77,375.74
ORD-002025,1b1626dc-a9c6-417b-89ff-d516980c3ffc,2025-06-16 01:15:09.671677,completed,Google Pay,16.39,WORRY,24.66,,False,156.67,148.4
ORD-002026,c4b82320-0ff8-4c50-9e08-cd916f4f6738,2024-05-19 08:11:29.500656,shipped,Credit Card,5.23,,0.0,,False,2516.12,2521.35
ORD-002027,1e2309a7-8505-4cbd-870f-ddf2ef5b1e7d,2025-02-24 16:59:58.031972,completed,PayPal,15.99,,0.0,,False,72.09,88.08
ORD-002028,95069238-3f23-40c1-96e2-fa9ad1eb153a,2023-07-29 13:59:41.997557,completed,Apple Pay,16.13,,0.0,,False,3682.21,3698.34
ORD-002029,92b78c6e-8f4e-41bf-9332-bb533a41631b,2025-03-19 20:36:30.547175,completed,Bank Transfer,6.42,,0.0,,False,1769.87,1776.29
ORD-002030,92b78c6e-8f4e-41bf-9332-bb533a41631b,2025-01-15 17:37:23.523100,completed,Credit Card,15.16,WANT,13.62,,False,886.15,887.69
ORD-002031,2fe22bec-ab2f-4345-9ee4-eacff0454363,2024-09-24 13:17:25.832078,completed,Bank Transfer,13.62,WORD,28.88,,False,2318.04,2302.78
ORD-002032,69efc51c-00ce-4dea-8976-1741ffe5ce62,2024-11-09 18:43:49.558042,completed,Google Pay,14.1,,0.0,,False,2900.21,2914.31
ORD-002033,69efc51c-00ce-4dea-8976-1741ffe5ce62,2025-06-18 08:36:55.899822,completed,Credit Card,10.69,KITCHEN,5.24,,False,6309.37,6314.82
ORD-002034,fa98e217-cb5a-40bc-bc2b-ade5b2bdd225,2023-05-01 12:36:41.209475,completed,Apple Pay,6.64,GOAL,12.29,,False,2352.75,2347.1
ORD-002035,fa98e217-cb5a-40bc-bc2b-ade5b2bdd225,2023-10-03 16:14:50.420872,cancelled,Google Pay,19.43,,0.0,Found better price,False,1772.48,1791.91
ORD-002036,fa98e217-cb5a-40bc-bc2b-ade5b2bdd225,2023-03-26 11:23:22.581289,processing,Bank Transfer,12.65,AUTHORITY,28.61,,False,2172.45,2156.49
ORD-002037,fa98e217-cb5a-40bc-bc2b-ade5b2bdd225,2023-05-02 17:06:26.256549,processing,PayPal,8.36,,0.0,,False,2357.26,2365.62
ORD-002038,fa98e217-cb5a-40bc-bc2b-ade5b2bdd225,2025-05-21 00:23:30.050489,returned,Credit Card,15.9,,0.0,Damaged,False,635.15,651.05
ORD-002039,fa98e217-cb5a-40bc-bc2b-ade5b2bdd225,2023-02-12 03:23:13.807682,completed,Google Pay,8.12,VOTE,6.52,,False,1237.68,1239.28
ORD-002040,fa98e217-cb5a-40bc-bc2b-ade5b2bdd225,2024-04-03 21:23:13.750450,shipped,Bank Transfer,8.73,MANAGER,22.86,,False,2188.98,2174.85
ORD-002041,ee1efa26-3174-4d10-b67c-2f61726db276,2025-04-24 22:50:47.532605,completed,Google Pay,13.52,INTO,11.3,,False,2260.37,2262.59
ORD-002042,ee1efa26-3174-4d10-b67c-2f61726db276,2025-01-09 21:51:13.579687,completed,Google Pay,12.42,,0.0,,False,5347.61,5360.03
ORD-002043,d3e431ef-115b-4c67-8722-41ab6044c897,2024-05-23 20:34:25.819844,completed,Google Pay,10.05,,0.0,,False,56.31,66.36
ORD-002044,d3e431ef-115b-4c67-8722-41ab6044c897,2024-11-22 05:50:43.342531,completed,Apple Pay,20.0,,0.0,,False,853.98,873.98
ORD-002045,d3e431ef-115b-4c67-8722-41ab6044c897,2024-11-05 16:14:45.351746,processing,Credit Card,13.95,,0.0,,False,3835.89,3849.84
ORD-002046,1a57d3da-3788-441d-96ec-cbd6e6737af1,2025-06-09 14:59:30.217532,completed,Credit Card,6.44,,0.0,,False,2047.79,2054.23
ORD-002047,56b04a10-b3d9-4e50-bdd9-d672fc379797,2024-07-26 19:55:51.374815,completed,Bank Transfer,12.52,,0.0,,False,4537.14,4549.66
ORD-002048,56b04a10-b3d9-4e50-bdd9-d672fc379797,2024-08-28 11:17:51.205668,completed,Bank Transfer,10.45,,0.0,,False,2191.81,2202.26
ORD-002049,18a6cd0f-9748-4a56-a7eb-61be51f8911f,2024-11-25 23:00:13.567681,completed,Credit Card,10.63,,0.0,,False,4099.71,4110.34
ORD-002050,18a6cd0f-9748-4a56-a7eb-61be51f8911f,2024-10-06 03:19:03.587393,processing,Apple Pay,7.07,,0.0,,False,450.8,457.87
ORD-002051,dc75584e-fc2a-4897-9ad4-bd07e6680f81,2025-04-13 10:58:29.761334,cancelled,PayPal,13.09,PROFESSOR,17.67,Wrong item,False,4286.91,4282.33
ORD-002052,dc75584e-fc2a-4897-9ad4-bd07e6680f81,2025-03-09 05:11:00.362038,completed,Bank Transfer,16.51,,0.0,,False,815.79,832.3
ORD-002053,dc75584e-fc2a-4897-9ad4-bd07e6680f81,2024-07-30 21:14:03.958504,processing,Bank Transfer,18.31,,0.0,,False,1152.14,1170.45
ORD-002054,1e1bc37f-2103-40b3-a1e3-914902a1aeb1,2024-11-07 18:33:37.522176,completed,PayPal,7.4,,0.0,,False,1519.31,1526.71
ORD-002055,eb8f6665-6844-431c-99d8-453885d9dc8f,2023-09-15 08:09:13.027454,completed,Bank Transfer,16.57,,0.0,,False,9752.44,9769.01
ORD-002056,eb8f6665-6844-431c-99d8-453885d9dc8f,2024-12-21 22:06:07.953508,completed,Apple Pay,10.19,TERM,21.64,,False,3422.24,3410.79
ORD-002057,eb8f6665-6844-431c-99d8-453885d9dc8f,2025-03-27 11:04:25.812257,shipped,Apple Pay,5.35,MR,19.04,,False,2242.79,2229.1
ORD-002058,eb8f6665-6844-431c-99d8-453885d9dc8f,2023-12-09 05:34:33.737523,processing,Google Pay,19.85,,0.0,,False,1753.06,1772.91
ORD-002059,ede87317-2cfa-41e2-a1f1-4c6fb8aa75a1,2024-03-23 23:09:32.903488,shipped,Google Pay,5.44,,0.0,,False,4973.29,4978.73
ORD-002060,ede87317-2cfa-41e2-a1f1-4c6fb8aa75a1,2024-10-27 21:25:19.276896,completed,Credit Card,16.31,,0.0,,False,1890.26,1906.57
ORD-002061,ede87317-2cfa-41e2-a1f1-4c6fb8aa75a1,2025-03-31 04:53:18.995818,processing,Apple Pay,18.41,,0.0,,False,3901.26,3919.67
ORD-002062,fccd5771-c489-4097-a5b8-9db2b1093507,2024-10-26 11:44:54.976043,completed,Google Pay,5.1,,0.0,,False,2223.37,2228.47
ORD-002063,fccd5771-c489-4097-a5b8-9db2b1093507,2025-01-26 20:18:10.511794,completed,Google Pay,10.25,,0.0,,False,832.62,842.87
ORD-002064,fccd5771-c489-4097-a5b8-9db2b1093507,2025-04-04 09:01:03.471503,returned,Credit Card,13.02,MIND,12.95,Changed mind,False,799.74,799.81
ORD-002065,2b3e561f-7572-4b86-80dc-df6df29c7954,2024-06-10 20:15:03.531976,completed,Bank Transfer,17.39,,0.0,,False,950.81,968.2
ORD-002066,2b3e561f-7572-4b86-80dc-df6df29c7954,2023-04-13 21:21:21.764410,completed,Apple Pay,17.71,,0.0,,False,3910.37,3928.08
ORD-002067,2b3e561f-7572-4b86-80dc-df6df29c7954,2023-08-23 13:44:56.452898,completed,Google Pay,14.32,,0.0,,False,3961.07,3975.39
ORD-002068,2b3e561f-7572-4b86-80dc-df6df29c7954,2024-09-22 11:05:10.568686,completed,Credit Card,13.67,,0.0,,False,1511.12,1524.79
ORD-002069,2b3e561f-7572-4b86-80dc-df6df29c7954,2023-08-07 11:25:39.509531,completed,PayPal,12.25,,0.0,,False,1812.96,1825.21
ORD-002070,2b3e561f-7572-4b86-80dc-df6df29c7954,2024-05-24 15:56:30.191253,completed,Credit Card,9.61,,0.0,,False,4270.96,4280.57
ORD-002071,2b3e561f-7572-4b86-80dc-df6df29c7954,2023-12-17 07:09:35.558617,completed,Apple Pay,11.49,INTERVIEW,23.46,,False,1661.73,1649.76
ORD-002072,e4e56d7f-dce7-49bf-a56a-0367ff68f83d,2025-06-26 20:23:36.097203,completed,Bank Transfer,14.9,ITS,12.08,,False,228.83,231.65
ORD-002073,e4e56d7f-dce7-49bf-a56a-0367ff68f83d,2025-05-29 08:08:10.652133,completed,Apple Pay,15.65,,0.0,,False,4685.67,4701.32
ORD-002074,e4e56d7f-dce7-49bf-a56a-0367ff68f83d,2024-08-20 06:01:42.971580,completed,Apple Pay,8.74,,0.0,,False,4360.53,4369.27
ORD-002075,187bf10e-5668-4ea0-b636-32ae6d334057,2024-01-09 22:13:06.995600,shipped,Apple Pay,15.86,,0.0,,False,4707.37,4723.23
ORD-002076,187bf10e-5668-4ea0-b636-32ae6d334057,2025-03-26 04:28:02.442734,completed,Apple Pay,17.99,CAPITAL,26.17,,False,41.48,33.3
ORD-002077,187bf10e-5668-4ea0-b636-32ae6d334057,2024-12-07 17:14:31.311114,completed,Bank Transfer,7.41,,0.0,,False,2586.84,2594.25
ORD-002078,187bf10e-5668-4ea0-b636-32ae6d334057,2024-01-14 06:20:00.167689,completed,Apple Pay,17.95,POINT,15.04,,False,3886.14,3889.05
ORD-002079,187bf10e-5668-4ea0-b636-32ae6d334057,2024-07-08 15:32:28.473453,completed,Google Pay,6.51,,0.0,,False,3006.01,3012.52
ORD-002080,dc33d710-f675-4479-ad97-4391266a1722,2025-07-02 04:57:57.126139,completed,Credit Card,13.88,,0.0,,False,210.91,224.79
ORD-002081,dc33d710-f675-4479-ad97-4391266a1722,2025-01-14 12:03:36.728778,completed,Apple Pay,9.14,,0.0,,False,3975.46,3984.6
ORD-002082,dc33d710-f675-4479-ad97-4391266a1722,2024-11-12 07:17:17.232450,completed,Credit Card,8.61,,0.0,,False,6743.02,6751.63
ORD-002083,5b4cf71e-7a89-41bb-b238-959ebbbf5dc6,2023-07-09 11:04:28.060164,cancelled,Apple Pay,14.46,,0.0,Damaged,False,4235.38,4249.84
ORD-002084,5b4cf71e-7a89-41bb-b238-959ebbbf5dc6,2023-03-09 12:25:49.865725,completed,Google Pay,19.86,,0.0,,False,2568.49,2588.35
ORD-002085,190ea72f-60be-4632-9e7e-e95d870e6b16,2023-05-23 02:48:15.020413,completed,Credit Card,12.86,,0.0,,False,637.02,649.88
ORD-002086,190ea72f-60be-4632-9e7e-e95d870e6b16,2024-07-31 07:21:21.828133,completed,Credit Card,8.09,,0.0,,False,2720.45,2728.54
ORD-002087,2778d4b5-b505-4b7e-8a0a-306cfacbf774,2023-04-08 16:59:02.344826,completed,PayPal,12.09,REMAIN,18.21,,False,5671.66,5665.54
ORD-002088,ce522b75-bbbd-4168-84cf-126c042f51b5,2024-01-16 08:40:44.464543,processing,PayPal,12.02,,0.0,,False,764.86,776.88
ORD-002089,ce522b75-bbbd-4168-84cf-126c042f51b5,2024-12-13 06:57:49.436909,completed,Apple Pay,15.35,DURING,20.39,,False,2489.49,2484.45
ORD-002090,ce522b75-bbbd-4168-84cf-126c042f51b5,2025-07-07 09:57:21.402551,processing,Bank Transfer,16.37,,0.0,,False,4534.52,4550.89
ORD-002091,fd182fea-c3c1-4558-a563-14295eb03025,2025-01-18 13:10:52.108371,completed,Credit Card,18.17,,0.0,,False,375.55,393.72
ORD-002092,22cf7207-ac63-46f6-9b8a-1a4d0a2cd956,2025-02-08 01:38:09.406790,cancelled,Apple Pay,9.3,RETURN,23.07,Found better price,False,6421.9,6408.13
ORD-002093,73e24bdd-1003-426e-9029-fdd993b3735d,2023-12-15 02:31:26.937086,completed,Google Pay,7.91,,0.0,,False,1511.87,1519.78
ORD-002094,0622ebb9-aac6-478a-8565-8bfb363eb695,2025-06-01 23:09:11.757142,shipped,PayPal,6.82,,0.0,,False,5017.25,5024.07
ORD-002095,0622ebb9-aac6-478a-8565-8bfb363eb695,2023-06-04 15:42:01.044511,completed,Google Pay,10.83,,0.0,,False,3270.11,3280.94
ORD-002096,83e04e7b-18b2-4698-86f3-7f5b37f8f478,2023-04-14 20:25:54.040862,completed,Bank Transfer,18.72,,0.0,,False,1827.96,1846.68
ORD-002097,83e04e7b-18b2-4698-86f3-7f5b37f8f478,2023-01-03 21:37:24.394500,completed,Apple Pay,11.1,DEVELOP,8.63,,False,278.14,280.61
ORD-002098,3855df52-7acf-427d-af34-15a19deee17f,2025-03-07 22:35:42.475169,cancelled,Bank Transfer,5.14,THEMSELVES,6.16,Found better price,False,4008.34,4007.32
ORD-002099,03697121-9426-4aed-8ab1-90257ccb06bd,2024-12-15 12:47:58.365934,completed,PayPal,13.67,JOB,26.38,,False,1939.57,1926.86
ORD-002100,03697121-9426-4aed-8ab1-90257ccb06bd,2023-11-13 10:56:56.050468,completed,Google Pay,9.75,DESIGN,8.68,,False,4450.63,4451.7
ORD-002101,03697121-9426-4aed-8ab1-90257ccb06bd,2024-06-30 05:19:59.395233,shipped,PayPal,10.82,CHOICE,22.82,,False,3276.97,3264.97
ORD-002102,be1a76a7-06f6-411f-b570-029c11c85ac9,2024-12-03 18:30:06.067416,cancelled,Apple Pay,8.49,,0.0,Changed mind,False,221.78,230.27
ORD-002103,5bf9e8fc-e4b3-4aa2-b9ac-8506fce8fe5e,2025-03-23 07:50:43.207429,completed,Google Pay,17.3,,0.0,,False,1652.49,1669.79
ORD-002104,68f83d9c-008a-4977-8001-18cd53bd0147,2025-03-12 04:20:07.686801,completed,Google Pay,17.83,GARDEN,16.81,,False,3634.8,3635.82
ORD-002105,68f83d9c-008a-4977-8001-18cd53bd0147,2025-06-18 04:29:42.129677,completed,Bank Transfer,13.88,,0.0,,False,5639.16,5653.04
ORD-002106,68f83d9c-008a-4977-8001-18cd53bd0147,2023-12-25 07:00:40.351547,completed,Bank Transfer,15.07,,0.0,,False,747.62,762.69
ORD-002107,64ea7ff6-a52d-4bcd-b765-959e143a3ff4,2025-06-03 00:55:13.230382,completed,Bank Transfer,16.8,,0.0,,False,1662.07,1678.87
ORD-002108,64ea7ff6-a52d-4bcd-b765-959e143a3ff4,2025-05-15 22:39:30.280341,completed,Credit Card,11.62,RECORD,10.09,,False,6548.32,6549.85
ORD-002109,85be04fd-a743-4093-832e-bdd13edbe637,2023-12-07 09:04:32.819339,completed,Bank Transfer,5.92,PROVE,12.95,,False,1931.67,1924.64
ORD-002110,13aeba1c-7924-448d-a52d-b4db225a5345,2025-07-03 23:47:19.581376,completed,Google Pay,9.45,IMPROVE,12.54,,False,3587.77,3584.68
ORD-002111,13aeba1c-7924-448d-a52d-b4db225a5345,2025-07-05 03:29:08.903921,cancelled,PayPal,9.98,,0.0,Wrong item,False,3946.33,3956.31
ORD-002112,13aeba1c-7924-448d-a52d-b4db225a5345,2025-07-08 00:32:36.452979,processing,Credit Card,11.73,,0.0,,False,1869.34,1881.07
ORD-002113,b10d27c1-7c91-46bb-b484-b11ead438472,2025-02-10 09:22:11.484871,processing,Credit Card,7.16,,0.0,,False,1368.23,1375.39
ORD-002114,b10d27c1-7c91-46bb-b484-b11ead438472,2024-07-20 15:38:14.645578,shipped,Apple Pay,11.01,,0.0,,False,1967.72,1978.73
ORD-002115,738464aa-66a2-4286-afca-fdb77b77713a,2024-11-26 16:01:01.708557,completed,Credit Card,11.47,,0.0,,False,1397.2,1408.67
ORD-002116,867fdd3c-eca1-4759-a777-a6cf1dcdb45a,2025-06-13 04:40:04.054046,completed,Bank Transfer,13.87,LEAVE,6.44,,False,3131.17,3138.6
ORD-002117,867fdd3c-eca1-4759-a777-a6cf1dcdb45a,2024-03-17 21:34:18.476485,completed,Bank Transfer,19.15,,0.0,,False,1530.1,1549.25
ORD-002118,91630892-8cc1-42e7-ad81-b72629bc5d81,2024-07-16 12:38:03.288602,completed,Bank Transfer,19.35,,0.0,,False,3293.65,3313.0
ORD-002119,91630892-8cc1-42e7-ad81-b72629bc5d81,2024-12-28 12:57:25.019328,completed,Apple Pay,5.87,,0.0,,False,3425.15,3431.02
ORD-002120,cc10f092-c5ab-466d-a6dc-4043abde2433,2023-12-22 15:32:49.459788,completed,PayPal,16.72,VISIT,26.13,,False,3769.38,3759.97
ORD-002121,cc10f092-c5ab-466d-a6dc-4043abde2433,2025-03-30 19:03:14.609159,processing,Google Pay,7.64,,0.0,,False,1061.72,1069.36
ORD-002122,cc10f092-c5ab-466d-a6dc-4043abde2433,2025-02-07 11:43:55.263525,completed,Bank Transfer,17.45,,0.0,,False,3247.84,3265.29
ORD-002123,39901905-a7d8-4b04-8b7b-867dfbb8b1ab,2025-07-03 08:49:15.402712,completed,Bank Transfer,18.25,,0.0,,False,1905.79,1924.04
ORD-002124,39901905-a7d8-4b04-8b7b-867dfbb8b1ab,2025-06-29 17:51:31.465628,processing,Google Pay,7.64,BRING,15.62,,False,2593.12,2585.14
ORD-002125,39901905-a7d8-4b04-8b7b-867dfbb8b1ab,2025-07-07 09:42:39.506537,shipped,Apple Pay,19.69,CHANCE,21.97,,False,1343.19,1340.91
ORD-002126,39901905-a7d8-4b04-8b7b-867dfbb8b1ab,2025-06-30 15:27:44.824350,completed,Bank Transfer,11.76,,0.0,,False,45.18,56.94
ORD-002127,39901905-a7d8-4b04-8b7b-867dfbb8b1ab,2025-06-29 10:35:28.269977,completed,Credit Card,6.21,,0.0,,False,1762.96,1769.17
ORD-002128,e54d172d-cdbe-41a1-a5a4-49ad72e33557,2024-12-12 21:28:48.337090,processing,Apple Pay,11.2,,0.0,,False,2329.59,2340.79
ORD-002129,e54d172d-cdbe-41a1-a5a4-49ad72e33557,2024-03-21 15:46:40.603761,completed,Bank Transfer,9.18,,0.0,,False,2709.4,2718.58
ORD-002130,6df8fd2a-260d-47f1-b0df-a85f49d566e0,2025-04-03 14:04:00.003239,completed,Credit Card,5.49,,0.0,,False,3304.29,3309.78
ORD-002131,09df2fb7-3cff-4c20-ac97-11af452fda8f,2023-07-10 22:50:40.997803,completed,Apple Pay,13.25,LOOK,20.09,,False,4255.88,4249.04
ORD-002132,09df2fb7-3cff-4c20-ac97-11af452fda8f,2024-02-16 06:08:50.548385,returned,Google Pay,10.81,,0.0,Wrong item,False,1533.56,1544.37
ORD-002133,64c7fb56-38b8-42fe-b99e-c9200b846f40,2025-07-08 07:43:25.534257,cancelled,Google Pay,13.45,,0.0,Wrong item,False,1193.2,1206.65
ORD-002134,39ed7444-867b-4967-887a-3f649644c95f,2024-10-11 11:21:48.565040,shipped,PayPal,9.97,RISE,26.58,,False,7317.87,7301.26
ORD-002135,39ed7444-867b-4967-887a-3f649644c95f,2025-05-02 22:05:38.003427,completed,Credit Card,5.01,,0.0,,False,4890.49,4895.5
ORD-002136,1782b7e7-7027-49ca-afbb-29959cd66b9f,2025-01-25 05:58:38.379003,cancelled,Apple Pay,13.18,,0.0,Changed mind,False,2219.04,2232.22
ORD-002137,1782b7e7-7027-49ca-afbb-29959cd66b9f,2025-06-01 08:28:59.562918,cancelled,Credit Card,17.67,,0.0,Wrong item,False,2327.68,2345.35
ORD-002138,1782b7e7-7027-49ca-afbb-29959cd66b9f,2023-06-21 08:15:15.581717,completed,Credit Card,19.17,,0.0,,False,2071.57,2090.74
ORD-002139,6deee6ef-b8a2-4375-b532-d8271d9fed9a,2025-03-18 23:13:51.650498,shipped,Credit Card,18.71,,0.0,,False,875.75,894.46
ORD-002140,a72b60e3-f51f-4b2b-918f-e0028d750be6,2025-04-14 21:22:33.414779,completed,Google Pay,7.6,,0.0,,False,231.05,238.65
ORD-002141,a72b60e3-f51f-4b2b-918f-e0028d750be6,2025-02-27 21:10:26.834216,cancelled,PayPal,18.59,,0.0,Changed mind,False,3375.58,3394.17
ORD-002142,37be79b0-3c73-49de-a47a-e875779f1959,2025-01-20 02:10:04.612398,shipped,Google Pay,16.94,,0.0,,False,1070.33,1087.27
ORD-002143,be774f95-df76-4ec9-8b04-02c6d18be137,2024-07-25 06:57:29.672987,completed,Bank Transfer,13.71,,0.0,,False,3369.29,3383.0
ORD-002144,be774f95-df76-4ec9-8b04-02c6d18be137,2023-11-12 07:06:37.534407,completed,Apple Pay,7.45,,0.0,,False,2219.82,2227.27
